2026-06-01 11:55:11,388 | ERROR | __main__ | Fatal error while running bot
Traceback (most recent call last):
  File "/media/icarus112/SharedUbuntuWin/python/projects/VisitAI/.venv/lib/python3.12/site-packages/aiohttp/connector.py", line 1574, in _create_direct_connection
    hosts = await self._resolve_host(host, port, traces=traces)
            ^^^^^^^^^^^^^^^^^^^^^^^^^^^^^^^^^^^^^^^^^^^^^^^^^^^
  File "/media/icarus112/SharedUbuntuWin/python/projects/VisitAI/.venv/lib/python3.12/site-packages/aiohttp/connector.py", line 1190, in _resolve_host
    return await asyncio.shield(resolved_host_task)
           ^^^^^^^^^^^^^^^^^^^^^^^^^^^^^^^^^^^^^^^^
  File "/media/icarus112/SharedUbuntuWin/python/projects/VisitAI/.venv/lib/python3.12/site-packages/aiohttp/connector.py", line 1221, in _resolve_host_with_throttle
    addrs = await self._resolver.resolve(host, port, family=self._family)
            ^^^^^^^^^^^^^^^^^^^^^^^^^^^^^^^^^^^^^^^^^^^^^^^^^^^^^^^^^^^^^
  File "/media/icarus112/SharedUbuntuWin/python/projects/VisitAI/.venv/lib/python3.12/site-packages/aiohttp/resolver.py", line 40, in resolve
    infos = await self._loop.getaddrinfo(
            ^^^^^^^^^^^^^^^^^^^^^^^^^^^^^
  File "/usr/lib/python3.12/asyncio/base_events.py", line 901, in getaddrinfo
    return await self.run_in_executor(
           ^^^^^^^^^^^^^^^^^^^^^^^^^^^
  File "/usr/lib/python3.12/concurrent/futures/thread.py", line 58, in run
    result = self.fn(*self.args, **self.kwargs)
             ^^^^^^^^^^^^^^^^^^^^^^^^^^^^^^^^^^
  File "/usr/lib/python3.12/socket.py", line 963, in getaddrinfo
    for res in _socket.getaddrinfo(host, port, family, type, proto, flags):
               ^^^^^^^^^^^^^^^^^^^^^^^^^^^^^^^^^^^^^^^^^^^^^^^^^^^^^^^^^^^
socket.gaierror: [Errno -5] No address associated with hostname

The above exception was the direct cause of the following exception:

Traceback (most recent call last):
  File "/media/icarus112/SharedUbuntuWin/python/projects/VisitAI/.venv/lib/python3.12/site-packages/aiogram/client/session/aiohttp.py", line 167, in make_request
    async with session.post(
  File "/media/icarus112/SharedUbuntuWin/python/projects/VisitAI/.venv/lib/python3.12/site-packages/aiohttp/client.py", line 1521, in __aenter__
    self._resp: _RetType = await self._coro
                           ^^^^^^^^^^^^^^^^
  File "/media/icarus112/SharedUbuntuWin/python/projects/VisitAI/.venv/lib/python3.12/site-packages/aiohttp/client.py", line 788, in _request
    resp = await handler(req)
           ^^^^^^^^^^^^^^^^^^
  File "/media/icarus112/SharedUbuntuWin/python/projects/VisitAI/.venv/lib/python3.12/site-packages/aiohttp/client.py", line 742, in _connect_and_send_request
    conn = await self._connector.connect(
           ^^^^^^^^^^^^^^^^^^^^^^^^^^^^^^
  File "/media/icarus112/SharedUbuntuWin/python/projects/VisitAI/.venv/lib/python3.12/site-packages/aiohttp/connector.py", line 672, in connect
    proto = await self._create_connection(req, traces, timeout)
            ^^^^^^^^^^^^^^^^^^^^^^^^^^^^^^^^^^^^^^^^^^^^^^^^^^^
  File "/media/icarus112/SharedUbuntuWin/python/projects/VisitAI/.venv/lib/python3.12/site-packages/aiohttp/connector.py", line 1251, in _create_connection
    _, proto = await self._create_direct_connection(req, traces, timeout)
               ^^^^^^^^^^^^^^^^^^^^^^^^^^^^^^^^^^^^^^^^^^^^^^^^^^^^^^^^^^
  File "/media/icarus112/SharedUbuntuWin/python/projects/VisitAI/.venv/lib/python3.12/site-packages/aiohttp/connector.py", line 1580, in _create_direct_connection
    raise ClientConnectorDNSError(req.connection_key, exc) from exc
aiohttp.client_exceptions.ClientConnectorDNSError: Cannot connect to host api.telegram.org:443 ssl:default [No address associated with hostname]

The above exception was the direct cause of the following exception:

Traceback (most recent call last):
  File "/media/icarus112/SharedUbuntuWin/python/projects/VisitAI/main.py", line 46, in <module>
    asyncio.run(main())
  File "/usr/lib/python3.12/asyncio/runners.py", line 194, in run
    return runner.run(main)
           ^^^^^^^^^^^^^^^^
  File "/usr/lib/python3.12/asyncio/runners.py", line 118, in run
    return self._loop.run_until_complete(task)
           ^^^^^^^^^^^^^^^^^^^^^^^^^^^^^^^^^^^
  File "/usr/lib/python3.12/asyncio/base_events.py", line 687, in run_until_complete
    return future.result()
           ^^^^^^^^^^^^^^^
  File "/media/icarus112/SharedUbuntuWin/python/projects/VisitAI/main.py", line 41, in main
    await bot.delete_webhook(drop_pending_updates=True)
  File "/media/icarus112/SharedUbuntuWin/python/projects/VisitAI/.venv/lib/python3.12/site-packages/aiogram/client/bot.py", line 1255, in delete_webhook
    return await self(call, request_timeout=request_timeout)
           ^^^^^^^^^^^^^^^^^^^^^^^^^^^^^^^^^^^^^^^^^^^^^^^^^
  File "/media/icarus112/SharedUbuntuWin/python/projects/VisitAI/.venv/lib/python3.12/site-packages/aiogram/client/bot.py", line 493, in __call__
    return await self.session(self, method, timeout=request_timeout)
           ^^^^^^^^^^^^^^^^^^^^^^^^^^^^^^^^^^^^^^^^^^^^^^^^^^^^^^^^^
  File "/media/icarus112/SharedUbuntuWin/python/projects/VisitAI/.venv/lib/python3.12/site-packages/aiogram/client/session/base.py", line 259, in __call__
    return cast(TelegramType, await middleware(bot, method))
                              ^^^^^^^^^^^^^^^^^^^^^^^^^^^^^
  File "/media/icarus112/SharedUbuntuWin/python/projects/VisitAI/.venv/lib/python3.12/site-packages/aiogram/client/session/aiohttp.py", line 176, in make_request
    raise TelegramNetworkError(method=method, message=f"{type(e).__name__}: {e}") from e
aiogram.exceptions.TelegramNetworkError: HTTP Client says - ClientConnectorDNSError: Cannot connect to host api.telegram.org:443 ssl:default [No address associated with hostname]
2026-06-01 11:55:11,517 | ERROR | asyncio | Unclosed client session
client_session: <aiohttp.client.ClientSession object at 0x76f7a0cd8a40>
2026-06-01 16:32:22,731 | ERROR | asyncio | Unclosed client session
client_session: <aiohttp.client.ClientSession object at 0x7b3b813a5400>
2026-06-01 16:32:32,930 | ERROR | __main__ | Fatal error while running bot
Traceback (most recent call last):
  File "/media/icarus112/SharedUbuntuWin/python/projects/VisitAI/.venv/lib/python3.12/site-packages/aiohttp/connector.py", line 1325, in _wrap_create_connection
    return await self._loop.create_connection(*args, **kwargs, sock=sock)
           ^^^^^^^^^^^^^^^^^^^^^^^^^^^^^^^^^^^^^^^^^^^^^^^^^^^^^^^^^^^^^^
  File "/usr/lib/python3.12/asyncio/base_events.py", line 1149, in create_connection
    transport, protocol = await self._create_connection_transport(
                          ^^^^^^^^^^^^^^^^^^^^^^^^^^^^^^^^^^^^^^^^
  File "/usr/lib/python3.12/asyncio/base_events.py", line 1182, in _create_connection_transport
    await waiter
  File "/usr/lib/python3.12/asyncio/sslproto.py", line 578, in _on_handshake_complete
    raise handshake_exc
ConnectionResetError

The above exception was the direct cause of the following exception:

Traceback (most recent call last):
  File "/media/icarus112/SharedUbuntuWin/python/projects/VisitAI/.venv/lib/python3.12/site-packages/aiogram/client/session/aiohttp.py", line 167, in make_request
    async with session.post(
  File "/media/icarus112/SharedUbuntuWin/python/projects/VisitAI/.venv/lib/python3.12/site-packages/aiohttp/client.py", line 1521, in __aenter__
    self._resp: _RetType = await self._coro
                           ^^^^^^^^^^^^^^^^
  File "/media/icarus112/SharedUbuntuWin/python/projects/VisitAI/.venv/lib/python3.12/site-packages/aiohttp/client.py", line 788, in _request
    resp = await handler(req)
           ^^^^^^^^^^^^^^^^^^
  File "/media/icarus112/SharedUbuntuWin/python/projects/VisitAI/.venv/lib/python3.12/site-packages/aiohttp/client.py", line 742, in _connect_and_send_request
    conn = await self._connector.connect(
           ^^^^^^^^^^^^^^^^^^^^^^^^^^^^^^
  File "/media/icarus112/SharedUbuntuWin/python/projects/VisitAI/.venv/lib/python3.12/site-packages/aiohttp/connector.py", line 672, in connect
    proto = await self._create_connection(req, traces, timeout)
            ^^^^^^^^^^^^^^^^^^^^^^^^^^^^^^^^^^^^^^^^^^^^^^^^^^^
  File "/media/icarus112/SharedUbuntuWin/python/projects/VisitAI/.venv/lib/python3.12/site-packages/aiohttp/connector.py", line 1251, in _create_connection
    _, proto = await self._create_direct_connection(req, traces, timeout)
               ^^^^^^^^^^^^^^^^^^^^^^^^^^^^^^^^^^^^^^^^^^^^^^^^^^^^^^^^^^
  File "/media/icarus112/SharedUbuntuWin/python/projects/VisitAI/.venv/lib/python3.12/site-packages/aiohttp/connector.py", line 1623, in _create_direct_connection
    raise last_exc
  File "/media/icarus112/SharedUbuntuWin/python/projects/VisitAI/.venv/lib/python3.12/site-packages/aiohttp/connector.py", line 1592, in _create_direct_connection
    transp, proto = await self._wrap_create_connection(
                    ^^^^^^^^^^^^^^^^^^^^^^^^^^^^^^^^^^^
  File "/media/icarus112/SharedUbuntuWin/python/projects/VisitAI/.venv/lib/python3.12/site-packages/aiohttp/connector.py", line 1333, in _wrap_create_connection
    raise client_error(req.connection_key, exc) from exc
aiohttp.client_exceptions.ClientConnectorError: Cannot connect to host api.telegram.org:443 ssl:default [None]

The above exception was the direct cause of the following exception:

Traceback (most recent call last):
  File "/media/icarus112/SharedUbuntuWin/python/projects/VisitAI/main.py", line 46, in <module>
    asyncio.run(main())
  File "/usr/lib/python3.12/asyncio/runners.py", line 194, in run
    return runner.run(main)
           ^^^^^^^^^^^^^^^^
  File "/usr/lib/python3.12/asyncio/runners.py", line 118, in run
    return self._loop.run_until_complete(task)
           ^^^^^^^^^^^^^^^^^^^^^^^^^^^^^^^^^^^
  File "/usr/lib/python3.12/asyncio/base_events.py", line 687, in run_until_complete
    return future.result()
           ^^^^^^^^^^^^^^^
  File "/media/icarus112/SharedUbuntuWin/python/projects/VisitAI/main.py", line 41, in main
    await bot.delete_webhook(drop_pending_updates=True)
  File "/media/icarus112/SharedUbuntuWin/python/projects/VisitAI/.venv/lib/python3.12/site-packages/aiogram/client/bot.py", line 1255, in delete_webhook
    return await self(call, request_timeout=request_timeout)
           ^^^^^^^^^^^^^^^^^^^^^^^^^^^^^^^^^^^^^^^^^^^^^^^^^
  File "/media/icarus112/SharedUbuntuWin/python/projects/VisitAI/.venv/lib/python3.12/site-packages/aiogram/client/bot.py", line 493, in __call__
    return await self.session(self, method, timeout=request_timeout)
           ^^^^^^^^^^^^^^^^^^^^^^^^^^^^^^^^^^^^^^^^^^^^^^^^^^^^^^^^^
  File "/media/icarus112/SharedUbuntuWin/python/projects/VisitAI/.venv/lib/python3.12/site-packages/aiogram/client/session/base.py", line 259, in __call__
    return cast(TelegramType, await middleware(bot, method))
                              ^^^^^^^^^^^^^^^^^^^^^^^^^^^^^
  File "/media/icarus112/SharedUbuntuWin/python/projects/VisitAI/.venv/lib/python3.12/site-packages/aiogram/client/session/aiohttp.py", line 176, in make_request
    raise TelegramNetworkError(method=method, message=f"{type(e).__name__}: {e}") from e
aiogram.exceptions.TelegramNetworkError: HTTP Client says - ClientConnectorError: Cannot connect to host api.telegram.org:443 ssl:default [None]
2026-06-01 16:32:33,170 | ERROR | asyncio | Unclosed client session
client_session: <aiohttp.client.ClientSession object at 0x7675c7823a10>
2026-06-01 16:33:23,999 | ERROR | asyncio | Unclosed client session
client_session: <aiohttp.client.ClientSession object at 0x792c605a5400>
2026-06-01 16:34:06,729 | ERROR | asyncio | Unclosed client session
client_session: <aiohttp.client.ClientSession object at 0x78a4bc347e00>
2026-06-01 16:34:57,082 | ERROR | __main__ | Fatal error while running bot
Traceback (most recent call last):
  File "/media/icarus112/SharedUbuntuWin/python/projects/VisitAI/.venv/lib/python3.12/site-packages/aiohttp/connector.py", line 1310, in _wrap_create_connection
    sock = await aiohappyeyeballs.start_connection(
           ^^^^^^^^^^^^^^^^^^^^^^^^^^^^^^^^^^^^^^^^
  File "/media/icarus112/SharedUbuntuWin/python/projects/VisitAI/.venv/lib/python3.12/site-packages/aiohappyeyeballs/impl.py", line 122, in start_connection
    raise first_exception
  File "/media/icarus112/SharedUbuntuWin/python/projects/VisitAI/.venv/lib/python3.12/site-packages/aiohappyeyeballs/impl.py", line 73, in start_connection
    sock = await _connect_sock(
           ^^^^^^^^^^^^^^^^^^^^
  File "/media/icarus112/SharedUbuntuWin/python/projects/VisitAI/.venv/lib/python3.12/site-packages/aiohappyeyeballs/impl.py", line 208, in _connect_sock
    await loop.sock_connect(sock, address)
  File "/usr/lib/python3.12/asyncio/selector_events.py", line 651, in sock_connect
    return await fut
           ^^^^^^^^^
  File "/usr/lib/python3.12/asyncio/selector_events.py", line 659, in _sock_connect
    sock.connect(address)
OSError: [Errno 101] Network is unreachable

The above exception was the direct cause of the following exception:

Traceback (most recent call last):
  File "/media/icarus112/SharedUbuntuWin/python/projects/VisitAI/.venv/lib/python3.12/site-packages/aiogram/client/session/aiohttp.py", line 167, in make_request
    async with session.post(
  File "/media/icarus112/SharedUbuntuWin/python/projects/VisitAI/.venv/lib/python3.12/site-packages/aiohttp/client.py", line 1521, in __aenter__
    self._resp: _RetType = await self._coro
                           ^^^^^^^^^^^^^^^^
  File "/media/icarus112/SharedUbuntuWin/python/projects/VisitAI/.venv/lib/python3.12/site-packages/aiohttp/client.py", line 788, in _request
    resp = await handler(req)
           ^^^^^^^^^^^^^^^^^^
  File "/media/icarus112/SharedUbuntuWin/python/projects/VisitAI/.venv/lib/python3.12/site-packages/aiohttp/client.py", line 742, in _connect_and_send_request
    conn = await self._connector.connect(
           ^^^^^^^^^^^^^^^^^^^^^^^^^^^^^^
  File "/media/icarus112/SharedUbuntuWin/python/projects/VisitAI/.venv/lib/python3.12/site-packages/aiohttp/connector.py", line 672, in connect
    proto = await self._create_connection(req, traces, timeout)
            ^^^^^^^^^^^^^^^^^^^^^^^^^^^^^^^^^^^^^^^^^^^^^^^^^^^
  File "/media/icarus112/SharedUbuntuWin/python/projects/VisitAI/.venv/lib/python3.12/site-packages/aiohttp/connector.py", line 1251, in _create_connection
    _, proto = await self._create_direct_connection(req, traces, timeout)
               ^^^^^^^^^^^^^^^^^^^^^^^^^^^^^^^^^^^^^^^^^^^^^^^^^^^^^^^^^^
  File "/media/icarus112/SharedUbuntuWin/python/projects/VisitAI/.venv/lib/python3.12/site-packages/aiohttp/connector.py", line 1623, in _create_direct_connection
    raise last_exc
  File "/media/icarus112/SharedUbuntuWin/python/projects/VisitAI/.venv/lib/python3.12/site-packages/aiohttp/connector.py", line 1592, in _create_direct_connection
    transp, proto = await self._wrap_create_connection(
                    ^^^^^^^^^^^^^^^^^^^^^^^^^^^^^^^^^^^
  File "/media/icarus112/SharedUbuntuWin/python/projects/VisitAI/.venv/lib/python3.12/site-packages/aiohttp/connector.py", line 1333, in _wrap_create_connection
    raise client_error(req.connection_key, exc) from exc
aiohttp.client_exceptions.ClientConnectorError: Cannot connect to host api.telegram.org:443 ssl:default [Network is unreachable]

The above exception was the direct cause of the following exception:

Traceback (most recent call last):
  File "/media/icarus112/SharedUbuntuWin/python/projects/VisitAI/main.py", line 46, in <module>
    asyncio.run(main())
  File "/usr/lib/python3.12/asyncio/runners.py", line 194, in run
    return runner.run(main)
           ^^^^^^^^^^^^^^^^
  File "/usr/lib/python3.12/asyncio/runners.py", line 118, in run
    return self._loop.run_until_complete(task)
           ^^^^^^^^^^^^^^^^^^^^^^^^^^^^^^^^^^^
  File "/usr/lib/python3.12/asyncio/base_events.py", line 687, in run_until_complete
    return future.result()
           ^^^^^^^^^^^^^^^
  File "/media/icarus112/SharedUbuntuWin/python/projects/VisitAI/main.py", line 37, in main
    await bot.delete_webhook(drop_pending_updates=True)
  File "/media/icarus112/SharedUbuntuWin/python/projects/VisitAI/.venv/lib/python3.12/site-packages/aiogram/client/bot.py", line 1255, in delete_webhook
    return await self(call, request_timeout=request_timeout)
           ^^^^^^^^^^^^^^^^^^^^^^^^^^^^^^^^^^^^^^^^^^^^^^^^^
  File "/media/icarus112/SharedUbuntuWin/python/projects/VisitAI/.venv/lib/python3.12/site-packages/aiogram/client/bot.py", line 493, in __call__
    return await self.session(self, method, timeout=request_timeout)
           ^^^^^^^^^^^^^^^^^^^^^^^^^^^^^^^^^^^^^^^^^^^^^^^^^^^^^^^^^
  File "/media/icarus112/SharedUbuntuWin/python/projects/VisitAI/.venv/lib/python3.12/site-packages/aiogram/client/session/base.py", line 259, in __call__
    return cast(TelegramType, await middleware(bot, method))
                              ^^^^^^^^^^^^^^^^^^^^^^^^^^^^^
  File "/media/icarus112/SharedUbuntuWin/python/projects/VisitAI/.venv/lib/python3.12/site-packages/aiogram/client/session/aiohttp.py", line 176, in make_request
    raise TelegramNetworkError(method=method, message=f"{type(e).__name__}: {e}") from e
aiogram.exceptions.TelegramNetworkError: HTTP Client says - ClientConnectorError: Cannot connect to host api.telegram.org:443 ssl:default [Network is unreachable]
2026-06-01 16:34:57,242 | ERROR | asyncio | Unclosed client session
client_session: <aiohttp.client.ClientSession object at 0x792065ee7e30>
2026-06-01 16:37:31,348 | ERROR | aiogram.event | Cause exception while process update id=78298603 by bot id=8635000285
TelegramNetworkError: HTTP Client says - ClientConnectorError: Cannot connect to host api.telegram.org:443 ssl:default [None]
Traceback (most recent call last):
  File "/media/icarus112/SharedUbuntuWin/python/projects/VisitAI/.venv/lib/python3.12/site-packages/aiohttp/connector.py", line 1325, in _wrap_create_connection
    return await self._loop.create_connection(*args, **kwargs, sock=sock)
           ^^^^^^^^^^^^^^^^^^^^^^^^^^^^^^^^^^^^^^^^^^^^^^^^^^^^^^^^^^^^^^
  File "/usr/lib/python3.12/asyncio/base_events.py", line 1149, in create_connection
    transport, protocol = await self._create_connection_transport(
                          ^^^^^^^^^^^^^^^^^^^^^^^^^^^^^^^^^^^^^^^^
  File "/usr/lib/python3.12/asyncio/base_events.py", line 1182, in _create_connection_transport
    await waiter
ConnectionAbortedError: SSL handshake is taking longer than 60.0 seconds: aborting the connection

The above exception was the direct cause of the following exception:

Traceback (most recent call last):
  File "/media/icarus112/SharedUbuntuWin/python/projects/VisitAI/.venv/lib/python3.12/site-packages/aiogram/client/session/aiohttp.py", line 167, in make_request
    async with session.post(
  File "/media/icarus112/SharedUbuntuWin/python/projects/VisitAI/.venv/lib/python3.12/site-packages/aiohttp/client.py", line 1521, in __aenter__
    self._resp: _RetType = await self._coro
                           ^^^^^^^^^^^^^^^^
  File "/media/icarus112/SharedUbuntuWin/python/projects/VisitAI/.venv/lib/python3.12/site-packages/aiohttp/client.py", line 788, in _request
    resp = await handler(req)
           ^^^^^^^^^^^^^^^^^^
  File "/media/icarus112/SharedUbuntuWin/python/projects/VisitAI/.venv/lib/python3.12/site-packages/aiohttp/client.py", line 742, in _connect_and_send_request
    conn = await self._connector.connect(
           ^^^^^^^^^^^^^^^^^^^^^^^^^^^^^^
  File "/media/icarus112/SharedUbuntuWin/python/projects/VisitAI/.venv/lib/python3.12/site-packages/aiohttp/connector.py", line 672, in connect
    proto = await self._create_connection(req, traces, timeout)
            ^^^^^^^^^^^^^^^^^^^^^^^^^^^^^^^^^^^^^^^^^^^^^^^^^^^
  File "/media/icarus112/SharedUbuntuWin/python/projects/VisitAI/.venv/lib/python3.12/site-packages/aiohttp/connector.py", line 1251, in _create_connection
    _, proto = await self._create_direct_connection(req, traces, timeout)
               ^^^^^^^^^^^^^^^^^^^^^^^^^^^^^^^^^^^^^^^^^^^^^^^^^^^^^^^^^^
  File "/media/icarus112/SharedUbuntuWin/python/projects/VisitAI/.venv/lib/python3.12/site-packages/aiohttp/connector.py", line 1623, in _create_direct_connection
    raise last_exc
  File "/media/icarus112/SharedUbuntuWin/python/projects/VisitAI/.venv/lib/python3.12/site-packages/aiohttp/connector.py", line 1592, in _create_direct_connection
    transp, proto = await self._wrap_create_connection(
                    ^^^^^^^^^^^^^^^^^^^^^^^^^^^^^^^^^^^
  File "/media/icarus112/SharedUbuntuWin/python/projects/VisitAI/.venv/lib/python3.12/site-packages/aiohttp/connector.py", line 1333, in _wrap_create_connection
    raise client_error(req.connection_key, exc) from exc
aiohttp.client_exceptions.ClientConnectorError: Cannot connect to host api.telegram.org:443 ssl:default [None]

The above exception was the direct cause of the following exception:

Traceback (most recent call last):
  File "/media/icarus112/SharedUbuntuWin/python/projects/VisitAI/.venv/lib/python3.12/site-packages/aiogram/dispatcher/dispatcher.py", line 320, in _process_update
    response = await self.feed_update(bot, update, **kwargs)
               ^^^^^^^^^^^^^^^^^^^^^^^^^^^^^^^^^^^^^^^^^^^^^
  File "/media/icarus112/SharedUbuntuWin/python/projects/VisitAI/.venv/lib/python3.12/site-packages/aiogram/dispatcher/dispatcher.py", line 164, in feed_update
    response = await self.update.wrap_outer_middleware(
               ^^^^^^^^^^^^^^^^^^^^^^^^^^^^^^^^^^^^^^^^
  File "/media/icarus112/SharedUbuntuWin/python/projects/VisitAI/.venv/lib/python3.12/site-packages/aiogram/dispatcher/middlewares/error.py", line 27, in __call__
    return await handler(event, data)
           ^^^^^^^^^^^^^^^^^^^^^^^^^^
  File "/media/icarus112/SharedUbuntuWin/python/projects/VisitAI/.venv/lib/python3.12/site-packages/aiogram/dispatcher/middlewares/user_context.py", line 58, in __call__
    return await handler(event, data)
           ^^^^^^^^^^^^^^^^^^^^^^^^^^
  File "/media/icarus112/SharedUbuntuWin/python/projects/VisitAI/.venv/lib/python3.12/site-packages/aiogram/fsm/middleware.py", line 43, in __call__
    return await handler(event, data)
           ^^^^^^^^^^^^^^^^^^^^^^^^^^
  File "/media/icarus112/SharedUbuntuWin/python/projects/VisitAI/.venv/lib/python3.12/site-packages/aiogram/dispatcher/event/telegram.py", line 126, in trigger
    return await wrapped_inner(event, kwargs)
           ^^^^^^^^^^^^^^^^^^^^^^^^^^^^^^^^^^
  File "/media/icarus112/SharedUbuntuWin/python/projects/VisitAI/.venv/lib/python3.12/site-packages/aiogram/dispatcher/event/handler.py", line 71, in call
    return await wrapped()
           ^^^^^^^^^^^^^^^
  File "/media/icarus112/SharedUbuntuWin/python/projects/VisitAI/.venv/lib/python3.12/site-packages/aiogram/dispatcher/dispatcher.py", line 283, in _listen_update
    return await self.propagate_event(update_type=update_type, event=event, **kwargs)
           ^^^^^^^^^^^^^^^^^^^^^^^^^^^^^^^^^^^^^^^^^^^^^^^^^^^^^^^^^^^^^^^^^^^^^^^^^^
  File "/media/icarus112/SharedUbuntuWin/python/projects/VisitAI/.venv/lib/python3.12/site-packages/aiogram/dispatcher/router.py", line 163, in propagate_event
    return await observer.wrap_outer_middleware(_wrapped, event=event, data=kwargs)
           ^^^^^^^^^^^^^^^^^^^^^^^^^^^^^^^^^^^^^^^^^^^^^^^^^^^^^^^^^^^^^^^^^^^^^^^^
  File "/media/icarus112/SharedUbuntuWin/python/projects/VisitAI/app/core/middlewares.py", line 44, in __call__
    result = await handler(event, data)
             ^^^^^^^^^^^^^^^^^^^^^^^^^^
  File "/media/icarus112/SharedUbuntuWin/python/projects/VisitAI/.venv/lib/python3.12/site-packages/aiogram/dispatcher/router.py", line 155, in _wrapped
    return await self._propagate_event(
           ^^^^^^^^^^^^^^^^^^^^^^^^^^^^
  File "/media/icarus112/SharedUbuntuWin/python/projects/VisitAI/.venv/lib/python3.12/site-packages/aiogram/dispatcher/router.py", line 191, in _propagate_event
    response = await router.propagate_event(update_type=update_type, event=event, **kwargs)
               ^^^^^^^^^^^^^^^^^^^^^^^^^^^^^^^^^^^^^^^^^^^^^^^^^^^^^^^^^^^^^^^^^^^^^^^^^^^^
  File "/media/icarus112/SharedUbuntuWin/python/projects/VisitAI/.venv/lib/python3.12/site-packages/aiogram/dispatcher/router.py", line 163, in propagate_event
    return await observer.wrap_outer_middleware(_wrapped, event=event, data=kwargs)
           ^^^^^^^^^^^^^^^^^^^^^^^^^^^^^^^^^^^^^^^^^^^^^^^^^^^^^^^^^^^^^^^^^^^^^^^^
  File "/media/icarus112/SharedUbuntuWin/python/projects/VisitAI/.venv/lib/python3.12/site-packages/aiogram/dispatcher/router.py", line 155, in _wrapped
    return await self._propagate_event(
           ^^^^^^^^^^^^^^^^^^^^^^^^^^^^
  File "/media/icarus112/SharedUbuntuWin/python/projects/VisitAI/.venv/lib/python3.12/site-packages/aiogram/dispatcher/router.py", line 191, in _propagate_event
    response = await router.propagate_event(update_type=update_type, event=event, **kwargs)
               ^^^^^^^^^^^^^^^^^^^^^^^^^^^^^^^^^^^^^^^^^^^^^^^^^^^^^^^^^^^^^^^^^^^^^^^^^^^^
  File "/media/icarus112/SharedUbuntuWin/python/projects/VisitAI/.venv/lib/python3.12/site-packages/aiogram/dispatcher/router.py", line 163, in propagate_event
    return await observer.wrap_outer_middleware(_wrapped, event=event, data=kwargs)
           ^^^^^^^^^^^^^^^^^^^^^^^^^^^^^^^^^^^^^^^^^^^^^^^^^^^^^^^^^^^^^^^^^^^^^^^^
  File "/media/icarus112/SharedUbuntuWin/python/projects/VisitAI/.venv/lib/python3.12/site-packages/aiogram/dispatcher/router.py", line 155, in _wrapped
    return await self._propagate_event(
           ^^^^^^^^^^^^^^^^^^^^^^^^^^^^
  File "/media/icarus112/SharedUbuntuWin/python/projects/VisitAI/.venv/lib/python3.12/site-packages/aiogram/dispatcher/router.py", line 183, in _propagate_event
    response = await observer.trigger(event, **kwargs)
               ^^^^^^^^^^^^^^^^^^^^^^^^^^^^^^^^^^^^^^^
  File "/media/icarus112/SharedUbuntuWin/python/projects/VisitAI/.venv/lib/python3.12/site-packages/aiogram/dispatcher/event/telegram.py", line 126, in trigger
    return await wrapped_inner(event, kwargs)
           ^^^^^^^^^^^^^^^^^^^^^^^^^^^^^^^^^^
  File "/media/icarus112/SharedUbuntuWin/python/projects/VisitAI/.venv/lib/python3.12/site-packages/aiogram/dispatcher/event/handler.py", line 71, in call
    return await wrapped()
           ^^^^^^^^^^^^^^^
  File "/media/icarus112/SharedUbuntuWin/python/projects/VisitAI/app/handlers/start.py", line 16, in start_handler
    await message.answer(
  File "/media/icarus112/SharedUbuntuWin/python/projects/VisitAI/.venv/lib/python3.12/site-packages/aiogram/methods/base.py", line 82, in emit
    return await bot(self)
           ^^^^^^^^^^^^^^^
  File "/media/icarus112/SharedUbuntuWin/python/projects/VisitAI/.venv/lib/python3.12/site-packages/aiogram/client/bot.py", line 493, in __call__
    return await self.session(self, method, timeout=request_timeout)
           ^^^^^^^^^^^^^^^^^^^^^^^^^^^^^^^^^^^^^^^^^^^^^^^^^^^^^^^^^
  File "/media/icarus112/SharedUbuntuWin/python/projects/VisitAI/.venv/lib/python3.12/site-packages/aiogram/client/session/base.py", line 259, in __call__
    return cast(TelegramType, await middleware(bot, method))
                              ^^^^^^^^^^^^^^^^^^^^^^^^^^^^^
  File "/media/icarus112/SharedUbuntuWin/python/projects/VisitAI/.venv/lib/python3.12/site-packages/aiogram/client/session/aiohttp.py", line 176, in make_request
    raise TelegramNetworkError(method=method, message=f"{type(e).__name__}: {e}") from e
aiogram.exceptions.TelegramNetworkError: HTTP Client says - ClientConnectorError: Cannot connect to host api.telegram.org:443 ssl:default [None]
2026-06-03 16:27:27,775 | ERROR | aiogram.event | Cause exception while process update id=78298670 by bot id=8635000285
ValueError: Booking 11 not found
Traceback (most recent call last):
  File "/media/icarus112/SharedUbuntuWin/python/projects/VisitAI/.venv/lib/python3.12/site-packages/aiogram/dispatcher/dispatcher.py", line 320, in _process_update
    response = await self.feed_update(bot, update, **kwargs)
               ^^^^^^^^^^^^^^^^^^^^^^^^^^^^^^^^^^^^^^^^^^^^^
  File "/media/icarus112/SharedUbuntuWin/python/projects/VisitAI/.venv/lib/python3.12/site-packages/aiogram/dispatcher/dispatcher.py", line 164, in feed_update
    response = await self.update.wrap_outer_middleware(
               ^^^^^^^^^^^^^^^^^^^^^^^^^^^^^^^^^^^^^^^^
  File "/media/icarus112/SharedUbuntuWin/python/projects/VisitAI/.venv/lib/python3.12/site-packages/aiogram/dispatcher/middlewares/error.py", line 27, in __call__
    return await handler(event, data)
           ^^^^^^^^^^^^^^^^^^^^^^^^^^
  File "/media/icarus112/SharedUbuntuWin/python/projects/VisitAI/.venv/lib/python3.12/site-packages/aiogram/dispatcher/middlewares/user_context.py", line 58, in __call__
    return await handler(event, data)
           ^^^^^^^^^^^^^^^^^^^^^^^^^^
  File "/media/icarus112/SharedUbuntuWin/python/projects/VisitAI/.venv/lib/python3.12/site-packages/aiogram/fsm/middleware.py", line 43, in __call__
    return await handler(event, data)
           ^^^^^^^^^^^^^^^^^^^^^^^^^^
  File "/media/icarus112/SharedUbuntuWin/python/projects/VisitAI/.venv/lib/python3.12/site-packages/aiogram/dispatcher/event/telegram.py", line 126, in trigger
    return await wrapped_inner(event, kwargs)
           ^^^^^^^^^^^^^^^^^^^^^^^^^^^^^^^^^^
  File "/media/icarus112/SharedUbuntuWin/python/projects/VisitAI/.venv/lib/python3.12/site-packages/aiogram/dispatcher/event/handler.py", line 71, in call
    return await wrapped()
           ^^^^^^^^^^^^^^^
  File "/media/icarus112/SharedUbuntuWin/python/projects/VisitAI/.venv/lib/python3.12/site-packages/aiogram/dispatcher/dispatcher.py", line 283, in _listen_update
    return await self.propagate_event(update_type=update_type, event=event, **kwargs)
           ^^^^^^^^^^^^^^^^^^^^^^^^^^^^^^^^^^^^^^^^^^^^^^^^^^^^^^^^^^^^^^^^^^^^^^^^^^
  File "/media/icarus112/SharedUbuntuWin/python/projects/VisitAI/.venv/lib/python3.12/site-packages/aiogram/dispatcher/router.py", line 163, in propagate_event
    return await observer.wrap_outer_middleware(_wrapped, event=event, data=kwargs)
           ^^^^^^^^^^^^^^^^^^^^^^^^^^^^^^^^^^^^^^^^^^^^^^^^^^^^^^^^^^^^^^^^^^^^^^^^
  File "/media/icarus112/SharedUbuntuWin/python/projects/VisitAI/app/core/middlewares.py", line 44, in __call__
    result = await handler(event, data)
             ^^^^^^^^^^^^^^^^^^^^^^^^^^
  File "/media/icarus112/SharedUbuntuWin/python/projects/VisitAI/.venv/lib/python3.12/site-packages/aiogram/dispatcher/router.py", line 155, in _wrapped
    return await self._propagate_event(
           ^^^^^^^^^^^^^^^^^^^^^^^^^^^^
  File "/media/icarus112/SharedUbuntuWin/python/projects/VisitAI/.venv/lib/python3.12/site-packages/aiogram/dispatcher/router.py", line 191, in _propagate_event
    response = await router.propagate_event(update_type=update_type, event=event, **kwargs)
               ^^^^^^^^^^^^^^^^^^^^^^^^^^^^^^^^^^^^^^^^^^^^^^^^^^^^^^^^^^^^^^^^^^^^^^^^^^^^
  File "/media/icarus112/SharedUbuntuWin/python/projects/VisitAI/.venv/lib/python3.12/site-packages/aiogram/dispatcher/router.py", line 163, in propagate_event
    return await observer.wrap_outer_middleware(_wrapped, event=event, data=kwargs)
           ^^^^^^^^^^^^^^^^^^^^^^^^^^^^^^^^^^^^^^^^^^^^^^^^^^^^^^^^^^^^^^^^^^^^^^^^
  File "/media/icarus112/SharedUbuntuWin/python/projects/VisitAI/.venv/lib/python3.12/site-packages/aiogram/dispatcher/router.py", line 155, in _wrapped
    return await self._propagate_event(
           ^^^^^^^^^^^^^^^^^^^^^^^^^^^^
  File "/media/icarus112/SharedUbuntuWin/python/projects/VisitAI/.venv/lib/python3.12/site-packages/aiogram/dispatcher/router.py", line 191, in _propagate_event
    response = await router.propagate_event(update_type=update_type, event=event, **kwargs)
               ^^^^^^^^^^^^^^^^^^^^^^^^^^^^^^^^^^^^^^^^^^^^^^^^^^^^^^^^^^^^^^^^^^^^^^^^^^^^
  File "/media/icarus112/SharedUbuntuWin/python/projects/VisitAI/.venv/lib/python3.12/site-packages/aiogram/dispatcher/router.py", line 163, in propagate_event
    return await observer.wrap_outer_middleware(_wrapped, event=event, data=kwargs)
           ^^^^^^^^^^^^^^^^^^^^^^^^^^^^^^^^^^^^^^^^^^^^^^^^^^^^^^^^^^^^^^^^^^^^^^^^
  File "/media/icarus112/SharedUbuntuWin/python/projects/VisitAI/.venv/lib/python3.12/site-packages/aiogram/dispatcher/router.py", line 155, in _wrapped
    return await self._propagate_event(
           ^^^^^^^^^^^^^^^^^^^^^^^^^^^^
  File "/media/icarus112/SharedUbuntuWin/python/projects/VisitAI/.venv/lib/python3.12/site-packages/aiogram/dispatcher/router.py", line 183, in _propagate_event
    response = await observer.trigger(event, **kwargs)
               ^^^^^^^^^^^^^^^^^^^^^^^^^^^^^^^^^^^^^^^
  File "/media/icarus112/SharedUbuntuWin/python/projects/VisitAI/.venv/lib/python3.12/site-packages/aiogram/dispatcher/event/telegram.py", line 126, in trigger
    return await wrapped_inner(event, kwargs)
           ^^^^^^^^^^^^^^^^^^^^^^^^^^^^^^^^^^
  File "/media/icarus112/SharedUbuntuWin/python/projects/VisitAI/.venv/lib/python3.12/site-packages/aiogram/dispatcher/event/handler.py", line 71, in call
    return await wrapped()
           ^^^^^^^^^^^^^^^
  File "/media/icarus112/SharedUbuntuWin/python/projects/VisitAI/app/handlers/record.py", line 285, in without_pay
    await bk_sv.cancel_pay(booking_id)
  File "/media/icarus112/SharedUbuntuWin/python/projects/VisitAI/app/service/booking.py", line 125, in cancel_pay
    raise ValueError(
ValueError: Booking 11 not found
2026-06-03 16:28:25,913 | ERROR | aiogram.event | Cause exception while process update id=78298679 by bot id=8635000285
ValueError: Booking 12 not found
Traceback (most recent call last):
  File "/media/icarus112/SharedUbuntuWin/python/projects/VisitAI/.venv/lib/python3.12/site-packages/aiogram/dispatcher/dispatcher.py", line 320, in _process_update
    response = await self.feed_update(bot, update, **kwargs)
               ^^^^^^^^^^^^^^^^^^^^^^^^^^^^^^^^^^^^^^^^^^^^^
  File "/media/icarus112/SharedUbuntuWin/python/projects/VisitAI/.venv/lib/python3.12/site-packages/aiogram/dispatcher/dispatcher.py", line 164, in feed_update
    response = await self.update.wrap_outer_middleware(
               ^^^^^^^^^^^^^^^^^^^^^^^^^^^^^^^^^^^^^^^^
  File "/media/icarus112/SharedUbuntuWin/python/projects/VisitAI/.venv/lib/python3.12/site-packages/aiogram/dispatcher/middlewares/error.py", line 27, in __call__
    return await handler(event, data)
           ^^^^^^^^^^^^^^^^^^^^^^^^^^
  File "/media/icarus112/SharedUbuntuWin/python/projects/VisitAI/.venv/lib/python3.12/site-packages/aiogram/dispatcher/middlewares/user_context.py", line 58, in __call__
    return await handler(event, data)
           ^^^^^^^^^^^^^^^^^^^^^^^^^^
  File "/media/icarus112/SharedUbuntuWin/python/projects/VisitAI/.venv/lib/python3.12/site-packages/aiogram/fsm/middleware.py", line 43, in __call__
    return await handler(event, data)
           ^^^^^^^^^^^^^^^^^^^^^^^^^^
  File "/media/icarus112/SharedUbuntuWin/python/projects/VisitAI/.venv/lib/python3.12/site-packages/aiogram/dispatcher/event/telegram.py", line 126, in trigger
    return await wrapped_inner(event, kwargs)
           ^^^^^^^^^^^^^^^^^^^^^^^^^^^^^^^^^^
  File "/media/icarus112/SharedUbuntuWin/python/projects/VisitAI/.venv/lib/python3.12/site-packages/aiogram/dispatcher/event/handler.py", line 71, in call
    return await wrapped()
           ^^^^^^^^^^^^^^^
  File "/media/icarus112/SharedUbuntuWin/python/projects/VisitAI/.venv/lib/python3.12/site-packages/aiogram/dispatcher/dispatcher.py", line 283, in _listen_update
    return await self.propagate_event(update_type=update_type, event=event, **kwargs)
           ^^^^^^^^^^^^^^^^^^^^^^^^^^^^^^^^^^^^^^^^^^^^^^^^^^^^^^^^^^^^^^^^^^^^^^^^^^
  File "/media/icarus112/SharedUbuntuWin/python/projects/VisitAI/.venv/lib/python3.12/site-packages/aiogram/dispatcher/router.py", line 163, in propagate_event
    return await observer.wrap_outer_middleware(_wrapped, event=event, data=kwargs)
           ^^^^^^^^^^^^^^^^^^^^^^^^^^^^^^^^^^^^^^^^^^^^^^^^^^^^^^^^^^^^^^^^^^^^^^^^
  File "/media/icarus112/SharedUbuntuWin/python/projects/VisitAI/app/core/middlewares.py", line 44, in __call__
    result = await handler(event, data)
             ^^^^^^^^^^^^^^^^^^^^^^^^^^
  File "/media/icarus112/SharedUbuntuWin/python/projects/VisitAI/.venv/lib/python3.12/site-packages/aiogram/dispatcher/router.py", line 155, in _wrapped
    return await self._propagate_event(
           ^^^^^^^^^^^^^^^^^^^^^^^^^^^^
  File "/media/icarus112/SharedUbuntuWin/python/projects/VisitAI/.venv/lib/python3.12/site-packages/aiogram/dispatcher/router.py", line 191, in _propagate_event
    response = await router.propagate_event(update_type=update_type, event=event, **kwargs)
               ^^^^^^^^^^^^^^^^^^^^^^^^^^^^^^^^^^^^^^^^^^^^^^^^^^^^^^^^^^^^^^^^^^^^^^^^^^^^
  File "/media/icarus112/SharedUbuntuWin/python/projects/VisitAI/.venv/lib/python3.12/site-packages/aiogram/dispatcher/router.py", line 163, in propagate_event
    return await observer.wrap_outer_middleware(_wrapped, event=event, data=kwargs)
           ^^^^^^^^^^^^^^^^^^^^^^^^^^^^^^^^^^^^^^^^^^^^^^^^^^^^^^^^^^^^^^^^^^^^^^^^
  File "/media/icarus112/SharedUbuntuWin/python/projects/VisitAI/.venv/lib/python3.12/site-packages/aiogram/dispatcher/router.py", line 155, in _wrapped
    return await self._propagate_event(
           ^^^^^^^^^^^^^^^^^^^^^^^^^^^^
  File "/media/icarus112/SharedUbuntuWin/python/projects/VisitAI/.venv/lib/python3.12/site-packages/aiogram/dispatcher/router.py", line 191, in _propagate_event
    response = await router.propagate_event(update_type=update_type, event=event, **kwargs)
               ^^^^^^^^^^^^^^^^^^^^^^^^^^^^^^^^^^^^^^^^^^^^^^^^^^^^^^^^^^^^^^^^^^^^^^^^^^^^
  File "/media/icarus112/SharedUbuntuWin/python/projects/VisitAI/.venv/lib/python3.12/site-packages/aiogram/dispatcher/router.py", line 163, in propagate_event
    return await observer.wrap_outer_middleware(_wrapped, event=event, data=kwargs)
           ^^^^^^^^^^^^^^^^^^^^^^^^^^^^^^^^^^^^^^^^^^^^^^^^^^^^^^^^^^^^^^^^^^^^^^^^
  File "/media/icarus112/SharedUbuntuWin/python/projects/VisitAI/.venv/lib/python3.12/site-packages/aiogram/dispatcher/router.py", line 155, in _wrapped
    return await self._propagate_event(
           ^^^^^^^^^^^^^^^^^^^^^^^^^^^^
  File "/media/icarus112/SharedUbuntuWin/python/projects/VisitAI/.venv/lib/python3.12/site-packages/aiogram/dispatcher/router.py", line 183, in _propagate_event
    response = await observer.trigger(event, **kwargs)
               ^^^^^^^^^^^^^^^^^^^^^^^^^^^^^^^^^^^^^^^
  File "/media/icarus112/SharedUbuntuWin/python/projects/VisitAI/.venv/lib/python3.12/site-packages/aiogram/dispatcher/event/telegram.py", line 126, in trigger
    return await wrapped_inner(event, kwargs)
           ^^^^^^^^^^^^^^^^^^^^^^^^^^^^^^^^^^
  File "/media/icarus112/SharedUbuntuWin/python/projects/VisitAI/.venv/lib/python3.12/site-packages/aiogram/dispatcher/event/handler.py", line 71, in call
    return await wrapped()
           ^^^^^^^^^^^^^^^
  File "/media/icarus112/SharedUbuntuWin/python/projects/VisitAI/app/handlers/record.py", line 285, in without_pay
    await bk_sv.cancel_pay(booking_id)
  File "/media/icarus112/SharedUbuntuWin/python/projects/VisitAI/app/service/booking.py", line 125, in cancel_pay
    raise ValueError(
ValueError: Booking 12 not found
2026-06-03 16:50:42,430 | ERROR | app.handlers.record | can't create booking tg_id=6480514308, ct_id=3, date_str: date_str=2026-06-03,time_str=14 00, e: name 'ct_name' is not defined
Traceback (most recent call last):
  File "/media/icarus112/SharedUbuntuWin/python/projects/VisitAI/app/handlers/record.py", line 201, in send_booking_request
    result = await bk_sv.create_booking(
             ^^^^^^^^^^^^^^^^^^^^^^^^^^^
  File "/media/icarus112/SharedUbuntuWin/python/projects/VisitAI/app/service/booking.py", line 58, in create_booking
    logger.info(f"forwarded new booking={ct_name}, ct_id:{ct_id} by user={callback.from_user.id} to admin ")
                                         ^^^^^^^
NameError: name 'ct_name' is not defined
2026-06-04 13:19:28,345 | ERROR | asyncio | Unclosed client session
client_session: <aiohttp.client.ClientSession object at 0x7794f1213ad0>
2026-06-04 13:22:52,659 | ERROR | __main__ | Fatal error while running bot
Traceback (most recent call last):
  File "/media/icarus112/SharedUbuntuWin/python/projects/VisitAI/.venv/lib/python3.12/site-packages/aiohttp/connector.py", line 1310, in _wrap_create_connection
    sock = await aiohappyeyeballs.start_connection(
           ^^^^^^^^^^^^^^^^^^^^^^^^^^^^^^^^^^^^^^^^
  File "/media/icarus112/SharedUbuntuWin/python/projects/VisitAI/.venv/lib/python3.12/site-packages/aiohappyeyeballs/impl.py", line 122, in start_connection
    raise first_exception
  File "/media/icarus112/SharedUbuntuWin/python/projects/VisitAI/.venv/lib/python3.12/site-packages/aiohappyeyeballs/impl.py", line 73, in start_connection
    sock = await _connect_sock(
           ^^^^^^^^^^^^^^^^^^^^
  File "/media/icarus112/SharedUbuntuWin/python/projects/VisitAI/.venv/lib/python3.12/site-packages/aiohappyeyeballs/impl.py", line 208, in _connect_sock
    await loop.sock_connect(sock, address)
  File "/usr/lib/python3.12/asyncio/selector_events.py", line 651, in sock_connect
    return await fut
           ^^^^^^^^^
  File "/usr/lib/python3.12/asyncio/selector_events.py", line 659, in _sock_connect
    sock.connect(address)
OSError: [Errno 101] Network is unreachable

The above exception was the direct cause of the following exception:

Traceback (most recent call last):
  File "/media/icarus112/SharedUbuntuWin/python/projects/VisitAI/.venv/lib/python3.12/site-packages/aiogram/client/session/aiohttp.py", line 167, in make_request
    async with session.post(
  File "/media/icarus112/SharedUbuntuWin/python/projects/VisitAI/.venv/lib/python3.12/site-packages/aiohttp/client.py", line 1521, in __aenter__
    self._resp: _RetType = await self._coro
                           ^^^^^^^^^^^^^^^^
  File "/media/icarus112/SharedUbuntuWin/python/projects/VisitAI/.venv/lib/python3.12/site-packages/aiohttp/client.py", line 788, in _request
    resp = await handler(req)
           ^^^^^^^^^^^^^^^^^^
  File "/media/icarus112/SharedUbuntuWin/python/projects/VisitAI/.venv/lib/python3.12/site-packages/aiohttp/client.py", line 742, in _connect_and_send_request
    conn = await self._connector.connect(
           ^^^^^^^^^^^^^^^^^^^^^^^^^^^^^^
  File "/media/icarus112/SharedUbuntuWin/python/projects/VisitAI/.venv/lib/python3.12/site-packages/aiohttp/connector.py", line 672, in connect
    proto = await self._create_connection(req, traces, timeout)
            ^^^^^^^^^^^^^^^^^^^^^^^^^^^^^^^^^^^^^^^^^^^^^^^^^^^
  File "/media/icarus112/SharedUbuntuWin/python/projects/VisitAI/.venv/lib/python3.12/site-packages/aiohttp/connector.py", line 1251, in _create_connection
    _, proto = await self._create_direct_connection(req, traces, timeout)
               ^^^^^^^^^^^^^^^^^^^^^^^^^^^^^^^^^^^^^^^^^^^^^^^^^^^^^^^^^^
  File "/media/icarus112/SharedUbuntuWin/python/projects/VisitAI/.venv/lib/python3.12/site-packages/aiohttp/connector.py", line 1623, in _create_direct_connection
    raise last_exc
  File "/media/icarus112/SharedUbuntuWin/python/projects/VisitAI/.venv/lib/python3.12/site-packages/aiohttp/connector.py", line 1592, in _create_direct_connection
    transp, proto = await self._wrap_create_connection(
                    ^^^^^^^^^^^^^^^^^^^^^^^^^^^^^^^^^^^
  File "/media/icarus112/SharedUbuntuWin/python/projects/VisitAI/.venv/lib/python3.12/site-packages/aiohttp/connector.py", line 1333, in _wrap_create_connection
    raise client_error(req.connection_key, exc) from exc
aiohttp.client_exceptions.ClientConnectorError: Cannot connect to host api.telegram.org:443 ssl:default [Network is unreachable]

The above exception was the direct cause of the following exception:

Traceback (most recent call last):
  File "/media/icarus112/SharedUbuntuWin/python/projects/VisitAI/main.py", line 45, in <module>
    asyncio.run(main())
  File "/usr/lib/python3.12/asyncio/runners.py", line 194, in run
    return runner.run(main)
           ^^^^^^^^^^^^^^^^
  File "/usr/lib/python3.12/asyncio/runners.py", line 118, in run
    return self._loop.run_until_complete(task)
           ^^^^^^^^^^^^^^^^^^^^^^^^^^^^^^^^^^^
  File "/usr/lib/python3.12/asyncio/base_events.py", line 687, in run_until_complete
    return future.result()
           ^^^^^^^^^^^^^^^
  File "/media/icarus112/SharedUbuntuWin/python/projects/VisitAI/main.py", line 36, in main
    await bot.delete_webhook(drop_pending_updates=True)
  File "/media/icarus112/SharedUbuntuWin/python/projects/VisitAI/.venv/lib/python3.12/site-packages/aiogram/client/bot.py", line 1255, in delete_webhook
    return await self(call, request_timeout=request_timeout)
           ^^^^^^^^^^^^^^^^^^^^^^^^^^^^^^^^^^^^^^^^^^^^^^^^^
  File "/media/icarus112/SharedUbuntuWin/python/projects/VisitAI/.venv/lib/python3.12/site-packages/aiogram/client/bot.py", line 493, in __call__
    return await self.session(self, method, timeout=request_timeout)
           ^^^^^^^^^^^^^^^^^^^^^^^^^^^^^^^^^^^^^^^^^^^^^^^^^^^^^^^^^
  File "/media/icarus112/SharedUbuntuWin/python/projects/VisitAI/.venv/lib/python3.12/site-packages/aiogram/client/session/base.py", line 259, in __call__
    return cast(TelegramType, await middleware(bot, method))
                              ^^^^^^^^^^^^^^^^^^^^^^^^^^^^^
  File "/media/icarus112/SharedUbuntuWin/python/projects/VisitAI/.venv/lib/python3.12/site-packages/aiogram/client/session/aiohttp.py", line 176, in make_request
    raise TelegramNetworkError(method=method, message=f"{type(e).__name__}: {e}") from e
aiogram.exceptions.TelegramNetworkError: HTTP Client says - ClientConnectorError: Cannot connect to host api.telegram.org:443 ssl:default [Network is unreachable]
2026-06-04 13:22:52,738 | ERROR | asyncio | Unclosed client session
client_session: <aiohttp.client.ClientSession object at 0x7cd0397e3f80>
2026-06-04 13:23:40,939 | ERROR | __main__ | Fatal error while running bot
Traceback (most recent call last):
  File "/media/icarus112/SharedUbuntuWin/python/projects/VisitAI/.venv/lib/python3.12/site-packages/aiohttp/connector.py", line 1325, in _wrap_create_connection
    return await self._loop.create_connection(*args, **kwargs, sock=sock)
           ^^^^^^^^^^^^^^^^^^^^^^^^^^^^^^^^^^^^^^^^^^^^^^^^^^^^^^^^^^^^^^
  File "/usr/lib/python3.12/asyncio/base_events.py", line 1149, in create_connection
    transport, protocol = await self._create_connection_transport(
                          ^^^^^^^^^^^^^^^^^^^^^^^^^^^^^^^^^^^^^^^^
  File "/usr/lib/python3.12/asyncio/base_events.py", line 1182, in _create_connection_transport
    await waiter
  File "/usr/lib/python3.12/asyncio/sslproto.py", line 578, in _on_handshake_complete
    raise handshake_exc
ConnectionResetError

The above exception was the direct cause of the following exception:

Traceback (most recent call last):
  File "/media/icarus112/SharedUbuntuWin/python/projects/VisitAI/.venv/lib/python3.12/site-packages/aiogram/client/session/aiohttp.py", line 167, in make_request
    async with session.post(
  File "/media/icarus112/SharedUbuntuWin/python/projects/VisitAI/.venv/lib/python3.12/site-packages/aiohttp/client.py", line 1521, in __aenter__
    self._resp: _RetType = await self._coro
                           ^^^^^^^^^^^^^^^^
  File "/media/icarus112/SharedUbuntuWin/python/projects/VisitAI/.venv/lib/python3.12/site-packages/aiohttp/client.py", line 788, in _request
    resp = await handler(req)
           ^^^^^^^^^^^^^^^^^^
  File "/media/icarus112/SharedUbuntuWin/python/projects/VisitAI/.venv/lib/python3.12/site-packages/aiohttp/client.py", line 742, in _connect_and_send_request
    conn = await self._connector.connect(
           ^^^^^^^^^^^^^^^^^^^^^^^^^^^^^^
  File "/media/icarus112/SharedUbuntuWin/python/projects/VisitAI/.venv/lib/python3.12/site-packages/aiohttp/connector.py", line 672, in connect
    proto = await self._create_connection(req, traces, timeout)
            ^^^^^^^^^^^^^^^^^^^^^^^^^^^^^^^^^^^^^^^^^^^^^^^^^^^
  File "/media/icarus112/SharedUbuntuWin/python/projects/VisitAI/.venv/lib/python3.12/site-packages/aiohttp/connector.py", line 1251, in _create_connection
    _, proto = await self._create_direct_connection(req, traces, timeout)
               ^^^^^^^^^^^^^^^^^^^^^^^^^^^^^^^^^^^^^^^^^^^^^^^^^^^^^^^^^^
  File "/media/icarus112/SharedUbuntuWin/python/projects/VisitAI/.venv/lib/python3.12/site-packages/aiohttp/connector.py", line 1623, in _create_direct_connection
    raise last_exc
  File "/media/icarus112/SharedUbuntuWin/python/projects/VisitAI/.venv/lib/python3.12/site-packages/aiohttp/connector.py", line 1592, in _create_direct_connection
    transp, proto = await self._wrap_create_connection(
                    ^^^^^^^^^^^^^^^^^^^^^^^^^^^^^^^^^^^
  File "/media/icarus112/SharedUbuntuWin/python/projects/VisitAI/.venv/lib/python3.12/site-packages/aiohttp/connector.py", line 1333, in _wrap_create_connection
    raise client_error(req.connection_key, exc) from exc
aiohttp.client_exceptions.ClientConnectorError: Cannot connect to host api.telegram.org:443 ssl:default [None]

The above exception was the direct cause of the following exception:

Traceback (most recent call last):
  File "/media/icarus112/SharedUbuntuWin/python/projects/VisitAI/main.py", line 45, in <module>
    asyncio.run(main())
  File "/usr/lib/python3.12/asyncio/runners.py", line 194, in run
    return runner.run(main)
           ^^^^^^^^^^^^^^^^
  File "/usr/lib/python3.12/asyncio/runners.py", line 118, in run
    return self._loop.run_until_complete(task)
           ^^^^^^^^^^^^^^^^^^^^^^^^^^^^^^^^^^^
  File "/usr/lib/python3.12/asyncio/base_events.py", line 687, in run_until_complete
    return future.result()
           ^^^^^^^^^^^^^^^
  File "/media/icarus112/SharedUbuntuWin/python/projects/VisitAI/main.py", line 36, in main
    await bot.delete_webhook(drop_pending_updates=True)
  File "/media/icarus112/SharedUbuntuWin/python/projects/VisitAI/.venv/lib/python3.12/site-packages/aiogram/client/bot.py", line 1255, in delete_webhook
    return await self(call, request_timeout=request_timeout)
           ^^^^^^^^^^^^^^^^^^^^^^^^^^^^^^^^^^^^^^^^^^^^^^^^^
  File "/media/icarus112/SharedUbuntuWin/python/projects/VisitAI/.venv/lib/python3.12/site-packages/aiogram/client/bot.py", line 493, in __call__
    return await self.session(self, method, timeout=request_timeout)
           ^^^^^^^^^^^^^^^^^^^^^^^^^^^^^^^^^^^^^^^^^^^^^^^^^^^^^^^^^
  File "/media/icarus112/SharedUbuntuWin/python/projects/VisitAI/.venv/lib/python3.12/site-packages/aiogram/client/session/base.py", line 259, in __call__
    return cast(TelegramType, await middleware(bot, method))
                              ^^^^^^^^^^^^^^^^^^^^^^^^^^^^^
  File "/media/icarus112/SharedUbuntuWin/python/projects/VisitAI/.venv/lib/python3.12/site-packages/aiogram/client/session/aiohttp.py", line 176, in make_request
    raise TelegramNetworkError(method=method, message=f"{type(e).__name__}: {e}") from e
aiogram.exceptions.TelegramNetworkError: HTTP Client says - ClientConnectorError: Cannot connect to host api.telegram.org:443 ssl:default [None]
2026-06-04 13:23:41,024 | ERROR | asyncio | Unclosed client session
client_session: <aiohttp.client.ClientSession object at 0x70ae22650e00>
2026-06-04 13:24:23,218 | ERROR | asyncio | Unclosed client session
client_session: <aiohttp.client.ClientSession object at 0x7a54045f3c80>
2026-06-04 13:30:17,040 | ERROR | aiogram.event | Cause exception while process update id=78298697 by bot id=8635000285
DBAPIError: (sqlalchemy.dialects.postgresql.asyncpg.Error) <class 'asyncpg.exceptions.InvalidTextRepresentationError'>: invalid input value for enum bookstatus: "UNPAID"
[SQL: SELECT bookings.id, bookings.user_id, bookings.catalog_id, bookings.date, bookings.time, bookings.status, bookings.payment_id, bookings.comment 
FROM bookings 
WHERE bookings.user_id = $1::BIGINT AND bookings.status IN ($2::bookstatus, $3::bookstatus, $4::bookstatus, $5::bookstatus) ORDER BY bookings.date, bookings.time]
[parameters: (1, 'PENDING', 'UNPAID', 'PAID', 'FAILED_PAY')]
(Background on this error at: https://sqlalche.me/e/20/dbapi)
Traceback (most recent call last):
  File "/media/icarus112/SharedUbuntuWin/python/projects/VisitAI/.venv/lib/python3.12/site-packages/sqlalchemy/dialects/postgresql/asyncpg.py", line 550, in _prepare_and_execute
    self._rows = deque(await prepared_stmt.fetch(*parameters))
                       ^^^^^^^^^^^^^^^^^^^^^^^^^^^^^^^^^^^^^^
  File "/media/icarus112/SharedUbuntuWin/python/projects/VisitAI/.venv/lib/python3.12/site-packages/asyncpg/prepared_stmt.py", line 177, in fetch
    data = await self.__bind_execute(args, 0, timeout)
           ^^^^^^^^^^^^^^^^^^^^^^^^^^^^^^^^^^^^^^^^^^^
  File "/media/icarus112/SharedUbuntuWin/python/projects/VisitAI/.venv/lib/python3.12/site-packages/asyncpg/prepared_stmt.py", line 268, in __bind_execute
    data, status, _ = await self.__do_execute(
                      ^^^^^^^^^^^^^^^^^^^^^^^^
  File "/media/icarus112/SharedUbuntuWin/python/projects/VisitAI/.venv/lib/python3.12/site-packages/asyncpg/prepared_stmt.py", line 257, in __do_execute
    return await executor(protocol)
           ^^^^^^^^^^^^^^^^^^^^^^^^
  File "asyncpg/protocol/protocol.pyx", line 205, in bind_execute
asyncpg.exceptions.InvalidTextRepresentationError: invalid input value for enum bookstatus: "UNPAID"

The above exception was the direct cause of the following exception:

Traceback (most recent call last):
  File "/media/icarus112/SharedUbuntuWin/python/projects/VisitAI/.venv/lib/python3.12/site-packages/sqlalchemy/engine/base.py", line 1967, in _exec_single_context
    self.dialect.do_execute(
  File "/media/icarus112/SharedUbuntuWin/python/projects/VisitAI/.venv/lib/python3.12/site-packages/sqlalchemy/engine/default.py", line 952, in do_execute
    cursor.execute(statement, parameters)
  File "/media/icarus112/SharedUbuntuWin/python/projects/VisitAI/.venv/lib/python3.12/site-packages/sqlalchemy/dialects/postgresql/asyncpg.py", line 585, in execute
    self._adapt_connection.await_(
  File "/media/icarus112/SharedUbuntuWin/python/projects/VisitAI/.venv/lib/python3.12/site-packages/sqlalchemy/util/_concurrency_py3k.py", line 132, in await_only
    return current.parent.switch(awaitable)  # type: ignore[no-any-return,attr-defined] # noqa: E501
           ^^^^^^^^^^^^^^^^^^^^^^^^^^^^^^^^
  File "/media/icarus112/SharedUbuntuWin/python/projects/VisitAI/.venv/lib/python3.12/site-packages/sqlalchemy/util/_concurrency_py3k.py", line 196, in greenlet_spawn
    value = await result
            ^^^^^^^^^^^^
  File "/media/icarus112/SharedUbuntuWin/python/projects/VisitAI/.venv/lib/python3.12/site-packages/sqlalchemy/dialects/postgresql/asyncpg.py", line 563, in _prepare_and_execute
    self._handle_exception(error)
  File "/media/icarus112/SharedUbuntuWin/python/projects/VisitAI/.venv/lib/python3.12/site-packages/sqlalchemy/dialects/postgresql/asyncpg.py", line 513, in _handle_exception
    self._adapt_connection._handle_exception(error)
  File "/media/icarus112/SharedUbuntuWin/python/projects/VisitAI/.venv/lib/python3.12/site-packages/sqlalchemy/dialects/postgresql/asyncpg.py", line 797, in _handle_exception
    raise translated_error from error
sqlalchemy.dialects.postgresql.asyncpg.AsyncAdapt_asyncpg_dbapi.Error: <class 'asyncpg.exceptions.InvalidTextRepresentationError'>: invalid input value for enum bookstatus: "UNPAID"

The above exception was the direct cause of the following exception:

Traceback (most recent call last):
  File "/media/icarus112/SharedUbuntuWin/python/projects/VisitAI/.venv/lib/python3.12/site-packages/aiogram/dispatcher/dispatcher.py", line 320, in _process_update
    response = await self.feed_update(bot, update, **kwargs)
               ^^^^^^^^^^^^^^^^^^^^^^^^^^^^^^^^^^^^^^^^^^^^^
  File "/media/icarus112/SharedUbuntuWin/python/projects/VisitAI/.venv/lib/python3.12/site-packages/aiogram/dispatcher/dispatcher.py", line 164, in feed_update
    response = await self.update.wrap_outer_middleware(
               ^^^^^^^^^^^^^^^^^^^^^^^^^^^^^^^^^^^^^^^^
  File "/media/icarus112/SharedUbuntuWin/python/projects/VisitAI/.venv/lib/python3.12/site-packages/aiogram/dispatcher/middlewares/error.py", line 27, in __call__
    return await handler(event, data)
           ^^^^^^^^^^^^^^^^^^^^^^^^^^
  File "/media/icarus112/SharedUbuntuWin/python/projects/VisitAI/.venv/lib/python3.12/site-packages/aiogram/dispatcher/middlewares/user_context.py", line 58, in __call__
    return await handler(event, data)
           ^^^^^^^^^^^^^^^^^^^^^^^^^^
  File "/media/icarus112/SharedUbuntuWin/python/projects/VisitAI/.venv/lib/python3.12/site-packages/aiogram/fsm/middleware.py", line 43, in __call__
    return await handler(event, data)
           ^^^^^^^^^^^^^^^^^^^^^^^^^^
  File "/media/icarus112/SharedUbuntuWin/python/projects/VisitAI/.venv/lib/python3.12/site-packages/aiogram/dispatcher/event/telegram.py", line 126, in trigger
    return await wrapped_inner(event, kwargs)
           ^^^^^^^^^^^^^^^^^^^^^^^^^^^^^^^^^^
  File "/media/icarus112/SharedUbuntuWin/python/projects/VisitAI/.venv/lib/python3.12/site-packages/aiogram/dispatcher/event/handler.py", line 71, in call
    return await wrapped()
           ^^^^^^^^^^^^^^^
  File "/media/icarus112/SharedUbuntuWin/python/projects/VisitAI/.venv/lib/python3.12/site-packages/aiogram/dispatcher/dispatcher.py", line 283, in _listen_update
    return await self.propagate_event(update_type=update_type, event=event, **kwargs)
           ^^^^^^^^^^^^^^^^^^^^^^^^^^^^^^^^^^^^^^^^^^^^^^^^^^^^^^^^^^^^^^^^^^^^^^^^^^
  File "/media/icarus112/SharedUbuntuWin/python/projects/VisitAI/.venv/lib/python3.12/site-packages/aiogram/dispatcher/router.py", line 163, in propagate_event
    return await observer.wrap_outer_middleware(_wrapped, event=event, data=kwargs)
           ^^^^^^^^^^^^^^^^^^^^^^^^^^^^^^^^^^^^^^^^^^^^^^^^^^^^^^^^^^^^^^^^^^^^^^^^
  File "/media/icarus112/SharedUbuntuWin/python/projects/VisitAI/app/core/middlewares.py", line 44, in __call__
    result = await handler(event, data)
             ^^^^^^^^^^^^^^^^^^^^^^^^^^
  File "/media/icarus112/SharedUbuntuWin/python/projects/VisitAI/.venv/lib/python3.12/site-packages/aiogram/dispatcher/router.py", line 155, in _wrapped
    return await self._propagate_event(
           ^^^^^^^^^^^^^^^^^^^^^^^^^^^^
  File "/media/icarus112/SharedUbuntuWin/python/projects/VisitAI/.venv/lib/python3.12/site-packages/aiogram/dispatcher/router.py", line 191, in _propagate_event
    response = await router.propagate_event(update_type=update_type, event=event, **kwargs)
               ^^^^^^^^^^^^^^^^^^^^^^^^^^^^^^^^^^^^^^^^^^^^^^^^^^^^^^^^^^^^^^^^^^^^^^^^^^^^
  File "/media/icarus112/SharedUbuntuWin/python/projects/VisitAI/.venv/lib/python3.12/site-packages/aiogram/dispatcher/router.py", line 163, in propagate_event
    return await observer.wrap_outer_middleware(_wrapped, event=event, data=kwargs)
           ^^^^^^^^^^^^^^^^^^^^^^^^^^^^^^^^^^^^^^^^^^^^^^^^^^^^^^^^^^^^^^^^^^^^^^^^
  File "/media/icarus112/SharedUbuntuWin/python/projects/VisitAI/.venv/lib/python3.12/site-packages/aiogram/dispatcher/router.py", line 155, in _wrapped
    return await self._propagate_event(
           ^^^^^^^^^^^^^^^^^^^^^^^^^^^^
  File "/media/icarus112/SharedUbuntuWin/python/projects/VisitAI/.venv/lib/python3.12/site-packages/aiogram/dispatcher/router.py", line 191, in _propagate_event
    response = await router.propagate_event(update_type=update_type, event=event, **kwargs)
               ^^^^^^^^^^^^^^^^^^^^^^^^^^^^^^^^^^^^^^^^^^^^^^^^^^^^^^^^^^^^^^^^^^^^^^^^^^^^
  File "/media/icarus112/SharedUbuntuWin/python/projects/VisitAI/.venv/lib/python3.12/site-packages/aiogram/dispatcher/router.py", line 163, in propagate_event
    return await observer.wrap_outer_middleware(_wrapped, event=event, data=kwargs)
           ^^^^^^^^^^^^^^^^^^^^^^^^^^^^^^^^^^^^^^^^^^^^^^^^^^^^^^^^^^^^^^^^^^^^^^^^
  File "/media/icarus112/SharedUbuntuWin/python/projects/VisitAI/.venv/lib/python3.12/site-packages/aiogram/dispatcher/router.py", line 155, in _wrapped
    return await self._propagate_event(
           ^^^^^^^^^^^^^^^^^^^^^^^^^^^^
  File "/media/icarus112/SharedUbuntuWin/python/projects/VisitAI/.venv/lib/python3.12/site-packages/aiogram/dispatcher/router.py", line 183, in _propagate_event
    response = await observer.trigger(event, **kwargs)
               ^^^^^^^^^^^^^^^^^^^^^^^^^^^^^^^^^^^^^^^
  File "/media/icarus112/SharedUbuntuWin/python/projects/VisitAI/.venv/lib/python3.12/site-packages/aiogram/dispatcher/event/telegram.py", line 126, in trigger
    return await wrapped_inner(event, kwargs)
           ^^^^^^^^^^^^^^^^^^^^^^^^^^^^^^^^^^
  File "/media/icarus112/SharedUbuntuWin/python/projects/VisitAI/.venv/lib/python3.12/site-packages/aiogram/dispatcher/event/handler.py", line 71, in call
    return await wrapped()
           ^^^^^^^^^^^^^^^
  File "/media/icarus112/SharedUbuntuWin/python/projects/VisitAI/app/handlers/record.py", line 326, in my_booking
    my_bks = await bk_sv.my_bk_info(user.id)
             ^^^^^^^^^^^^^^^^^^^^^^^^^^^^^^^
  File "/media/icarus112/SharedUbuntuWin/python/projects/VisitAI/app/service/booking.py", line 137, in my_bk_info
    my_bks = await self.bk_rp.get_my_bookings(us_id)
             ^^^^^^^^^^^^^^^^^^^^^^^^^^^^^^^^^^^^^^^
  File "/media/icarus112/SharedUbuntuWin/python/projects/VisitAI/app/repository/booking.py", line 37, in get_my_bookings
    result = await self.session.execute(stmt)
             ^^^^^^^^^^^^^^^^^^^^^^^^^^^^^^^^
  File "/media/icarus112/SharedUbuntuWin/python/projects/VisitAI/.venv/lib/python3.12/site-packages/sqlalchemy/ext/asyncio/session.py", line 449, in execute
    result = await greenlet_spawn(
             ^^^^^^^^^^^^^^^^^^^^^
  File "/media/icarus112/SharedUbuntuWin/python/projects/VisitAI/.venv/lib/python3.12/site-packages/sqlalchemy/util/_concurrency_py3k.py", line 201, in greenlet_spawn
    result = context.throw(*sys.exc_info())
             ^^^^^^^^^^^^^^^^^^^^^^^^^^^^^^
  File "/media/icarus112/SharedUbuntuWin/python/projects/VisitAI/.venv/lib/python3.12/site-packages/sqlalchemy/orm/session.py", line 2351, in execute
    return self._execute_internal(
           ^^^^^^^^^^^^^^^^^^^^^^^
  File "/media/icarus112/SharedUbuntuWin/python/projects/VisitAI/.venv/lib/python3.12/site-packages/sqlalchemy/orm/session.py", line 2249, in _execute_internal
    result: Result[Any] = compile_state_cls.orm_execute_statement(
                          ^^^^^^^^^^^^^^^^^^^^^^^^^^^^^^^^^^^^^^^^
  File "/media/icarus112/SharedUbuntuWin/python/projects/VisitAI/.venv/lib/python3.12/site-packages/sqlalchemy/orm/context.py", line 306, in orm_execute_statement
    result = conn.execute(
             ^^^^^^^^^^^^^
  File "/media/icarus112/SharedUbuntuWin/python/projects/VisitAI/.venv/lib/python3.12/site-packages/sqlalchemy/engine/base.py", line 1419, in execute
    return meth(
           ^^^^^
  File "/media/icarus112/SharedUbuntuWin/python/projects/VisitAI/.venv/lib/python3.12/site-packages/sqlalchemy/sql/elements.py", line 527, in _execute_on_connection
    return connection._execute_clauseelement(
           ^^^^^^^^^^^^^^^^^^^^^^^^^^^^^^^^^^
  File "/media/icarus112/SharedUbuntuWin/python/projects/VisitAI/.venv/lib/python3.12/site-packages/sqlalchemy/engine/base.py", line 1641, in _execute_clauseelement
    ret = self._execute_context(
          ^^^^^^^^^^^^^^^^^^^^^^
  File "/media/icarus112/SharedUbuntuWin/python/projects/VisitAI/.venv/lib/python3.12/site-packages/sqlalchemy/engine/base.py", line 1846, in _execute_context
    return self._exec_single_context(
           ^^^^^^^^^^^^^^^^^^^^^^^^^^
  File "/media/icarus112/SharedUbuntuWin/python/projects/VisitAI/.venv/lib/python3.12/site-packages/sqlalchemy/engine/base.py", line 1986, in _exec_single_context
    self._handle_dbapi_exception(
  File "/media/icarus112/SharedUbuntuWin/python/projects/VisitAI/.venv/lib/python3.12/site-packages/sqlalchemy/engine/base.py", line 2363, in _handle_dbapi_exception
    raise sqlalchemy_exception.with_traceback(exc_info[2]) from e
  File "/media/icarus112/SharedUbuntuWin/python/projects/VisitAI/.venv/lib/python3.12/site-packages/sqlalchemy/engine/base.py", line 1967, in _exec_single_context
    self.dialect.do_execute(
  File "/media/icarus112/SharedUbuntuWin/python/projects/VisitAI/.venv/lib/python3.12/site-packages/sqlalchemy/engine/default.py", line 952, in do_execute
    cursor.execute(statement, parameters)
  File "/media/icarus112/SharedUbuntuWin/python/projects/VisitAI/.venv/lib/python3.12/site-packages/sqlalchemy/dialects/postgresql/asyncpg.py", line 585, in execute
    self._adapt_connection.await_(
  File "/media/icarus112/SharedUbuntuWin/python/projects/VisitAI/.venv/lib/python3.12/site-packages/sqlalchemy/util/_concurrency_py3k.py", line 132, in await_only
    return current.parent.switch(awaitable)  # type: ignore[no-any-return,attr-defined] # noqa: E501
           ^^^^^^^^^^^^^^^^^^^^^^^^^^^^^^^^
  File "/media/icarus112/SharedUbuntuWin/python/projects/VisitAI/.venv/lib/python3.12/site-packages/sqlalchemy/util/_concurrency_py3k.py", line 196, in greenlet_spawn
    value = await result
            ^^^^^^^^^^^^
  File "/media/icarus112/SharedUbuntuWin/python/projects/VisitAI/.venv/lib/python3.12/site-packages/sqlalchemy/dialects/postgresql/asyncpg.py", line 563, in _prepare_and_execute
    self._handle_exception(error)
  File "/media/icarus112/SharedUbuntuWin/python/projects/VisitAI/.venv/lib/python3.12/site-packages/sqlalchemy/dialects/postgresql/asyncpg.py", line 513, in _handle_exception
    self._adapt_connection._handle_exception(error)
  File "/media/icarus112/SharedUbuntuWin/python/projects/VisitAI/.venv/lib/python3.12/site-packages/sqlalchemy/dialects/postgresql/asyncpg.py", line 797, in _handle_exception
    raise translated_error from error
sqlalchemy.exc.DBAPIError: (sqlalchemy.dialects.postgresql.asyncpg.Error) <class 'asyncpg.exceptions.InvalidTextRepresentationError'>: invalid input value for enum bookstatus: "UNPAID"
[SQL: SELECT bookings.id, bookings.user_id, bookings.catalog_id, bookings.date, bookings.time, bookings.status, bookings.payment_id, bookings.comment 
FROM bookings 
WHERE bookings.user_id = $1::BIGINT AND bookings.status IN ($2::bookstatus, $3::bookstatus, $4::bookstatus, $5::bookstatus) ORDER BY bookings.date, bookings.time]
[parameters: (1, 'PENDING', 'UNPAID', 'PAID', 'FAILED_PAY')]
(Background on this error at: https://sqlalche.me/e/20/dbapi)
2026-06-04 13:34:09,616 | ERROR | aiogram.event | Cause exception while process update id=78298699 by bot id=8635000285
DBAPIError: (sqlalchemy.dialects.postgresql.asyncpg.Error) <class 'asyncpg.exceptions.InvalidTextRepresentationError'>: invalid input value for enum bookstatus: "UNPAID"
[SQL: SELECT bookings.id, bookings.user_id, bookings.catalog_id, bookings.date, bookings.time, bookings.status, bookings.payment_id, bookings.comment 
FROM bookings 
WHERE bookings.user_id = $1::BIGINT AND bookings.status IN ($2::bookstatus, $3::bookstatus, $4::bookstatus, $5::bookstatus) ORDER BY bookings.date, bookings.time]
[parameters: (1, 'PENDING', 'UNPAID', 'PAID', 'FAILED_PAY')]
(Background on this error at: https://sqlalche.me/e/20/dbapi)
Traceback (most recent call last):
  File "/media/icarus112/SharedUbuntuWin/python/projects/VisitAI/.venv/lib/python3.12/site-packages/sqlalchemy/dialects/postgresql/asyncpg.py", line 550, in _prepare_and_execute
    self._rows = deque(await prepared_stmt.fetch(*parameters))
                       ^^^^^^^^^^^^^^^^^^^^^^^^^^^^^^^^^^^^^^
  File "/media/icarus112/SharedUbuntuWin/python/projects/VisitAI/.venv/lib/python3.12/site-packages/asyncpg/prepared_stmt.py", line 177, in fetch
    data = await self.__bind_execute(args, 0, timeout)
           ^^^^^^^^^^^^^^^^^^^^^^^^^^^^^^^^^^^^^^^^^^^
  File "/media/icarus112/SharedUbuntuWin/python/projects/VisitAI/.venv/lib/python3.12/site-packages/asyncpg/prepared_stmt.py", line 268, in __bind_execute
    data, status, _ = await self.__do_execute(
                      ^^^^^^^^^^^^^^^^^^^^^^^^
  File "/media/icarus112/SharedUbuntuWin/python/projects/VisitAI/.venv/lib/python3.12/site-packages/asyncpg/prepared_stmt.py", line 257, in __do_execute
    return await executor(protocol)
           ^^^^^^^^^^^^^^^^^^^^^^^^
  File "asyncpg/protocol/protocol.pyx", line 205, in bind_execute
asyncpg.exceptions.InvalidTextRepresentationError: invalid input value for enum bookstatus: "UNPAID"

The above exception was the direct cause of the following exception:

Traceback (most recent call last):
  File "/media/icarus112/SharedUbuntuWin/python/projects/VisitAI/.venv/lib/python3.12/site-packages/sqlalchemy/engine/base.py", line 1967, in _exec_single_context
    self.dialect.do_execute(
  File "/media/icarus112/SharedUbuntuWin/python/projects/VisitAI/.venv/lib/python3.12/site-packages/sqlalchemy/engine/default.py", line 952, in do_execute
    cursor.execute(statement, parameters)
  File "/media/icarus112/SharedUbuntuWin/python/projects/VisitAI/.venv/lib/python3.12/site-packages/sqlalchemy/dialects/postgresql/asyncpg.py", line 585, in execute
    self._adapt_connection.await_(
  File "/media/icarus112/SharedUbuntuWin/python/projects/VisitAI/.venv/lib/python3.12/site-packages/sqlalchemy/util/_concurrency_py3k.py", line 132, in await_only
    return current.parent.switch(awaitable)  # type: ignore[no-any-return,attr-defined] # noqa: E501
           ^^^^^^^^^^^^^^^^^^^^^^^^^^^^^^^^
  File "/media/icarus112/SharedUbuntuWin/python/projects/VisitAI/.venv/lib/python3.12/site-packages/sqlalchemy/util/_concurrency_py3k.py", line 196, in greenlet_spawn
    value = await result
            ^^^^^^^^^^^^
  File "/media/icarus112/SharedUbuntuWin/python/projects/VisitAI/.venv/lib/python3.12/site-packages/sqlalchemy/dialects/postgresql/asyncpg.py", line 563, in _prepare_and_execute
    self._handle_exception(error)
  File "/media/icarus112/SharedUbuntuWin/python/projects/VisitAI/.venv/lib/python3.12/site-packages/sqlalchemy/dialects/postgresql/asyncpg.py", line 513, in _handle_exception
    self._adapt_connection._handle_exception(error)
  File "/media/icarus112/SharedUbuntuWin/python/projects/VisitAI/.venv/lib/python3.12/site-packages/sqlalchemy/dialects/postgresql/asyncpg.py", line 797, in _handle_exception
    raise translated_error from error
sqlalchemy.dialects.postgresql.asyncpg.AsyncAdapt_asyncpg_dbapi.Error: <class 'asyncpg.exceptions.InvalidTextRepresentationError'>: invalid input value for enum bookstatus: "UNPAID"

The above exception was the direct cause of the following exception:

Traceback (most recent call last):
  File "/media/icarus112/SharedUbuntuWin/python/projects/VisitAI/.venv/lib/python3.12/site-packages/aiogram/dispatcher/dispatcher.py", line 320, in _process_update
    response = await self.feed_update(bot, update, **kwargs)
               ^^^^^^^^^^^^^^^^^^^^^^^^^^^^^^^^^^^^^^^^^^^^^
  File "/media/icarus112/SharedUbuntuWin/python/projects/VisitAI/.venv/lib/python3.12/site-packages/aiogram/dispatcher/dispatcher.py", line 164, in feed_update
    response = await self.update.wrap_outer_middleware(
               ^^^^^^^^^^^^^^^^^^^^^^^^^^^^^^^^^^^^^^^^
  File "/media/icarus112/SharedUbuntuWin/python/projects/VisitAI/.venv/lib/python3.12/site-packages/aiogram/dispatcher/middlewares/error.py", line 27, in __call__
    return await handler(event, data)
           ^^^^^^^^^^^^^^^^^^^^^^^^^^
  File "/media/icarus112/SharedUbuntuWin/python/projects/VisitAI/.venv/lib/python3.12/site-packages/aiogram/dispatcher/middlewares/user_context.py", line 58, in __call__
    return await handler(event, data)
           ^^^^^^^^^^^^^^^^^^^^^^^^^^
  File "/media/icarus112/SharedUbuntuWin/python/projects/VisitAI/.venv/lib/python3.12/site-packages/aiogram/fsm/middleware.py", line 43, in __call__
    return await handler(event, data)
           ^^^^^^^^^^^^^^^^^^^^^^^^^^
  File "/media/icarus112/SharedUbuntuWin/python/projects/VisitAI/.venv/lib/python3.12/site-packages/aiogram/dispatcher/event/telegram.py", line 126, in trigger
    return await wrapped_inner(event, kwargs)
           ^^^^^^^^^^^^^^^^^^^^^^^^^^^^^^^^^^
  File "/media/icarus112/SharedUbuntuWin/python/projects/VisitAI/.venv/lib/python3.12/site-packages/aiogram/dispatcher/event/handler.py", line 71, in call
    return await wrapped()
           ^^^^^^^^^^^^^^^
  File "/media/icarus112/SharedUbuntuWin/python/projects/VisitAI/.venv/lib/python3.12/site-packages/aiogram/dispatcher/dispatcher.py", line 283, in _listen_update
    return await self.propagate_event(update_type=update_type, event=event, **kwargs)
           ^^^^^^^^^^^^^^^^^^^^^^^^^^^^^^^^^^^^^^^^^^^^^^^^^^^^^^^^^^^^^^^^^^^^^^^^^^
  File "/media/icarus112/SharedUbuntuWin/python/projects/VisitAI/.venv/lib/python3.12/site-packages/aiogram/dispatcher/router.py", line 163, in propagate_event
    return await observer.wrap_outer_middleware(_wrapped, event=event, data=kwargs)
           ^^^^^^^^^^^^^^^^^^^^^^^^^^^^^^^^^^^^^^^^^^^^^^^^^^^^^^^^^^^^^^^^^^^^^^^^
  File "/media/icarus112/SharedUbuntuWin/python/projects/VisitAI/app/core/middlewares.py", line 44, in __call__
    result = await handler(event, data)
             ^^^^^^^^^^^^^^^^^^^^^^^^^^
  File "/media/icarus112/SharedUbuntuWin/python/projects/VisitAI/.venv/lib/python3.12/site-packages/aiogram/dispatcher/router.py", line 155, in _wrapped
    return await self._propagate_event(
           ^^^^^^^^^^^^^^^^^^^^^^^^^^^^
  File "/media/icarus112/SharedUbuntuWin/python/projects/VisitAI/.venv/lib/python3.12/site-packages/aiogram/dispatcher/router.py", line 191, in _propagate_event
    response = await router.propagate_event(update_type=update_type, event=event, **kwargs)
               ^^^^^^^^^^^^^^^^^^^^^^^^^^^^^^^^^^^^^^^^^^^^^^^^^^^^^^^^^^^^^^^^^^^^^^^^^^^^
  File "/media/icarus112/SharedUbuntuWin/python/projects/VisitAI/.venv/lib/python3.12/site-packages/aiogram/dispatcher/router.py", line 163, in propagate_event
    return await observer.wrap_outer_middleware(_wrapped, event=event, data=kwargs)
           ^^^^^^^^^^^^^^^^^^^^^^^^^^^^^^^^^^^^^^^^^^^^^^^^^^^^^^^^^^^^^^^^^^^^^^^^
  File "/media/icarus112/SharedUbuntuWin/python/projects/VisitAI/.venv/lib/python3.12/site-packages/aiogram/dispatcher/router.py", line 155, in _wrapped
    return await self._propagate_event(
           ^^^^^^^^^^^^^^^^^^^^^^^^^^^^
  File "/media/icarus112/SharedUbuntuWin/python/projects/VisitAI/.venv/lib/python3.12/site-packages/aiogram/dispatcher/router.py", line 191, in _propagate_event
    response = await router.propagate_event(update_type=update_type, event=event, **kwargs)
               ^^^^^^^^^^^^^^^^^^^^^^^^^^^^^^^^^^^^^^^^^^^^^^^^^^^^^^^^^^^^^^^^^^^^^^^^^^^^
  File "/media/icarus112/SharedUbuntuWin/python/projects/VisitAI/.venv/lib/python3.12/site-packages/aiogram/dispatcher/router.py", line 163, in propagate_event
    return await observer.wrap_outer_middleware(_wrapped, event=event, data=kwargs)
           ^^^^^^^^^^^^^^^^^^^^^^^^^^^^^^^^^^^^^^^^^^^^^^^^^^^^^^^^^^^^^^^^^^^^^^^^
  File "/media/icarus112/SharedUbuntuWin/python/projects/VisitAI/.venv/lib/python3.12/site-packages/aiogram/dispatcher/router.py", line 155, in _wrapped
    return await self._propagate_event(
           ^^^^^^^^^^^^^^^^^^^^^^^^^^^^
  File "/media/icarus112/SharedUbuntuWin/python/projects/VisitAI/.venv/lib/python3.12/site-packages/aiogram/dispatcher/router.py", line 183, in _propagate_event
    response = await observer.trigger(event, **kwargs)
               ^^^^^^^^^^^^^^^^^^^^^^^^^^^^^^^^^^^^^^^
  File "/media/icarus112/SharedUbuntuWin/python/projects/VisitAI/.venv/lib/python3.12/site-packages/aiogram/dispatcher/event/telegram.py", line 126, in trigger
    return await wrapped_inner(event, kwargs)
           ^^^^^^^^^^^^^^^^^^^^^^^^^^^^^^^^^^
  File "/media/icarus112/SharedUbuntuWin/python/projects/VisitAI/.venv/lib/python3.12/site-packages/aiogram/dispatcher/event/handler.py", line 71, in call
    return await wrapped()
           ^^^^^^^^^^^^^^^
  File "/media/icarus112/SharedUbuntuWin/python/projects/VisitAI/app/handlers/record.py", line 326, in my_booking
    my_bks = await bk_sv.my_bk_info(user.id)
             ^^^^^^^^^^^^^^^^^^^^^^^^^^^^^^^
  File "/media/icarus112/SharedUbuntuWin/python/projects/VisitAI/app/service/booking.py", line 137, in my_bk_info
    my_bks = await self.bk_rp.get_my_bookings(us_id)
             ^^^^^^^^^^^^^^^^^^^^^^^^^^^^^^^^^^^^^^^
  File "/media/icarus112/SharedUbuntuWin/python/projects/VisitAI/app/repository/booking.py", line 37, in get_my_bookings
    result = await self.session.execute(stmt)
             ^^^^^^^^^^^^^^^^^^^^^^^^^^^^^^^^
  File "/media/icarus112/SharedUbuntuWin/python/projects/VisitAI/.venv/lib/python3.12/site-packages/sqlalchemy/ext/asyncio/session.py", line 449, in execute
    result = await greenlet_spawn(
             ^^^^^^^^^^^^^^^^^^^^^
  File "/media/icarus112/SharedUbuntuWin/python/projects/VisitAI/.venv/lib/python3.12/site-packages/sqlalchemy/util/_concurrency_py3k.py", line 201, in greenlet_spawn
    result = context.throw(*sys.exc_info())
             ^^^^^^^^^^^^^^^^^^^^^^^^^^^^^^
  File "/media/icarus112/SharedUbuntuWin/python/projects/VisitAI/.venv/lib/python3.12/site-packages/sqlalchemy/orm/session.py", line 2351, in execute
    return self._execute_internal(
           ^^^^^^^^^^^^^^^^^^^^^^^
  File "/media/icarus112/SharedUbuntuWin/python/projects/VisitAI/.venv/lib/python3.12/site-packages/sqlalchemy/orm/session.py", line 2249, in _execute_internal
    result: Result[Any] = compile_state_cls.orm_execute_statement(
                          ^^^^^^^^^^^^^^^^^^^^^^^^^^^^^^^^^^^^^^^^
  File "/media/icarus112/SharedUbuntuWin/python/projects/VisitAI/.venv/lib/python3.12/site-packages/sqlalchemy/orm/context.py", line 306, in orm_execute_statement
    result = conn.execute(
             ^^^^^^^^^^^^^
  File "/media/icarus112/SharedUbuntuWin/python/projects/VisitAI/.venv/lib/python3.12/site-packages/sqlalchemy/engine/base.py", line 1419, in execute
    return meth(
           ^^^^^
  File "/media/icarus112/SharedUbuntuWin/python/projects/VisitAI/.venv/lib/python3.12/site-packages/sqlalchemy/sql/elements.py", line 527, in _execute_on_connection
    return connection._execute_clauseelement(
           ^^^^^^^^^^^^^^^^^^^^^^^^^^^^^^^^^^
  File "/media/icarus112/SharedUbuntuWin/python/projects/VisitAI/.venv/lib/python3.12/site-packages/sqlalchemy/engine/base.py", line 1641, in _execute_clauseelement
    ret = self._execute_context(
          ^^^^^^^^^^^^^^^^^^^^^^
  File "/media/icarus112/SharedUbuntuWin/python/projects/VisitAI/.venv/lib/python3.12/site-packages/sqlalchemy/engine/base.py", line 1846, in _execute_context
    return self._exec_single_context(
           ^^^^^^^^^^^^^^^^^^^^^^^^^^
  File "/media/icarus112/SharedUbuntuWin/python/projects/VisitAI/.venv/lib/python3.12/site-packages/sqlalchemy/engine/base.py", line 1986, in _exec_single_context
    self._handle_dbapi_exception(
  File "/media/icarus112/SharedUbuntuWin/python/projects/VisitAI/.venv/lib/python3.12/site-packages/sqlalchemy/engine/base.py", line 2363, in _handle_dbapi_exception
    raise sqlalchemy_exception.with_traceback(exc_info[2]) from e
  File "/media/icarus112/SharedUbuntuWin/python/projects/VisitAI/.venv/lib/python3.12/site-packages/sqlalchemy/engine/base.py", line 1967, in _exec_single_context
    self.dialect.do_execute(
  File "/media/icarus112/SharedUbuntuWin/python/projects/VisitAI/.venv/lib/python3.12/site-packages/sqlalchemy/engine/default.py", line 952, in do_execute
    cursor.execute(statement, parameters)
  File "/media/icarus112/SharedUbuntuWin/python/projects/VisitAI/.venv/lib/python3.12/site-packages/sqlalchemy/dialects/postgresql/asyncpg.py", line 585, in execute
    self._adapt_connection.await_(
  File "/media/icarus112/SharedUbuntuWin/python/projects/VisitAI/.venv/lib/python3.12/site-packages/sqlalchemy/util/_concurrency_py3k.py", line 132, in await_only
    return current.parent.switch(awaitable)  # type: ignore[no-any-return,attr-defined] # noqa: E501
           ^^^^^^^^^^^^^^^^^^^^^^^^^^^^^^^^
  File "/media/icarus112/SharedUbuntuWin/python/projects/VisitAI/.venv/lib/python3.12/site-packages/sqlalchemy/util/_concurrency_py3k.py", line 196, in greenlet_spawn
    value = await result
            ^^^^^^^^^^^^
  File "/media/icarus112/SharedUbuntuWin/python/projects/VisitAI/.venv/lib/python3.12/site-packages/sqlalchemy/dialects/postgresql/asyncpg.py", line 563, in _prepare_and_execute
    self._handle_exception(error)
  File "/media/icarus112/SharedUbuntuWin/python/projects/VisitAI/.venv/lib/python3.12/site-packages/sqlalchemy/dialects/postgresql/asyncpg.py", line 513, in _handle_exception
    self._adapt_connection._handle_exception(error)
  File "/media/icarus112/SharedUbuntuWin/python/projects/VisitAI/.venv/lib/python3.12/site-packages/sqlalchemy/dialects/postgresql/asyncpg.py", line 797, in _handle_exception
    raise translated_error from error
sqlalchemy.exc.DBAPIError: (sqlalchemy.dialects.postgresql.asyncpg.Error) <class 'asyncpg.exceptions.InvalidTextRepresentationError'>: invalid input value for enum bookstatus: "UNPAID"
[SQL: SELECT bookings.id, bookings.user_id, bookings.catalog_id, bookings.date, bookings.time, bookings.status, bookings.payment_id, bookings.comment 
FROM bookings 
WHERE bookings.user_id = $1::BIGINT AND bookings.status IN ($2::bookstatus, $3::bookstatus, $4::bookstatus, $5::bookstatus) ORDER BY bookings.date, bookings.time]
[parameters: (1, 'PENDING', 'UNPAID', 'PAID', 'FAILED_PAY')]
(Background on this error at: https://sqlalche.me/e/20/dbapi)
2026-06-04 13:34:59,968 | ERROR | aiogram.event | Cause exception while process update id=78298700 by bot id=8635000285
DBAPIError: (sqlalchemy.dialects.postgresql.asyncpg.Error) <class 'asyncpg.exceptions.InvalidTextRepresentationError'>: invalid input value for enum bookstatus: "UNPAID"
[SQL: SELECT bookings.id, bookings.user_id, bookings.catalog_id, bookings.date, bookings.time, bookings.status, bookings.payment_id, bookings.comment 
FROM bookings 
WHERE bookings.user_id = $1::BIGINT AND bookings.status IN ($2::bookstatus, $3::bookstatus, $4::bookstatus, $5::bookstatus) ORDER BY bookings.date, bookings.time]
[parameters: (1, 'PENDING', 'UNPAID', 'PAID', 'FAILED_PAY')]
(Background on this error at: https://sqlalche.me/e/20/dbapi)
Traceback (most recent call last):
  File "/media/icarus112/SharedUbuntuWin/python/projects/VisitAI/.venv/lib/python3.12/site-packages/sqlalchemy/dialects/postgresql/asyncpg.py", line 550, in _prepare_and_execute
    self._rows = deque(await prepared_stmt.fetch(*parameters))
                       ^^^^^^^^^^^^^^^^^^^^^^^^^^^^^^^^^^^^^^
  File "/media/icarus112/SharedUbuntuWin/python/projects/VisitAI/.venv/lib/python3.12/site-packages/asyncpg/prepared_stmt.py", line 177, in fetch
    data = await self.__bind_execute(args, 0, timeout)
           ^^^^^^^^^^^^^^^^^^^^^^^^^^^^^^^^^^^^^^^^^^^
  File "/media/icarus112/SharedUbuntuWin/python/projects/VisitAI/.venv/lib/python3.12/site-packages/asyncpg/prepared_stmt.py", line 268, in __bind_execute
    data, status, _ = await self.__do_execute(
                      ^^^^^^^^^^^^^^^^^^^^^^^^
  File "/media/icarus112/SharedUbuntuWin/python/projects/VisitAI/.venv/lib/python3.12/site-packages/asyncpg/prepared_stmt.py", line 257, in __do_execute
    return await executor(protocol)
           ^^^^^^^^^^^^^^^^^^^^^^^^
  File "asyncpg/protocol/protocol.pyx", line 205, in bind_execute
asyncpg.exceptions.InvalidTextRepresentationError: invalid input value for enum bookstatus: "UNPAID"

The above exception was the direct cause of the following exception:

Traceback (most recent call last):
  File "/media/icarus112/SharedUbuntuWin/python/projects/VisitAI/.venv/lib/python3.12/site-packages/sqlalchemy/engine/base.py", line 1967, in _exec_single_context
    self.dialect.do_execute(
  File "/media/icarus112/SharedUbuntuWin/python/projects/VisitAI/.venv/lib/python3.12/site-packages/sqlalchemy/engine/default.py", line 952, in do_execute
    cursor.execute(statement, parameters)
  File "/media/icarus112/SharedUbuntuWin/python/projects/VisitAI/.venv/lib/python3.12/site-packages/sqlalchemy/dialects/postgresql/asyncpg.py", line 585, in execute
    self._adapt_connection.await_(
  File "/media/icarus112/SharedUbuntuWin/python/projects/VisitAI/.venv/lib/python3.12/site-packages/sqlalchemy/util/_concurrency_py3k.py", line 132, in await_only
    return current.parent.switch(awaitable)  # type: ignore[no-any-return,attr-defined] # noqa: E501
           ^^^^^^^^^^^^^^^^^^^^^^^^^^^^^^^^
  File "/media/icarus112/SharedUbuntuWin/python/projects/VisitAI/.venv/lib/python3.12/site-packages/sqlalchemy/util/_concurrency_py3k.py", line 196, in greenlet_spawn
    value = await result
            ^^^^^^^^^^^^
  File "/media/icarus112/SharedUbuntuWin/python/projects/VisitAI/.venv/lib/python3.12/site-packages/sqlalchemy/dialects/postgresql/asyncpg.py", line 563, in _prepare_and_execute
    self._handle_exception(error)
  File "/media/icarus112/SharedUbuntuWin/python/projects/VisitAI/.venv/lib/python3.12/site-packages/sqlalchemy/dialects/postgresql/asyncpg.py", line 513, in _handle_exception
    self._adapt_connection._handle_exception(error)
  File "/media/icarus112/SharedUbuntuWin/python/projects/VisitAI/.venv/lib/python3.12/site-packages/sqlalchemy/dialects/postgresql/asyncpg.py", line 797, in _handle_exception
    raise translated_error from error
sqlalchemy.dialects.postgresql.asyncpg.AsyncAdapt_asyncpg_dbapi.Error: <class 'asyncpg.exceptions.InvalidTextRepresentationError'>: invalid input value for enum bookstatus: "UNPAID"

The above exception was the direct cause of the following exception:

Traceback (most recent call last):
  File "/media/icarus112/SharedUbuntuWin/python/projects/VisitAI/.venv/lib/python3.12/site-packages/aiogram/dispatcher/dispatcher.py", line 320, in _process_update
    response = await self.feed_update(bot, update, **kwargs)
               ^^^^^^^^^^^^^^^^^^^^^^^^^^^^^^^^^^^^^^^^^^^^^
  File "/media/icarus112/SharedUbuntuWin/python/projects/VisitAI/.venv/lib/python3.12/site-packages/aiogram/dispatcher/dispatcher.py", line 164, in feed_update
    response = await self.update.wrap_outer_middleware(
               ^^^^^^^^^^^^^^^^^^^^^^^^^^^^^^^^^^^^^^^^
  File "/media/icarus112/SharedUbuntuWin/python/projects/VisitAI/.venv/lib/python3.12/site-packages/aiogram/dispatcher/middlewares/error.py", line 27, in __call__
    return await handler(event, data)
           ^^^^^^^^^^^^^^^^^^^^^^^^^^
  File "/media/icarus112/SharedUbuntuWin/python/projects/VisitAI/.venv/lib/python3.12/site-packages/aiogram/dispatcher/middlewares/user_context.py", line 58, in __call__
    return await handler(event, data)
           ^^^^^^^^^^^^^^^^^^^^^^^^^^
  File "/media/icarus112/SharedUbuntuWin/python/projects/VisitAI/.venv/lib/python3.12/site-packages/aiogram/fsm/middleware.py", line 43, in __call__
    return await handler(event, data)
           ^^^^^^^^^^^^^^^^^^^^^^^^^^
  File "/media/icarus112/SharedUbuntuWin/python/projects/VisitAI/.venv/lib/python3.12/site-packages/aiogram/dispatcher/event/telegram.py", line 126, in trigger
    return await wrapped_inner(event, kwargs)
           ^^^^^^^^^^^^^^^^^^^^^^^^^^^^^^^^^^
  File "/media/icarus112/SharedUbuntuWin/python/projects/VisitAI/.venv/lib/python3.12/site-packages/aiogram/dispatcher/event/handler.py", line 71, in call
    return await wrapped()
           ^^^^^^^^^^^^^^^
  File "/media/icarus112/SharedUbuntuWin/python/projects/VisitAI/.venv/lib/python3.12/site-packages/aiogram/dispatcher/dispatcher.py", line 283, in _listen_update
    return await self.propagate_event(update_type=update_type, event=event, **kwargs)
           ^^^^^^^^^^^^^^^^^^^^^^^^^^^^^^^^^^^^^^^^^^^^^^^^^^^^^^^^^^^^^^^^^^^^^^^^^^
  File "/media/icarus112/SharedUbuntuWin/python/projects/VisitAI/.venv/lib/python3.12/site-packages/aiogram/dispatcher/router.py", line 163, in propagate_event
    return await observer.wrap_outer_middleware(_wrapped, event=event, data=kwargs)
           ^^^^^^^^^^^^^^^^^^^^^^^^^^^^^^^^^^^^^^^^^^^^^^^^^^^^^^^^^^^^^^^^^^^^^^^^
  File "/media/icarus112/SharedUbuntuWin/python/projects/VisitAI/app/core/middlewares.py", line 44, in __call__
    result = await handler(event, data)
             ^^^^^^^^^^^^^^^^^^^^^^^^^^
  File "/media/icarus112/SharedUbuntuWin/python/projects/VisitAI/.venv/lib/python3.12/site-packages/aiogram/dispatcher/router.py", line 155, in _wrapped
    return await self._propagate_event(
           ^^^^^^^^^^^^^^^^^^^^^^^^^^^^
  File "/media/icarus112/SharedUbuntuWin/python/projects/VisitAI/.venv/lib/python3.12/site-packages/aiogram/dispatcher/router.py", line 191, in _propagate_event
    response = await router.propagate_event(update_type=update_type, event=event, **kwargs)
               ^^^^^^^^^^^^^^^^^^^^^^^^^^^^^^^^^^^^^^^^^^^^^^^^^^^^^^^^^^^^^^^^^^^^^^^^^^^^
  File "/media/icarus112/SharedUbuntuWin/python/projects/VisitAI/.venv/lib/python3.12/site-packages/aiogram/dispatcher/router.py", line 163, in propagate_event
    return await observer.wrap_outer_middleware(_wrapped, event=event, data=kwargs)
           ^^^^^^^^^^^^^^^^^^^^^^^^^^^^^^^^^^^^^^^^^^^^^^^^^^^^^^^^^^^^^^^^^^^^^^^^
  File "/media/icarus112/SharedUbuntuWin/python/projects/VisitAI/.venv/lib/python3.12/site-packages/aiogram/dispatcher/router.py", line 155, in _wrapped
    return await self._propagate_event(
           ^^^^^^^^^^^^^^^^^^^^^^^^^^^^
  File "/media/icarus112/SharedUbuntuWin/python/projects/VisitAI/.venv/lib/python3.12/site-packages/aiogram/dispatcher/router.py", line 191, in _propagate_event
    response = await router.propagate_event(update_type=update_type, event=event, **kwargs)
               ^^^^^^^^^^^^^^^^^^^^^^^^^^^^^^^^^^^^^^^^^^^^^^^^^^^^^^^^^^^^^^^^^^^^^^^^^^^^
  File "/media/icarus112/SharedUbuntuWin/python/projects/VisitAI/.venv/lib/python3.12/site-packages/aiogram/dispatcher/router.py", line 163, in propagate_event
    return await observer.wrap_outer_middleware(_wrapped, event=event, data=kwargs)
           ^^^^^^^^^^^^^^^^^^^^^^^^^^^^^^^^^^^^^^^^^^^^^^^^^^^^^^^^^^^^^^^^^^^^^^^^
  File "/media/icarus112/SharedUbuntuWin/python/projects/VisitAI/.venv/lib/python3.12/site-packages/aiogram/dispatcher/router.py", line 155, in _wrapped
    return await self._propagate_event(
           ^^^^^^^^^^^^^^^^^^^^^^^^^^^^
  File "/media/icarus112/SharedUbuntuWin/python/projects/VisitAI/.venv/lib/python3.12/site-packages/aiogram/dispatcher/router.py", line 183, in _propagate_event
    response = await observer.trigger(event, **kwargs)
               ^^^^^^^^^^^^^^^^^^^^^^^^^^^^^^^^^^^^^^^
  File "/media/icarus112/SharedUbuntuWin/python/projects/VisitAI/.venv/lib/python3.12/site-packages/aiogram/dispatcher/event/telegram.py", line 126, in trigger
    return await wrapped_inner(event, kwargs)
           ^^^^^^^^^^^^^^^^^^^^^^^^^^^^^^^^^^
  File "/media/icarus112/SharedUbuntuWin/python/projects/VisitAI/.venv/lib/python3.12/site-packages/aiogram/dispatcher/event/handler.py", line 71, in call
    return await wrapped()
           ^^^^^^^^^^^^^^^
  File "/media/icarus112/SharedUbuntuWin/python/projects/VisitAI/app/handlers/record.py", line 326, in my_booking
    my_bks = await bk_sv.my_bk_info(user.id)
             ^^^^^^^^^^^^^^^^^^^^^^^^^^^^^^^
  File "/media/icarus112/SharedUbuntuWin/python/projects/VisitAI/app/service/booking.py", line 137, in my_bk_info
    my_bks = await self.bk_rp.get_my_bookings(us_id)
             ^^^^^^^^^^^^^^^^^^^^^^^^^^^^^^^^^^^^^^^
  File "/media/icarus112/SharedUbuntuWin/python/projects/VisitAI/app/repository/booking.py", line 37, in get_my_bookings
    result = await self.session.execute(stmt)
             ^^^^^^^^^^^^^^^^^^^^^^^^^^^^^^^^
  File "/media/icarus112/SharedUbuntuWin/python/projects/VisitAI/.venv/lib/python3.12/site-packages/sqlalchemy/ext/asyncio/session.py", line 449, in execute
    result = await greenlet_spawn(
             ^^^^^^^^^^^^^^^^^^^^^
  File "/media/icarus112/SharedUbuntuWin/python/projects/VisitAI/.venv/lib/python3.12/site-packages/sqlalchemy/util/_concurrency_py3k.py", line 201, in greenlet_spawn
    result = context.throw(*sys.exc_info())
             ^^^^^^^^^^^^^^^^^^^^^^^^^^^^^^
  File "/media/icarus112/SharedUbuntuWin/python/projects/VisitAI/.venv/lib/python3.12/site-packages/sqlalchemy/orm/session.py", line 2351, in execute
    return self._execute_internal(
           ^^^^^^^^^^^^^^^^^^^^^^^
  File "/media/icarus112/SharedUbuntuWin/python/projects/VisitAI/.venv/lib/python3.12/site-packages/sqlalchemy/orm/session.py", line 2249, in _execute_internal
    result: Result[Any] = compile_state_cls.orm_execute_statement(
                          ^^^^^^^^^^^^^^^^^^^^^^^^^^^^^^^^^^^^^^^^
  File "/media/icarus112/SharedUbuntuWin/python/projects/VisitAI/.venv/lib/python3.12/site-packages/sqlalchemy/orm/context.py", line 306, in orm_execute_statement
    result = conn.execute(
             ^^^^^^^^^^^^^
  File "/media/icarus112/SharedUbuntuWin/python/projects/VisitAI/.venv/lib/python3.12/site-packages/sqlalchemy/engine/base.py", line 1419, in execute
    return meth(
           ^^^^^
  File "/media/icarus112/SharedUbuntuWin/python/projects/VisitAI/.venv/lib/python3.12/site-packages/sqlalchemy/sql/elements.py", line 527, in _execute_on_connection
    return connection._execute_clauseelement(
           ^^^^^^^^^^^^^^^^^^^^^^^^^^^^^^^^^^
  File "/media/icarus112/SharedUbuntuWin/python/projects/VisitAI/.venv/lib/python3.12/site-packages/sqlalchemy/engine/base.py", line 1641, in _execute_clauseelement
    ret = self._execute_context(
          ^^^^^^^^^^^^^^^^^^^^^^
  File "/media/icarus112/SharedUbuntuWin/python/projects/VisitAI/.venv/lib/python3.12/site-packages/sqlalchemy/engine/base.py", line 1846, in _execute_context
    return self._exec_single_context(
           ^^^^^^^^^^^^^^^^^^^^^^^^^^
  File "/media/icarus112/SharedUbuntuWin/python/projects/VisitAI/.venv/lib/python3.12/site-packages/sqlalchemy/engine/base.py", line 1986, in _exec_single_context
    self._handle_dbapi_exception(
  File "/media/icarus112/SharedUbuntuWin/python/projects/VisitAI/.venv/lib/python3.12/site-packages/sqlalchemy/engine/base.py", line 2363, in _handle_dbapi_exception
    raise sqlalchemy_exception.with_traceback(exc_info[2]) from e
  File "/media/icarus112/SharedUbuntuWin/python/projects/VisitAI/.venv/lib/python3.12/site-packages/sqlalchemy/engine/base.py", line 1967, in _exec_single_context
    self.dialect.do_execute(
  File "/media/icarus112/SharedUbuntuWin/python/projects/VisitAI/.venv/lib/python3.12/site-packages/sqlalchemy/engine/default.py", line 952, in do_execute
    cursor.execute(statement, parameters)
  File "/media/icarus112/SharedUbuntuWin/python/projects/VisitAI/.venv/lib/python3.12/site-packages/sqlalchemy/dialects/postgresql/asyncpg.py", line 585, in execute
    self._adapt_connection.await_(
  File "/media/icarus112/SharedUbuntuWin/python/projects/VisitAI/.venv/lib/python3.12/site-packages/sqlalchemy/util/_concurrency_py3k.py", line 132, in await_only
    return current.parent.switch(awaitable)  # type: ignore[no-any-return,attr-defined] # noqa: E501
           ^^^^^^^^^^^^^^^^^^^^^^^^^^^^^^^^
  File "/media/icarus112/SharedUbuntuWin/python/projects/VisitAI/.venv/lib/python3.12/site-packages/sqlalchemy/util/_concurrency_py3k.py", line 196, in greenlet_spawn
    value = await result
            ^^^^^^^^^^^^
  File "/media/icarus112/SharedUbuntuWin/python/projects/VisitAI/.venv/lib/python3.12/site-packages/sqlalchemy/dialects/postgresql/asyncpg.py", line 563, in _prepare_and_execute
    self._handle_exception(error)
  File "/media/icarus112/SharedUbuntuWin/python/projects/VisitAI/.venv/lib/python3.12/site-packages/sqlalchemy/dialects/postgresql/asyncpg.py", line 513, in _handle_exception
    self._adapt_connection._handle_exception(error)
  File "/media/icarus112/SharedUbuntuWin/python/projects/VisitAI/.venv/lib/python3.12/site-packages/sqlalchemy/dialects/postgresql/asyncpg.py", line 797, in _handle_exception
    raise translated_error from error
sqlalchemy.exc.DBAPIError: (sqlalchemy.dialects.postgresql.asyncpg.Error) <class 'asyncpg.exceptions.InvalidTextRepresentationError'>: invalid input value for enum bookstatus: "UNPAID"
[SQL: SELECT bookings.id, bookings.user_id, bookings.catalog_id, bookings.date, bookings.time, bookings.status, bookings.payment_id, bookings.comment 
FROM bookings 
WHERE bookings.user_id = $1::BIGINT AND bookings.status IN ($2::bookstatus, $3::bookstatus, $4::bookstatus, $5::bookstatus) ORDER BY bookings.date, bookings.time]
[parameters: (1, 'PENDING', 'UNPAID', 'PAID', 'FAILED_PAY')]
(Background on this error at: https://sqlalche.me/e/20/dbapi)
2026-06-04 14:25:05,180 | ERROR | aiogram.event | Cause exception while process update id=78298720 by bot id=8635000285
AttributeError: 'NoneType' object has no attribute 'id'
Traceback (most recent call last):
  File "/media/icarus112/SharedUbuntuWin/python/projects/VisitAI/.venv/lib/python3.12/site-packages/aiogram/dispatcher/dispatcher.py", line 320, in _process_update
    response = await self.feed_update(bot, update, **kwargs)
               ^^^^^^^^^^^^^^^^^^^^^^^^^^^^^^^^^^^^^^^^^^^^^
  File "/media/icarus112/SharedUbuntuWin/python/projects/VisitAI/.venv/lib/python3.12/site-packages/aiogram/dispatcher/dispatcher.py", line 164, in feed_update
    response = await self.update.wrap_outer_middleware(
               ^^^^^^^^^^^^^^^^^^^^^^^^^^^^^^^^^^^^^^^^
  File "/media/icarus112/SharedUbuntuWin/python/projects/VisitAI/.venv/lib/python3.12/site-packages/aiogram/dispatcher/middlewares/error.py", line 27, in __call__
    return await handler(event, data)
           ^^^^^^^^^^^^^^^^^^^^^^^^^^
  File "/media/icarus112/SharedUbuntuWin/python/projects/VisitAI/.venv/lib/python3.12/site-packages/aiogram/dispatcher/middlewares/user_context.py", line 58, in __call__
    return await handler(event, data)
           ^^^^^^^^^^^^^^^^^^^^^^^^^^
  File "/media/icarus112/SharedUbuntuWin/python/projects/VisitAI/.venv/lib/python3.12/site-packages/aiogram/fsm/middleware.py", line 43, in __call__
    return await handler(event, data)
           ^^^^^^^^^^^^^^^^^^^^^^^^^^
  File "/media/icarus112/SharedUbuntuWin/python/projects/VisitAI/.venv/lib/python3.12/site-packages/aiogram/dispatcher/event/telegram.py", line 126, in trigger
    return await wrapped_inner(event, kwargs)
           ^^^^^^^^^^^^^^^^^^^^^^^^^^^^^^^^^^
  File "/media/icarus112/SharedUbuntuWin/python/projects/VisitAI/.venv/lib/python3.12/site-packages/aiogram/dispatcher/event/handler.py", line 71, in call
    return await wrapped()
           ^^^^^^^^^^^^^^^
  File "/media/icarus112/SharedUbuntuWin/python/projects/VisitAI/.venv/lib/python3.12/site-packages/aiogram/dispatcher/dispatcher.py", line 283, in _listen_update
    return await self.propagate_event(update_type=update_type, event=event, **kwargs)
           ^^^^^^^^^^^^^^^^^^^^^^^^^^^^^^^^^^^^^^^^^^^^^^^^^^^^^^^^^^^^^^^^^^^^^^^^^^
  File "/media/icarus112/SharedUbuntuWin/python/projects/VisitAI/.venv/lib/python3.12/site-packages/aiogram/dispatcher/router.py", line 163, in propagate_event
    return await observer.wrap_outer_middleware(_wrapped, event=event, data=kwargs)
           ^^^^^^^^^^^^^^^^^^^^^^^^^^^^^^^^^^^^^^^^^^^^^^^^^^^^^^^^^^^^^^^^^^^^^^^^
  File "/media/icarus112/SharedUbuntuWin/python/projects/VisitAI/app/core/middlewares.py", line 44, in __call__
    result = await handler(event, data)
             ^^^^^^^^^^^^^^^^^^^^^^^^^^
  File "/media/icarus112/SharedUbuntuWin/python/projects/VisitAI/.venv/lib/python3.12/site-packages/aiogram/dispatcher/router.py", line 155, in _wrapped
    return await self._propagate_event(
           ^^^^^^^^^^^^^^^^^^^^^^^^^^^^
  File "/media/icarus112/SharedUbuntuWin/python/projects/VisitAI/.venv/lib/python3.12/site-packages/aiogram/dispatcher/router.py", line 191, in _propagate_event
    response = await router.propagate_event(update_type=update_type, event=event, **kwargs)
               ^^^^^^^^^^^^^^^^^^^^^^^^^^^^^^^^^^^^^^^^^^^^^^^^^^^^^^^^^^^^^^^^^^^^^^^^^^^^
  File "/media/icarus112/SharedUbuntuWin/python/projects/VisitAI/.venv/lib/python3.12/site-packages/aiogram/dispatcher/router.py", line 163, in propagate_event
    return await observer.wrap_outer_middleware(_wrapped, event=event, data=kwargs)
           ^^^^^^^^^^^^^^^^^^^^^^^^^^^^^^^^^^^^^^^^^^^^^^^^^^^^^^^^^^^^^^^^^^^^^^^^
  File "/media/icarus112/SharedUbuntuWin/python/projects/VisitAI/.venv/lib/python3.12/site-packages/aiogram/dispatcher/router.py", line 155, in _wrapped
    return await self._propagate_event(
           ^^^^^^^^^^^^^^^^^^^^^^^^^^^^
  File "/media/icarus112/SharedUbuntuWin/python/projects/VisitAI/.venv/lib/python3.12/site-packages/aiogram/dispatcher/router.py", line 191, in _propagate_event
    response = await router.propagate_event(update_type=update_type, event=event, **kwargs)
               ^^^^^^^^^^^^^^^^^^^^^^^^^^^^^^^^^^^^^^^^^^^^^^^^^^^^^^^^^^^^^^^^^^^^^^^^^^^^
  File "/media/icarus112/SharedUbuntuWin/python/projects/VisitAI/.venv/lib/python3.12/site-packages/aiogram/dispatcher/router.py", line 163, in propagate_event
    return await observer.wrap_outer_middleware(_wrapped, event=event, data=kwargs)
           ^^^^^^^^^^^^^^^^^^^^^^^^^^^^^^^^^^^^^^^^^^^^^^^^^^^^^^^^^^^^^^^^^^^^^^^^
  File "/media/icarus112/SharedUbuntuWin/python/projects/VisitAI/.venv/lib/python3.12/site-packages/aiogram/dispatcher/router.py", line 155, in _wrapped
    return await self._propagate_event(
           ^^^^^^^^^^^^^^^^^^^^^^^^^^^^
  File "/media/icarus112/SharedUbuntuWin/python/projects/VisitAI/.venv/lib/python3.12/site-packages/aiogram/dispatcher/router.py", line 183, in _propagate_event
    response = await observer.trigger(event, **kwargs)
               ^^^^^^^^^^^^^^^^^^^^^^^^^^^^^^^^^^^^^^^
  File "/media/icarus112/SharedUbuntuWin/python/projects/VisitAI/.venv/lib/python3.12/site-packages/aiogram/dispatcher/event/telegram.py", line 126, in trigger
    return await wrapped_inner(event, kwargs)
           ^^^^^^^^^^^^^^^^^^^^^^^^^^^^^^^^^^
  File "/media/icarus112/SharedUbuntuWin/python/projects/VisitAI/.venv/lib/python3.12/site-packages/aiogram/dispatcher/event/handler.py", line 71, in call
    return await wrapped()
           ^^^^^^^^^^^^^^^
  File "/media/icarus112/SharedUbuntuWin/python/projects/VisitAI/app/handlers/record.py", line 325, in my_booking
    my_bks = await bk_sv.my_bk_info(user.id)
                                    ^^^^^^^
AttributeError: 'NoneType' object has no attribute 'id'
2026-06-04 14:33:32,192 | ERROR | aiogram.event | Cause exception while process update id=78298741 by bot id=8635000285
ValueError: ничего не найдено
Traceback (most recent call last):
  File "/media/icarus112/SharedUbuntuWin/python/projects/VisitAI/.venv/lib/python3.12/site-packages/aiogram/dispatcher/dispatcher.py", line 320, in _process_update
    response = await self.feed_update(bot, update, **kwargs)
               ^^^^^^^^^^^^^^^^^^^^^^^^^^^^^^^^^^^^^^^^^^^^^
  File "/media/icarus112/SharedUbuntuWin/python/projects/VisitAI/.venv/lib/python3.12/site-packages/aiogram/dispatcher/dispatcher.py", line 164, in feed_update
    response = await self.update.wrap_outer_middleware(
               ^^^^^^^^^^^^^^^^^^^^^^^^^^^^^^^^^^^^^^^^
  File "/media/icarus112/SharedUbuntuWin/python/projects/VisitAI/.venv/lib/python3.12/site-packages/aiogram/dispatcher/middlewares/error.py", line 27, in __call__
    return await handler(event, data)
           ^^^^^^^^^^^^^^^^^^^^^^^^^^
  File "/media/icarus112/SharedUbuntuWin/python/projects/VisitAI/.venv/lib/python3.12/site-packages/aiogram/dispatcher/middlewares/user_context.py", line 58, in __call__
    return await handler(event, data)
           ^^^^^^^^^^^^^^^^^^^^^^^^^^
  File "/media/icarus112/SharedUbuntuWin/python/projects/VisitAI/.venv/lib/python3.12/site-packages/aiogram/fsm/middleware.py", line 43, in __call__
    return await handler(event, data)
           ^^^^^^^^^^^^^^^^^^^^^^^^^^
  File "/media/icarus112/SharedUbuntuWin/python/projects/VisitAI/.venv/lib/python3.12/site-packages/aiogram/dispatcher/event/telegram.py", line 126, in trigger
    return await wrapped_inner(event, kwargs)
           ^^^^^^^^^^^^^^^^^^^^^^^^^^^^^^^^^^
  File "/media/icarus112/SharedUbuntuWin/python/projects/VisitAI/.venv/lib/python3.12/site-packages/aiogram/dispatcher/event/handler.py", line 71, in call
    return await wrapped()
           ^^^^^^^^^^^^^^^
  File "/media/icarus112/SharedUbuntuWin/python/projects/VisitAI/.venv/lib/python3.12/site-packages/aiogram/dispatcher/dispatcher.py", line 283, in _listen_update
    return await self.propagate_event(update_type=update_type, event=event, **kwargs)
           ^^^^^^^^^^^^^^^^^^^^^^^^^^^^^^^^^^^^^^^^^^^^^^^^^^^^^^^^^^^^^^^^^^^^^^^^^^
  File "/media/icarus112/SharedUbuntuWin/python/projects/VisitAI/.venv/lib/python3.12/site-packages/aiogram/dispatcher/router.py", line 163, in propagate_event
    return await observer.wrap_outer_middleware(_wrapped, event=event, data=kwargs)
           ^^^^^^^^^^^^^^^^^^^^^^^^^^^^^^^^^^^^^^^^^^^^^^^^^^^^^^^^^^^^^^^^^^^^^^^^
  File "/media/icarus112/SharedUbuntuWin/python/projects/VisitAI/app/core/middlewares.py", line 44, in __call__
    result = await handler(event, data)
             ^^^^^^^^^^^^^^^^^^^^^^^^^^
  File "/media/icarus112/SharedUbuntuWin/python/projects/VisitAI/.venv/lib/python3.12/site-packages/aiogram/dispatcher/router.py", line 155, in _wrapped
    return await self._propagate_event(
           ^^^^^^^^^^^^^^^^^^^^^^^^^^^^
  File "/media/icarus112/SharedUbuntuWin/python/projects/VisitAI/.venv/lib/python3.12/site-packages/aiogram/dispatcher/router.py", line 191, in _propagate_event
    response = await router.propagate_event(update_type=update_type, event=event, **kwargs)
               ^^^^^^^^^^^^^^^^^^^^^^^^^^^^^^^^^^^^^^^^^^^^^^^^^^^^^^^^^^^^^^^^^^^^^^^^^^^^
  File "/media/icarus112/SharedUbuntuWin/python/projects/VisitAI/.venv/lib/python3.12/site-packages/aiogram/dispatcher/router.py", line 163, in propagate_event
    return await observer.wrap_outer_middleware(_wrapped, event=event, data=kwargs)
           ^^^^^^^^^^^^^^^^^^^^^^^^^^^^^^^^^^^^^^^^^^^^^^^^^^^^^^^^^^^^^^^^^^^^^^^^
  File "/media/icarus112/SharedUbuntuWin/python/projects/VisitAI/.venv/lib/python3.12/site-packages/aiogram/dispatcher/router.py", line 155, in _wrapped
    return await self._propagate_event(
           ^^^^^^^^^^^^^^^^^^^^^^^^^^^^
  File "/media/icarus112/SharedUbuntuWin/python/projects/VisitAI/.venv/lib/python3.12/site-packages/aiogram/dispatcher/router.py", line 191, in _propagate_event
    response = await router.propagate_event(update_type=update_type, event=event, **kwargs)
               ^^^^^^^^^^^^^^^^^^^^^^^^^^^^^^^^^^^^^^^^^^^^^^^^^^^^^^^^^^^^^^^^^^^^^^^^^^^^
  File "/media/icarus112/SharedUbuntuWin/python/projects/VisitAI/.venv/lib/python3.12/site-packages/aiogram/dispatcher/router.py", line 163, in propagate_event
    return await observer.wrap_outer_middleware(_wrapped, event=event, data=kwargs)
           ^^^^^^^^^^^^^^^^^^^^^^^^^^^^^^^^^^^^^^^^^^^^^^^^^^^^^^^^^^^^^^^^^^^^^^^^
  File "/media/icarus112/SharedUbuntuWin/python/projects/VisitAI/.venv/lib/python3.12/site-packages/aiogram/dispatcher/router.py", line 155, in _wrapped
    return await self._propagate_event(
           ^^^^^^^^^^^^^^^^^^^^^^^^^^^^
  File "/media/icarus112/SharedUbuntuWin/python/projects/VisitAI/.venv/lib/python3.12/site-packages/aiogram/dispatcher/router.py", line 183, in _propagate_event
    response = await observer.trigger(event, **kwargs)
               ^^^^^^^^^^^^^^^^^^^^^^^^^^^^^^^^^^^^^^^
  File "/media/icarus112/SharedUbuntuWin/python/projects/VisitAI/.venv/lib/python3.12/site-packages/aiogram/dispatcher/event/telegram.py", line 126, in trigger
    return await wrapped_inner(event, kwargs)
           ^^^^^^^^^^^^^^^^^^^^^^^^^^^^^^^^^^
  File "/media/icarus112/SharedUbuntuWin/python/projects/VisitAI/.venv/lib/python3.12/site-packages/aiogram/dispatcher/event/handler.py", line 71, in call
    return await wrapped()
           ^^^^^^^^^^^^^^^
  File "/media/icarus112/SharedUbuntuWin/python/projects/VisitAI/app/handlers/record.py", line 42, in add_record
    await show_catalogs(message, ct_sv)
  File "/media/icarus112/SharedUbuntuWin/python/projects/VisitAI/app/handlers/record.py", line 45, in show_catalogs
    catalogs = await ct_sv.get_all()
               ^^^^^^^^^^^^^^^^^^^^^
  File "/media/icarus112/SharedUbuntuWin/python/projects/VisitAI/app/service/catalog.py", line 66, in get_all
    raise ValueError("ничего не найдено")
ValueError: ничего не найдено
2026-06-04 14:35:18,215 | ERROR | aiogram.event | Cause exception while process update id=78298746 by bot id=8635000285
ValidationError: 1 validation error for EditMessageText
reply_markup
  Input should be a valid dictionary or instance of InlineKeyboardMarkup [type=model_type, input_value=ReplyKeyboardMarkup(keybo...er=None, selective=None), input_type=ReplyKeyboardMarkup]
    For further information visit https://errors.pydantic.dev/2.12/v/model_type
Traceback (most recent call last):
  File "/media/icarus112/SharedUbuntuWin/python/projects/VisitAI/.venv/lib/python3.12/site-packages/aiogram/dispatcher/dispatcher.py", line 320, in _process_update
    response = await self.feed_update(bot, update, **kwargs)
               ^^^^^^^^^^^^^^^^^^^^^^^^^^^^^^^^^^^^^^^^^^^^^
  File "/media/icarus112/SharedUbuntuWin/python/projects/VisitAI/.venv/lib/python3.12/site-packages/aiogram/dispatcher/dispatcher.py", line 164, in feed_update
    response = await self.update.wrap_outer_middleware(
               ^^^^^^^^^^^^^^^^^^^^^^^^^^^^^^^^^^^^^^^^
  File "/media/icarus112/SharedUbuntuWin/python/projects/VisitAI/.venv/lib/python3.12/site-packages/aiogram/dispatcher/middlewares/error.py", line 27, in __call__
    return await handler(event, data)
           ^^^^^^^^^^^^^^^^^^^^^^^^^^
  File "/media/icarus112/SharedUbuntuWin/python/projects/VisitAI/.venv/lib/python3.12/site-packages/aiogram/dispatcher/middlewares/user_context.py", line 58, in __call__
    return await handler(event, data)
           ^^^^^^^^^^^^^^^^^^^^^^^^^^
  File "/media/icarus112/SharedUbuntuWin/python/projects/VisitAI/.venv/lib/python3.12/site-packages/aiogram/fsm/middleware.py", line 43, in __call__
    return await handler(event, data)
           ^^^^^^^^^^^^^^^^^^^^^^^^^^
  File "/media/icarus112/SharedUbuntuWin/python/projects/VisitAI/.venv/lib/python3.12/site-packages/aiogram/dispatcher/event/telegram.py", line 126, in trigger
    return await wrapped_inner(event, kwargs)
           ^^^^^^^^^^^^^^^^^^^^^^^^^^^^^^^^^^
  File "/media/icarus112/SharedUbuntuWin/python/projects/VisitAI/.venv/lib/python3.12/site-packages/aiogram/dispatcher/event/handler.py", line 71, in call
    return await wrapped()
           ^^^^^^^^^^^^^^^
  File "/media/icarus112/SharedUbuntuWin/python/projects/VisitAI/.venv/lib/python3.12/site-packages/aiogram/dispatcher/dispatcher.py", line 283, in _listen_update
    return await self.propagate_event(update_type=update_type, event=event, **kwargs)
           ^^^^^^^^^^^^^^^^^^^^^^^^^^^^^^^^^^^^^^^^^^^^^^^^^^^^^^^^^^^^^^^^^^^^^^^^^^
  File "/media/icarus112/SharedUbuntuWin/python/projects/VisitAI/.venv/lib/python3.12/site-packages/aiogram/dispatcher/router.py", line 163, in propagate_event
    return await observer.wrap_outer_middleware(_wrapped, event=event, data=kwargs)
           ^^^^^^^^^^^^^^^^^^^^^^^^^^^^^^^^^^^^^^^^^^^^^^^^^^^^^^^^^^^^^^^^^^^^^^^^
  File "/media/icarus112/SharedUbuntuWin/python/projects/VisitAI/app/core/middlewares.py", line 44, in __call__
    result = await handler(event, data)
             ^^^^^^^^^^^^^^^^^^^^^^^^^^
  File "/media/icarus112/SharedUbuntuWin/python/projects/VisitAI/.venv/lib/python3.12/site-packages/aiogram/dispatcher/router.py", line 155, in _wrapped
    return await self._propagate_event(
           ^^^^^^^^^^^^^^^^^^^^^^^^^^^^
  File "/media/icarus112/SharedUbuntuWin/python/projects/VisitAI/.venv/lib/python3.12/site-packages/aiogram/dispatcher/router.py", line 191, in _propagate_event
    response = await router.propagate_event(update_type=update_type, event=event, **kwargs)
               ^^^^^^^^^^^^^^^^^^^^^^^^^^^^^^^^^^^^^^^^^^^^^^^^^^^^^^^^^^^^^^^^^^^^^^^^^^^^
  File "/media/icarus112/SharedUbuntuWin/python/projects/VisitAI/.venv/lib/python3.12/site-packages/aiogram/dispatcher/router.py", line 163, in propagate_event
    return await observer.wrap_outer_middleware(_wrapped, event=event, data=kwargs)
           ^^^^^^^^^^^^^^^^^^^^^^^^^^^^^^^^^^^^^^^^^^^^^^^^^^^^^^^^^^^^^^^^^^^^^^^^
  File "/media/icarus112/SharedUbuntuWin/python/projects/VisitAI/.venv/lib/python3.12/site-packages/aiogram/dispatcher/router.py", line 155, in _wrapped
    return await self._propagate_event(
           ^^^^^^^^^^^^^^^^^^^^^^^^^^^^
  File "/media/icarus112/SharedUbuntuWin/python/projects/VisitAI/.venv/lib/python3.12/site-packages/aiogram/dispatcher/router.py", line 191, in _propagate_event
    response = await router.propagate_event(update_type=update_type, event=event, **kwargs)
               ^^^^^^^^^^^^^^^^^^^^^^^^^^^^^^^^^^^^^^^^^^^^^^^^^^^^^^^^^^^^^^^^^^^^^^^^^^^^
  File "/media/icarus112/SharedUbuntuWin/python/projects/VisitAI/.venv/lib/python3.12/site-packages/aiogram/dispatcher/router.py", line 163, in propagate_event
    return await observer.wrap_outer_middleware(_wrapped, event=event, data=kwargs)
           ^^^^^^^^^^^^^^^^^^^^^^^^^^^^^^^^^^^^^^^^^^^^^^^^^^^^^^^^^^^^^^^^^^^^^^^^
  File "/media/icarus112/SharedUbuntuWin/python/projects/VisitAI/.venv/lib/python3.12/site-packages/aiogram/dispatcher/router.py", line 155, in _wrapped
    return await self._propagate_event(
           ^^^^^^^^^^^^^^^^^^^^^^^^^^^^
  File "/media/icarus112/SharedUbuntuWin/python/projects/VisitAI/.venv/lib/python3.12/site-packages/aiogram/dispatcher/router.py", line 183, in _propagate_event
    response = await observer.trigger(event, **kwargs)
               ^^^^^^^^^^^^^^^^^^^^^^^^^^^^^^^^^^^^^^^
  File "/media/icarus112/SharedUbuntuWin/python/projects/VisitAI/.venv/lib/python3.12/site-packages/aiogram/dispatcher/event/telegram.py", line 126, in trigger
    return await wrapped_inner(event, kwargs)
           ^^^^^^^^^^^^^^^^^^^^^^^^^^^^^^^^^^
  File "/media/icarus112/SharedUbuntuWin/python/projects/VisitAI/.venv/lib/python3.12/site-packages/aiogram/dispatcher/event/handler.py", line 71, in call
    return await wrapped()
           ^^^^^^^^^^^^^^^
  File "/media/icarus112/SharedUbuntuWin/python/projects/VisitAI/app/handlers/ai_admin.py", line 87, in confirm_ai_create_ct
    await callback.message.edit_text(f"Создана новая услуга:\n\n"
          ^^^^^^^^^^^^^^^^^^^^^^^^^^^^^^^^^^^^^^^^^^^^^^^^^^^^^^^
  File "/media/icarus112/SharedUbuntuWin/python/projects/VisitAI/.venv/lib/python3.12/site-packages/aiogram/types/message.py", line 3970, in edit_text
    return EditMessageText(
           ^^^^^^^^^^^^^^^^
  File "/media/icarus112/SharedUbuntuWin/python/projects/VisitAI/.venv/lib/python3.12/site-packages/pydantic/main.py", line 250, in __init__
    validated_self = self.__pydantic_validator__.validate_python(data, self_instance=self)
                     ^^^^^^^^^^^^^^^^^^^^^^^^^^^^^^^^^^^^^^^^^^^^^^^^^^^^^^^^^^^^^^^^^^^^^
pydantic_core._pydantic_core.ValidationError: 1 validation error for EditMessageText
reply_markup
  Input should be a valid dictionary or instance of InlineKeyboardMarkup [type=model_type, input_value=ReplyKeyboardMarkup(keybo...er=None, selective=None), input_type=ReplyKeyboardMarkup]
    For further information visit https://errors.pydantic.dev/2.12/v/model_type
2026-06-04 14:39:47,989 | ERROR | aiogram.event | Cause exception while process update id=78298749 by bot id=8635000285
ValidationError: 1 validation error for EditMessageText
reply_markup
  Input should be a valid dictionary or instance of InlineKeyboardMarkup [type=model_type, input_value=ReplyKeyboardMarkup(keybo...er=None, selective=None), input_type=ReplyKeyboardMarkup]
    For further information visit https://errors.pydantic.dev/2.12/v/model_type
Traceback (most recent call last):
  File "/media/icarus112/SharedUbuntuWin/python/projects/VisitAI/.venv/lib/python3.12/site-packages/aiogram/dispatcher/dispatcher.py", line 320, in _process_update
    response = await self.feed_update(bot, update, **kwargs)
               ^^^^^^^^^^^^^^^^^^^^^^^^^^^^^^^^^^^^^^^^^^^^^
  File "/media/icarus112/SharedUbuntuWin/python/projects/VisitAI/.venv/lib/python3.12/site-packages/aiogram/dispatcher/dispatcher.py", line 164, in feed_update
    response = await self.update.wrap_outer_middleware(
               ^^^^^^^^^^^^^^^^^^^^^^^^^^^^^^^^^^^^^^^^
  File "/media/icarus112/SharedUbuntuWin/python/projects/VisitAI/.venv/lib/python3.12/site-packages/aiogram/dispatcher/middlewares/error.py", line 27, in __call__
    return await handler(event, data)
           ^^^^^^^^^^^^^^^^^^^^^^^^^^
  File "/media/icarus112/SharedUbuntuWin/python/projects/VisitAI/.venv/lib/python3.12/site-packages/aiogram/dispatcher/middlewares/user_context.py", line 58, in __call__
    return await handler(event, data)
           ^^^^^^^^^^^^^^^^^^^^^^^^^^
  File "/media/icarus112/SharedUbuntuWin/python/projects/VisitAI/.venv/lib/python3.12/site-packages/aiogram/fsm/middleware.py", line 43, in __call__
    return await handler(event, data)
           ^^^^^^^^^^^^^^^^^^^^^^^^^^
  File "/media/icarus112/SharedUbuntuWin/python/projects/VisitAI/.venv/lib/python3.12/site-packages/aiogram/dispatcher/event/telegram.py", line 126, in trigger
    return await wrapped_inner(event, kwargs)
           ^^^^^^^^^^^^^^^^^^^^^^^^^^^^^^^^^^
  File "/media/icarus112/SharedUbuntuWin/python/projects/VisitAI/.venv/lib/python3.12/site-packages/aiogram/dispatcher/event/handler.py", line 71, in call
    return await wrapped()
           ^^^^^^^^^^^^^^^
  File "/media/icarus112/SharedUbuntuWin/python/projects/VisitAI/.venv/lib/python3.12/site-packages/aiogram/dispatcher/dispatcher.py", line 283, in _listen_update
    return await self.propagate_event(update_type=update_type, event=event, **kwargs)
           ^^^^^^^^^^^^^^^^^^^^^^^^^^^^^^^^^^^^^^^^^^^^^^^^^^^^^^^^^^^^^^^^^^^^^^^^^^
  File "/media/icarus112/SharedUbuntuWin/python/projects/VisitAI/.venv/lib/python3.12/site-packages/aiogram/dispatcher/router.py", line 163, in propagate_event
    return await observer.wrap_outer_middleware(_wrapped, event=event, data=kwargs)
           ^^^^^^^^^^^^^^^^^^^^^^^^^^^^^^^^^^^^^^^^^^^^^^^^^^^^^^^^^^^^^^^^^^^^^^^^
  File "/media/icarus112/SharedUbuntuWin/python/projects/VisitAI/app/core/middlewares.py", line 44, in __call__
    result = await handler(event, data)
             ^^^^^^^^^^^^^^^^^^^^^^^^^^
  File "/media/icarus112/SharedUbuntuWin/python/projects/VisitAI/.venv/lib/python3.12/site-packages/aiogram/dispatcher/router.py", line 155, in _wrapped
    return await self._propagate_event(
           ^^^^^^^^^^^^^^^^^^^^^^^^^^^^
  File "/media/icarus112/SharedUbuntuWin/python/projects/VisitAI/.venv/lib/python3.12/site-packages/aiogram/dispatcher/router.py", line 191, in _propagate_event
    response = await router.propagate_event(update_type=update_type, event=event, **kwargs)
               ^^^^^^^^^^^^^^^^^^^^^^^^^^^^^^^^^^^^^^^^^^^^^^^^^^^^^^^^^^^^^^^^^^^^^^^^^^^^
  File "/media/icarus112/SharedUbuntuWin/python/projects/VisitAI/.venv/lib/python3.12/site-packages/aiogram/dispatcher/router.py", line 163, in propagate_event
    return await observer.wrap_outer_middleware(_wrapped, event=event, data=kwargs)
           ^^^^^^^^^^^^^^^^^^^^^^^^^^^^^^^^^^^^^^^^^^^^^^^^^^^^^^^^^^^^^^^^^^^^^^^^
  File "/media/icarus112/SharedUbuntuWin/python/projects/VisitAI/.venv/lib/python3.12/site-packages/aiogram/dispatcher/router.py", line 155, in _wrapped
    return await self._propagate_event(
           ^^^^^^^^^^^^^^^^^^^^^^^^^^^^
  File "/media/icarus112/SharedUbuntuWin/python/projects/VisitAI/.venv/lib/python3.12/site-packages/aiogram/dispatcher/router.py", line 191, in _propagate_event
    response = await router.propagate_event(update_type=update_type, event=event, **kwargs)
               ^^^^^^^^^^^^^^^^^^^^^^^^^^^^^^^^^^^^^^^^^^^^^^^^^^^^^^^^^^^^^^^^^^^^^^^^^^^^
  File "/media/icarus112/SharedUbuntuWin/python/projects/VisitAI/.venv/lib/python3.12/site-packages/aiogram/dispatcher/router.py", line 163, in propagate_event
    return await observer.wrap_outer_middleware(_wrapped, event=event, data=kwargs)
           ^^^^^^^^^^^^^^^^^^^^^^^^^^^^^^^^^^^^^^^^^^^^^^^^^^^^^^^^^^^^^^^^^^^^^^^^
  File "/media/icarus112/SharedUbuntuWin/python/projects/VisitAI/.venv/lib/python3.12/site-packages/aiogram/dispatcher/router.py", line 155, in _wrapped
    return await self._propagate_event(
           ^^^^^^^^^^^^^^^^^^^^^^^^^^^^
  File "/media/icarus112/SharedUbuntuWin/python/projects/VisitAI/.venv/lib/python3.12/site-packages/aiogram/dispatcher/router.py", line 183, in _propagate_event
    response = await observer.trigger(event, **kwargs)
               ^^^^^^^^^^^^^^^^^^^^^^^^^^^^^^^^^^^^^^^
  File "/media/icarus112/SharedUbuntuWin/python/projects/VisitAI/.venv/lib/python3.12/site-packages/aiogram/dispatcher/event/telegram.py", line 126, in trigger
    return await wrapped_inner(event, kwargs)
           ^^^^^^^^^^^^^^^^^^^^^^^^^^^^^^^^^^
  File "/media/icarus112/SharedUbuntuWin/python/projects/VisitAI/.venv/lib/python3.12/site-packages/aiogram/dispatcher/event/handler.py", line 71, in call
    return await wrapped()
           ^^^^^^^^^^^^^^^
  File "/media/icarus112/SharedUbuntuWin/python/projects/VisitAI/app/handlers/ai_admin.py", line 86, in confirm_ai_create_ct
    await callback.message.edit_text(f"Создана новая услуга:\n\n"
          ^^^^^^^^^^^^^^^^^^^^^^^^^^^^^^^^^^^^^^^^^^^^^^^^^^^^^^^
  File "/media/icarus112/SharedUbuntuWin/python/projects/VisitAI/.venv/lib/python3.12/site-packages/aiogram/types/message.py", line 3970, in edit_text
    return EditMessageText(
           ^^^^^^^^^^^^^^^^
  File "/media/icarus112/SharedUbuntuWin/python/projects/VisitAI/.venv/lib/python3.12/site-packages/pydantic/main.py", line 250, in __init__
    validated_self = self.__pydantic_validator__.validate_python(data, self_instance=self)
                     ^^^^^^^^^^^^^^^^^^^^^^^^^^^^^^^^^^^^^^^^^^^^^^^^^^^^^^^^^^^^^^^^^^^^^
pydantic_core._pydantic_core.ValidationError: 1 validation error for EditMessageText
reply_markup
  Input should be a valid dictionary or instance of InlineKeyboardMarkup [type=model_type, input_value=ReplyKeyboardMarkup(keybo...er=None, selective=None), input_type=ReplyKeyboardMarkup]
    For further information visit https://errors.pydantic.dev/2.12/v/model_type
2026-06-04 14:43:53,947 | ERROR | __main__ | Fatal error while running bot
Traceback (most recent call last):
  File "/media/icarus112/SharedUbuntuWin/python/projects/VisitAI/.venv/lib/python3.12/site-packages/aiohttp/connector.py", line 1574, in _create_direct_connection
    hosts = await self._resolve_host(host, port, traces=traces)
            ^^^^^^^^^^^^^^^^^^^^^^^^^^^^^^^^^^^^^^^^^^^^^^^^^^^
  File "/media/icarus112/SharedUbuntuWin/python/projects/VisitAI/.venv/lib/python3.12/site-packages/aiohttp/connector.py", line 1190, in _resolve_host
    return await asyncio.shield(resolved_host_task)
           ^^^^^^^^^^^^^^^^^^^^^^^^^^^^^^^^^^^^^^^^
  File "/media/icarus112/SharedUbuntuWin/python/projects/VisitAI/.venv/lib/python3.12/site-packages/aiohttp/connector.py", line 1221, in _resolve_host_with_throttle
    addrs = await self._resolver.resolve(host, port, family=self._family)
            ^^^^^^^^^^^^^^^^^^^^^^^^^^^^^^^^^^^^^^^^^^^^^^^^^^^^^^^^^^^^^
  File "/media/icarus112/SharedUbuntuWin/python/projects/VisitAI/.venv/lib/python3.12/site-packages/aiohttp/resolver.py", line 40, in resolve
    infos = await self._loop.getaddrinfo(
            ^^^^^^^^^^^^^^^^^^^^^^^^^^^^^
  File "/usr/lib/python3.12/asyncio/base_events.py", line 901, in getaddrinfo
    return await self.run_in_executor(
           ^^^^^^^^^^^^^^^^^^^^^^^^^^^
  File "/usr/lib/python3.12/concurrent/futures/thread.py", line 58, in run
    result = self.fn(*self.args, **self.kwargs)
             ^^^^^^^^^^^^^^^^^^^^^^^^^^^^^^^^^^
  File "/usr/lib/python3.12/socket.py", line 963, in getaddrinfo
    for res in _socket.getaddrinfo(host, port, family, type, proto, flags):
               ^^^^^^^^^^^^^^^^^^^^^^^^^^^^^^^^^^^^^^^^^^^^^^^^^^^^^^^^^^^
socket.gaierror: [Errno -5] No address associated with hostname

The above exception was the direct cause of the following exception:

Traceback (most recent call last):
  File "/media/icarus112/SharedUbuntuWin/python/projects/VisitAI/.venv/lib/python3.12/site-packages/aiogram/client/session/aiohttp.py", line 167, in make_request
    async with session.post(
  File "/media/icarus112/SharedUbuntuWin/python/projects/VisitAI/.venv/lib/python3.12/site-packages/aiohttp/client.py", line 1521, in __aenter__
    self._resp: _RetType = await self._coro
                           ^^^^^^^^^^^^^^^^
  File "/media/icarus112/SharedUbuntuWin/python/projects/VisitAI/.venv/lib/python3.12/site-packages/aiohttp/client.py", line 788, in _request
    resp = await handler(req)
           ^^^^^^^^^^^^^^^^^^
  File "/media/icarus112/SharedUbuntuWin/python/projects/VisitAI/.venv/lib/python3.12/site-packages/aiohttp/client.py", line 742, in _connect_and_send_request
    conn = await self._connector.connect(
           ^^^^^^^^^^^^^^^^^^^^^^^^^^^^^^
  File "/media/icarus112/SharedUbuntuWin/python/projects/VisitAI/.venv/lib/python3.12/site-packages/aiohttp/connector.py", line 672, in connect
    proto = await self._create_connection(req, traces, timeout)
            ^^^^^^^^^^^^^^^^^^^^^^^^^^^^^^^^^^^^^^^^^^^^^^^^^^^
  File "/media/icarus112/SharedUbuntuWin/python/projects/VisitAI/.venv/lib/python3.12/site-packages/aiohttp/connector.py", line 1251, in _create_connection
    _, proto = await self._create_direct_connection(req, traces, timeout)
               ^^^^^^^^^^^^^^^^^^^^^^^^^^^^^^^^^^^^^^^^^^^^^^^^^^^^^^^^^^
  File "/media/icarus112/SharedUbuntuWin/python/projects/VisitAI/.venv/lib/python3.12/site-packages/aiohttp/connector.py", line 1580, in _create_direct_connection
    raise ClientConnectorDNSError(req.connection_key, exc) from exc
aiohttp.client_exceptions.ClientConnectorDNSError: Cannot connect to host api.telegram.org:443 ssl:default [No address associated with hostname]

The above exception was the direct cause of the following exception:

Traceback (most recent call last):
  File "/media/icarus112/SharedUbuntuWin/python/projects/VisitAI/main.py", line 45, in <module>
    asyncio.run(main())
  File "/usr/lib/python3.12/asyncio/runners.py", line 194, in run
    return runner.run(main)
           ^^^^^^^^^^^^^^^^
  File "/usr/lib/python3.12/asyncio/runners.py", line 118, in run
    return self._loop.run_until_complete(task)
           ^^^^^^^^^^^^^^^^^^^^^^^^^^^^^^^^^^^
  File "/usr/lib/python3.12/asyncio/base_events.py", line 687, in run_until_complete
    return future.result()
           ^^^^^^^^^^^^^^^
  File "/media/icarus112/SharedUbuntuWin/python/projects/VisitAI/main.py", line 36, in main
    await bot.delete_webhook(drop_pending_updates=True)
  File "/media/icarus112/SharedUbuntuWin/python/projects/VisitAI/.venv/lib/python3.12/site-packages/aiogram/client/bot.py", line 1255, in delete_webhook
    return await self(call, request_timeout=request_timeout)
           ^^^^^^^^^^^^^^^^^^^^^^^^^^^^^^^^^^^^^^^^^^^^^^^^^
  File "/media/icarus112/SharedUbuntuWin/python/projects/VisitAI/.venv/lib/python3.12/site-packages/aiogram/client/bot.py", line 493, in __call__
    return await self.session(self, method, timeout=request_timeout)
           ^^^^^^^^^^^^^^^^^^^^^^^^^^^^^^^^^^^^^^^^^^^^^^^^^^^^^^^^^
  File "/media/icarus112/SharedUbuntuWin/python/projects/VisitAI/.venv/lib/python3.12/site-packages/aiogram/client/session/base.py", line 259, in __call__
    return cast(TelegramType, await middleware(bot, method))
                              ^^^^^^^^^^^^^^^^^^^^^^^^^^^^^
  File "/media/icarus112/SharedUbuntuWin/python/projects/VisitAI/.venv/lib/python3.12/site-packages/aiogram/client/session/aiohttp.py", line 176, in make_request
    raise TelegramNetworkError(method=method, message=f"{type(e).__name__}: {e}") from e
aiogram.exceptions.TelegramNetworkError: HTTP Client says - ClientConnectorDNSError: Cannot connect to host api.telegram.org:443 ssl:default [No address associated with hostname]
2026-06-04 14:43:54,026 | ERROR | asyncio | Unclosed client session
client_session: <aiohttp.client.ClientSession object at 0x77a65f3ebd40>
2026-06-04 14:43:59,572 | ERROR | __main__ | Fatal error while running bot
Traceback (most recent call last):
  File "/media/icarus112/SharedUbuntuWin/python/projects/VisitAI/.venv/lib/python3.12/site-packages/aiohttp/connector.py", line 1574, in _create_direct_connection
    hosts = await self._resolve_host(host, port, traces=traces)
            ^^^^^^^^^^^^^^^^^^^^^^^^^^^^^^^^^^^^^^^^^^^^^^^^^^^
  File "/media/icarus112/SharedUbuntuWin/python/projects/VisitAI/.venv/lib/python3.12/site-packages/aiohttp/connector.py", line 1190, in _resolve_host
    return await asyncio.shield(resolved_host_task)
           ^^^^^^^^^^^^^^^^^^^^^^^^^^^^^^^^^^^^^^^^
  File "/media/icarus112/SharedUbuntuWin/python/projects/VisitAI/.venv/lib/python3.12/site-packages/aiohttp/connector.py", line 1221, in _resolve_host_with_throttle
    addrs = await self._resolver.resolve(host, port, family=self._family)
            ^^^^^^^^^^^^^^^^^^^^^^^^^^^^^^^^^^^^^^^^^^^^^^^^^^^^^^^^^^^^^
  File "/media/icarus112/SharedUbuntuWin/python/projects/VisitAI/.venv/lib/python3.12/site-packages/aiohttp/resolver.py", line 40, in resolve
    infos = await self._loop.getaddrinfo(
            ^^^^^^^^^^^^^^^^^^^^^^^^^^^^^
  File "/usr/lib/python3.12/asyncio/base_events.py", line 901, in getaddrinfo
    return await self.run_in_executor(
           ^^^^^^^^^^^^^^^^^^^^^^^^^^^
  File "/usr/lib/python3.12/concurrent/futures/thread.py", line 58, in run
    result = self.fn(*self.args, **self.kwargs)
             ^^^^^^^^^^^^^^^^^^^^^^^^^^^^^^^^^^
  File "/usr/lib/python3.12/socket.py", line 963, in getaddrinfo
    for res in _socket.getaddrinfo(host, port, family, type, proto, flags):
               ^^^^^^^^^^^^^^^^^^^^^^^^^^^^^^^^^^^^^^^^^^^^^^^^^^^^^^^^^^^
socket.gaierror: [Errno -3] Temporary failure in name resolution

The above exception was the direct cause of the following exception:

Traceback (most recent call last):
  File "/media/icarus112/SharedUbuntuWin/python/projects/VisitAI/.venv/lib/python3.12/site-packages/aiogram/client/session/aiohttp.py", line 167, in make_request
    async with session.post(
  File "/media/icarus112/SharedUbuntuWin/python/projects/VisitAI/.venv/lib/python3.12/site-packages/aiohttp/client.py", line 1521, in __aenter__
    self._resp: _RetType = await self._coro
                           ^^^^^^^^^^^^^^^^
  File "/media/icarus112/SharedUbuntuWin/python/projects/VisitAI/.venv/lib/python3.12/site-packages/aiohttp/client.py", line 788, in _request
    resp = await handler(req)
           ^^^^^^^^^^^^^^^^^^
  File "/media/icarus112/SharedUbuntuWin/python/projects/VisitAI/.venv/lib/python3.12/site-packages/aiohttp/client.py", line 742, in _connect_and_send_request
    conn = await self._connector.connect(
           ^^^^^^^^^^^^^^^^^^^^^^^^^^^^^^
  File "/media/icarus112/SharedUbuntuWin/python/projects/VisitAI/.venv/lib/python3.12/site-packages/aiohttp/connector.py", line 672, in connect
    proto = await self._create_connection(req, traces, timeout)
            ^^^^^^^^^^^^^^^^^^^^^^^^^^^^^^^^^^^^^^^^^^^^^^^^^^^
  File "/media/icarus112/SharedUbuntuWin/python/projects/VisitAI/.venv/lib/python3.12/site-packages/aiohttp/connector.py", line 1251, in _create_connection
    _, proto = await self._create_direct_connection(req, traces, timeout)
               ^^^^^^^^^^^^^^^^^^^^^^^^^^^^^^^^^^^^^^^^^^^^^^^^^^^^^^^^^^
  File "/media/icarus112/SharedUbuntuWin/python/projects/VisitAI/.venv/lib/python3.12/site-packages/aiohttp/connector.py", line 1580, in _create_direct_connection
    raise ClientConnectorDNSError(req.connection_key, exc) from exc
aiohttp.client_exceptions.ClientConnectorDNSError: Cannot connect to host api.telegram.org:443 ssl:default [Temporary failure in name resolution]

The above exception was the direct cause of the following exception:

Traceback (most recent call last):
  File "/media/icarus112/SharedUbuntuWin/python/projects/VisitAI/main.py", line 45, in <module>
    asyncio.run(main())
  File "/usr/lib/python3.12/asyncio/runners.py", line 194, in run
    return runner.run(main)
           ^^^^^^^^^^^^^^^^
  File "/usr/lib/python3.12/asyncio/runners.py", line 118, in run
    return self._loop.run_until_complete(task)
           ^^^^^^^^^^^^^^^^^^^^^^^^^^^^^^^^^^^
  File "/usr/lib/python3.12/asyncio/base_events.py", line 687, in run_until_complete
    return future.result()
           ^^^^^^^^^^^^^^^
  File "/media/icarus112/SharedUbuntuWin/python/projects/VisitAI/main.py", line 36, in main
    await bot.delete_webhook(drop_pending_updates=True)
  File "/media/icarus112/SharedUbuntuWin/python/projects/VisitAI/.venv/lib/python3.12/site-packages/aiogram/client/bot.py", line 1255, in delete_webhook
    return await self(call, request_timeout=request_timeout)
           ^^^^^^^^^^^^^^^^^^^^^^^^^^^^^^^^^^^^^^^^^^^^^^^^^
  File "/media/icarus112/SharedUbuntuWin/python/projects/VisitAI/.venv/lib/python3.12/site-packages/aiogram/client/bot.py", line 493, in __call__
    return await self.session(self, method, timeout=request_timeout)
           ^^^^^^^^^^^^^^^^^^^^^^^^^^^^^^^^^^^^^^^^^^^^^^^^^^^^^^^^^
  File "/media/icarus112/SharedUbuntuWin/python/projects/VisitAI/.venv/lib/python3.12/site-packages/aiogram/client/session/base.py", line 259, in __call__
    return cast(TelegramType, await middleware(bot, method))
                              ^^^^^^^^^^^^^^^^^^^^^^^^^^^^^
  File "/media/icarus112/SharedUbuntuWin/python/projects/VisitAI/.venv/lib/python3.12/site-packages/aiogram/client/session/aiohttp.py", line 176, in make_request
    raise TelegramNetworkError(method=method, message=f"{type(e).__name__}: {e}") from e
aiogram.exceptions.TelegramNetworkError: HTTP Client says - ClientConnectorDNSError: Cannot connect to host api.telegram.org:443 ssl:default [Temporary failure in name resolution]
2026-06-04 14:43:59,650 | ERROR | asyncio | Unclosed client session
client_session: <aiohttp.client.ClientSession object at 0x760854d1fe90>
2026-06-04 14:44:11,085 | ERROR | __main__ | Fatal error while running bot
Traceback (most recent call last):
  File "/media/icarus112/SharedUbuntuWin/python/projects/VisitAI/.venv/lib/python3.12/site-packages/aiohttp/connector.py", line 1325, in _wrap_create_connection
    return await self._loop.create_connection(*args, **kwargs, sock=sock)
           ^^^^^^^^^^^^^^^^^^^^^^^^^^^^^^^^^^^^^^^^^^^^^^^^^^^^^^^^^^^^^^
  File "/usr/lib/python3.12/asyncio/base_events.py", line 1149, in create_connection
    transport, protocol = await self._create_connection_transport(
                          ^^^^^^^^^^^^^^^^^^^^^^^^^^^^^^^^^^^^^^^^
  File "/usr/lib/python3.12/asyncio/base_events.py", line 1182, in _create_connection_transport
    await waiter
  File "/usr/lib/python3.12/asyncio/sslproto.py", line 578, in _on_handshake_complete
    raise handshake_exc
ConnectionResetError

The above exception was the direct cause of the following exception:

Traceback (most recent call last):
  File "/media/icarus112/SharedUbuntuWin/python/projects/VisitAI/.venv/lib/python3.12/site-packages/aiogram/client/session/aiohttp.py", line 167, in make_request
    async with session.post(
  File "/media/icarus112/SharedUbuntuWin/python/projects/VisitAI/.venv/lib/python3.12/site-packages/aiohttp/client.py", line 1521, in __aenter__
    self._resp: _RetType = await self._coro
                           ^^^^^^^^^^^^^^^^
  File "/media/icarus112/SharedUbuntuWin/python/projects/VisitAI/.venv/lib/python3.12/site-packages/aiohttp/client.py", line 788, in _request
    resp = await handler(req)
           ^^^^^^^^^^^^^^^^^^
  File "/media/icarus112/SharedUbuntuWin/python/projects/VisitAI/.venv/lib/python3.12/site-packages/aiohttp/client.py", line 742, in _connect_and_send_request
    conn = await self._connector.connect(
           ^^^^^^^^^^^^^^^^^^^^^^^^^^^^^^
  File "/media/icarus112/SharedUbuntuWin/python/projects/VisitAI/.venv/lib/python3.12/site-packages/aiohttp/connector.py", line 672, in connect
    proto = await self._create_connection(req, traces, timeout)
            ^^^^^^^^^^^^^^^^^^^^^^^^^^^^^^^^^^^^^^^^^^^^^^^^^^^
  File "/media/icarus112/SharedUbuntuWin/python/projects/VisitAI/.venv/lib/python3.12/site-packages/aiohttp/connector.py", line 1251, in _create_connection
    _, proto = await self._create_direct_connection(req, traces, timeout)
               ^^^^^^^^^^^^^^^^^^^^^^^^^^^^^^^^^^^^^^^^^^^^^^^^^^^^^^^^^^
  File "/media/icarus112/SharedUbuntuWin/python/projects/VisitAI/.venv/lib/python3.12/site-packages/aiohttp/connector.py", line 1623, in _create_direct_connection
    raise last_exc
  File "/media/icarus112/SharedUbuntuWin/python/projects/VisitAI/.venv/lib/python3.12/site-packages/aiohttp/connector.py", line 1592, in _create_direct_connection
    transp, proto = await self._wrap_create_connection(
                    ^^^^^^^^^^^^^^^^^^^^^^^^^^^^^^^^^^^
  File "/media/icarus112/SharedUbuntuWin/python/projects/VisitAI/.venv/lib/python3.12/site-packages/aiohttp/connector.py", line 1333, in _wrap_create_connection
    raise client_error(req.connection_key, exc) from exc
aiohttp.client_exceptions.ClientConnectorError: Cannot connect to host api.telegram.org:443 ssl:default [None]

The above exception was the direct cause of the following exception:

Traceback (most recent call last):
  File "/media/icarus112/SharedUbuntuWin/python/projects/VisitAI/main.py", line 45, in <module>
    asyncio.run(main())
  File "/usr/lib/python3.12/asyncio/runners.py", line 194, in run
    return runner.run(main)
           ^^^^^^^^^^^^^^^^
  File "/usr/lib/python3.12/asyncio/runners.py", line 118, in run
    return self._loop.run_until_complete(task)
           ^^^^^^^^^^^^^^^^^^^^^^^^^^^^^^^^^^^
  File "/usr/lib/python3.12/asyncio/base_events.py", line 687, in run_until_complete
    return future.result()
           ^^^^^^^^^^^^^^^
  File "/media/icarus112/SharedUbuntuWin/python/projects/VisitAI/main.py", line 36, in main
    await bot.delete_webhook(drop_pending_updates=True)
  File "/media/icarus112/SharedUbuntuWin/python/projects/VisitAI/.venv/lib/python3.12/site-packages/aiogram/client/bot.py", line 1255, in delete_webhook
    return await self(call, request_timeout=request_timeout)
           ^^^^^^^^^^^^^^^^^^^^^^^^^^^^^^^^^^^^^^^^^^^^^^^^^
  File "/media/icarus112/SharedUbuntuWin/python/projects/VisitAI/.venv/lib/python3.12/site-packages/aiogram/client/bot.py", line 493, in __call__
    return await self.session(self, method, timeout=request_timeout)
           ^^^^^^^^^^^^^^^^^^^^^^^^^^^^^^^^^^^^^^^^^^^^^^^^^^^^^^^^^
  File "/media/icarus112/SharedUbuntuWin/python/projects/VisitAI/.venv/lib/python3.12/site-packages/aiogram/client/session/base.py", line 259, in __call__
    return cast(TelegramType, await middleware(bot, method))
                              ^^^^^^^^^^^^^^^^^^^^^^^^^^^^^
  File "/media/icarus112/SharedUbuntuWin/python/projects/VisitAI/.venv/lib/python3.12/site-packages/aiogram/client/session/aiohttp.py", line 176, in make_request
    raise TelegramNetworkError(method=method, message=f"{type(e).__name__}: {e}") from e
aiogram.exceptions.TelegramNetworkError: HTTP Client says - ClientConnectorError: Cannot connect to host api.telegram.org:443 ssl:default [None]
2026-06-04 14:44:11,175 | ERROR | asyncio | Unclosed client session
client_session: <aiohttp.client.ClientSession object at 0x795810323da0>
2026-06-04 14:44:25,941 | ERROR | __main__ | Fatal error while running bot
Traceback (most recent call last):
  File "/media/icarus112/SharedUbuntuWin/python/projects/VisitAI/.venv/lib/python3.12/site-packages/aiohttp/connector.py", line 1325, in _wrap_create_connection
    return await self._loop.create_connection(*args, **kwargs, sock=sock)
           ^^^^^^^^^^^^^^^^^^^^^^^^^^^^^^^^^^^^^^^^^^^^^^^^^^^^^^^^^^^^^^
  File "/usr/lib/python3.12/asyncio/base_events.py", line 1149, in create_connection
    transport, protocol = await self._create_connection_transport(
                          ^^^^^^^^^^^^^^^^^^^^^^^^^^^^^^^^^^^^^^^^
  File "/usr/lib/python3.12/asyncio/base_events.py", line 1182, in _create_connection_transport
    await waiter
  File "/usr/lib/python3.12/asyncio/sslproto.py", line 578, in _on_handshake_complete
    raise handshake_exc
ConnectionResetError

The above exception was the direct cause of the following exception:

Traceback (most recent call last):
  File "/media/icarus112/SharedUbuntuWin/python/projects/VisitAI/.venv/lib/python3.12/site-packages/aiogram/client/session/aiohttp.py", line 167, in make_request
    async with session.post(
  File "/media/icarus112/SharedUbuntuWin/python/projects/VisitAI/.venv/lib/python3.12/site-packages/aiohttp/client.py", line 1521, in __aenter__
    self._resp: _RetType = await self._coro
                           ^^^^^^^^^^^^^^^^
  File "/media/icarus112/SharedUbuntuWin/python/projects/VisitAI/.venv/lib/python3.12/site-packages/aiohttp/client.py", line 788, in _request
    resp = await handler(req)
           ^^^^^^^^^^^^^^^^^^
  File "/media/icarus112/SharedUbuntuWin/python/projects/VisitAI/.venv/lib/python3.12/site-packages/aiohttp/client.py", line 742, in _connect_and_send_request
    conn = await self._connector.connect(
           ^^^^^^^^^^^^^^^^^^^^^^^^^^^^^^
  File "/media/icarus112/SharedUbuntuWin/python/projects/VisitAI/.venv/lib/python3.12/site-packages/aiohttp/connector.py", line 672, in connect
    proto = await self._create_connection(req, traces, timeout)
            ^^^^^^^^^^^^^^^^^^^^^^^^^^^^^^^^^^^^^^^^^^^^^^^^^^^
  File "/media/icarus112/SharedUbuntuWin/python/projects/VisitAI/.venv/lib/python3.12/site-packages/aiohttp/connector.py", line 1251, in _create_connection
    _, proto = await self._create_direct_connection(req, traces, timeout)
               ^^^^^^^^^^^^^^^^^^^^^^^^^^^^^^^^^^^^^^^^^^^^^^^^^^^^^^^^^^
  File "/media/icarus112/SharedUbuntuWin/python/projects/VisitAI/.venv/lib/python3.12/site-packages/aiohttp/connector.py", line 1623, in _create_direct_connection
    raise last_exc
  File "/media/icarus112/SharedUbuntuWin/python/projects/VisitAI/.venv/lib/python3.12/site-packages/aiohttp/connector.py", line 1592, in _create_direct_connection
    transp, proto = await self._wrap_create_connection(
                    ^^^^^^^^^^^^^^^^^^^^^^^^^^^^^^^^^^^
  File "/media/icarus112/SharedUbuntuWin/python/projects/VisitAI/.venv/lib/python3.12/site-packages/aiohttp/connector.py", line 1333, in _wrap_create_connection
    raise client_error(req.connection_key, exc) from exc
aiohttp.client_exceptions.ClientConnectorError: Cannot connect to host api.telegram.org:443 ssl:default [None]

The above exception was the direct cause of the following exception:

Traceback (most recent call last):
  File "/media/icarus112/SharedUbuntuWin/python/projects/VisitAI/main.py", line 45, in <module>
    asyncio.run(main())
  File "/usr/lib/python3.12/asyncio/runners.py", line 194, in run
    return runner.run(main)
           ^^^^^^^^^^^^^^^^
  File "/usr/lib/python3.12/asyncio/runners.py", line 118, in run
    return self._loop.run_until_complete(task)
           ^^^^^^^^^^^^^^^^^^^^^^^^^^^^^^^^^^^
  File "/usr/lib/python3.12/asyncio/base_events.py", line 687, in run_until_complete
    return future.result()
           ^^^^^^^^^^^^^^^
  File "/media/icarus112/SharedUbuntuWin/python/projects/VisitAI/main.py", line 36, in main
    await bot.delete_webhook(drop_pending_updates=True)
  File "/media/icarus112/SharedUbuntuWin/python/projects/VisitAI/.venv/lib/python3.12/site-packages/aiogram/client/bot.py", line 1255, in delete_webhook
    return await self(call, request_timeout=request_timeout)
           ^^^^^^^^^^^^^^^^^^^^^^^^^^^^^^^^^^^^^^^^^^^^^^^^^
  File "/media/icarus112/SharedUbuntuWin/python/projects/VisitAI/.venv/lib/python3.12/site-packages/aiogram/client/bot.py", line 493, in __call__
    return await self.session(self, method, timeout=request_timeout)
           ^^^^^^^^^^^^^^^^^^^^^^^^^^^^^^^^^^^^^^^^^^^^^^^^^^^^^^^^^
  File "/media/icarus112/SharedUbuntuWin/python/projects/VisitAI/.venv/lib/python3.12/site-packages/aiogram/client/session/base.py", line 259, in __call__
    return cast(TelegramType, await middleware(bot, method))
                              ^^^^^^^^^^^^^^^^^^^^^^^^^^^^^
  File "/media/icarus112/SharedUbuntuWin/python/projects/VisitAI/.venv/lib/python3.12/site-packages/aiogram/client/session/aiohttp.py", line 176, in make_request
    raise TelegramNetworkError(method=method, message=f"{type(e).__name__}: {e}") from e
aiogram.exceptions.TelegramNetworkError: HTTP Client says - ClientConnectorError: Cannot connect to host api.telegram.org:443 ssl:default [None]
2026-06-04 14:44:26,020 | ERROR | asyncio | Unclosed client session
client_session: <aiohttp.client.ClientSession object at 0x7b3f7cdd7da0>
2026-06-04 14:45:09,139 | ERROR | aiogram.event | Cause exception while process update id=78298753 by bot id=8635000285
ValidationError: 1 validation error for EditMessageText
reply_markup
  Input should be a valid dictionary or instance of InlineKeyboardMarkup [type=model_type, input_value=ReplyKeyboardMarkup(keybo...er=None, selective=None), input_type=ReplyKeyboardMarkup]
    For further information visit https://errors.pydantic.dev/2.12/v/model_type
Traceback (most recent call last):
  File "/media/icarus112/SharedUbuntuWin/python/projects/VisitAI/.venv/lib/python3.12/site-packages/aiogram/dispatcher/dispatcher.py", line 320, in _process_update
    response = await self.feed_update(bot, update, **kwargs)
               ^^^^^^^^^^^^^^^^^^^^^^^^^^^^^^^^^^^^^^^^^^^^^
  File "/media/icarus112/SharedUbuntuWin/python/projects/VisitAI/.venv/lib/python3.12/site-packages/aiogram/dispatcher/dispatcher.py", line 164, in feed_update
    response = await self.update.wrap_outer_middleware(
               ^^^^^^^^^^^^^^^^^^^^^^^^^^^^^^^^^^^^^^^^
  File "/media/icarus112/SharedUbuntuWin/python/projects/VisitAI/.venv/lib/python3.12/site-packages/aiogram/dispatcher/middlewares/error.py", line 27, in __call__
    return await handler(event, data)
           ^^^^^^^^^^^^^^^^^^^^^^^^^^
  File "/media/icarus112/SharedUbuntuWin/python/projects/VisitAI/.venv/lib/python3.12/site-packages/aiogram/dispatcher/middlewares/user_context.py", line 58, in __call__
    return await handler(event, data)
           ^^^^^^^^^^^^^^^^^^^^^^^^^^
  File "/media/icarus112/SharedUbuntuWin/python/projects/VisitAI/.venv/lib/python3.12/site-packages/aiogram/fsm/middleware.py", line 43, in __call__
    return await handler(event, data)
           ^^^^^^^^^^^^^^^^^^^^^^^^^^
  File "/media/icarus112/SharedUbuntuWin/python/projects/VisitAI/.venv/lib/python3.12/site-packages/aiogram/dispatcher/event/telegram.py", line 126, in trigger
    return await wrapped_inner(event, kwargs)
           ^^^^^^^^^^^^^^^^^^^^^^^^^^^^^^^^^^
  File "/media/icarus112/SharedUbuntuWin/python/projects/VisitAI/.venv/lib/python3.12/site-packages/aiogram/dispatcher/event/handler.py", line 71, in call
    return await wrapped()
           ^^^^^^^^^^^^^^^
  File "/media/icarus112/SharedUbuntuWin/python/projects/VisitAI/.venv/lib/python3.12/site-packages/aiogram/dispatcher/dispatcher.py", line 283, in _listen_update
    return await self.propagate_event(update_type=update_type, event=event, **kwargs)
           ^^^^^^^^^^^^^^^^^^^^^^^^^^^^^^^^^^^^^^^^^^^^^^^^^^^^^^^^^^^^^^^^^^^^^^^^^^
  File "/media/icarus112/SharedUbuntuWin/python/projects/VisitAI/.venv/lib/python3.12/site-packages/aiogram/dispatcher/router.py", line 163, in propagate_event
    return await observer.wrap_outer_middleware(_wrapped, event=event, data=kwargs)
           ^^^^^^^^^^^^^^^^^^^^^^^^^^^^^^^^^^^^^^^^^^^^^^^^^^^^^^^^^^^^^^^^^^^^^^^^
  File "/media/icarus112/SharedUbuntuWin/python/projects/VisitAI/app/core/middlewares.py", line 44, in __call__
    result = await handler(event, data)
             ^^^^^^^^^^^^^^^^^^^^^^^^^^
  File "/media/icarus112/SharedUbuntuWin/python/projects/VisitAI/.venv/lib/python3.12/site-packages/aiogram/dispatcher/router.py", line 155, in _wrapped
    return await self._propagate_event(
           ^^^^^^^^^^^^^^^^^^^^^^^^^^^^
  File "/media/icarus112/SharedUbuntuWin/python/projects/VisitAI/.venv/lib/python3.12/site-packages/aiogram/dispatcher/router.py", line 191, in _propagate_event
    response = await router.propagate_event(update_type=update_type, event=event, **kwargs)
               ^^^^^^^^^^^^^^^^^^^^^^^^^^^^^^^^^^^^^^^^^^^^^^^^^^^^^^^^^^^^^^^^^^^^^^^^^^^^
  File "/media/icarus112/SharedUbuntuWin/python/projects/VisitAI/.venv/lib/python3.12/site-packages/aiogram/dispatcher/router.py", line 163, in propagate_event
    return await observer.wrap_outer_middleware(_wrapped, event=event, data=kwargs)
           ^^^^^^^^^^^^^^^^^^^^^^^^^^^^^^^^^^^^^^^^^^^^^^^^^^^^^^^^^^^^^^^^^^^^^^^^
  File "/media/icarus112/SharedUbuntuWin/python/projects/VisitAI/.venv/lib/python3.12/site-packages/aiogram/dispatcher/router.py", line 155, in _wrapped
    return await self._propagate_event(
           ^^^^^^^^^^^^^^^^^^^^^^^^^^^^
  File "/media/icarus112/SharedUbuntuWin/python/projects/VisitAI/.venv/lib/python3.12/site-packages/aiogram/dispatcher/router.py", line 191, in _propagate_event
    response = await router.propagate_event(update_type=update_type, event=event, **kwargs)
               ^^^^^^^^^^^^^^^^^^^^^^^^^^^^^^^^^^^^^^^^^^^^^^^^^^^^^^^^^^^^^^^^^^^^^^^^^^^^
  File "/media/icarus112/SharedUbuntuWin/python/projects/VisitAI/.venv/lib/python3.12/site-packages/aiogram/dispatcher/router.py", line 163, in propagate_event
    return await observer.wrap_outer_middleware(_wrapped, event=event, data=kwargs)
           ^^^^^^^^^^^^^^^^^^^^^^^^^^^^^^^^^^^^^^^^^^^^^^^^^^^^^^^^^^^^^^^^^^^^^^^^
  File "/media/icarus112/SharedUbuntuWin/python/projects/VisitAI/.venv/lib/python3.12/site-packages/aiogram/dispatcher/router.py", line 155, in _wrapped
    return await self._propagate_event(
           ^^^^^^^^^^^^^^^^^^^^^^^^^^^^
  File "/media/icarus112/SharedUbuntuWin/python/projects/VisitAI/.venv/lib/python3.12/site-packages/aiogram/dispatcher/router.py", line 183, in _propagate_event
    response = await observer.trigger(event, **kwargs)
               ^^^^^^^^^^^^^^^^^^^^^^^^^^^^^^^^^^^^^^^
  File "/media/icarus112/SharedUbuntuWin/python/projects/VisitAI/.venv/lib/python3.12/site-packages/aiogram/dispatcher/event/telegram.py", line 126, in trigger
    return await wrapped_inner(event, kwargs)
           ^^^^^^^^^^^^^^^^^^^^^^^^^^^^^^^^^^
  File "/media/icarus112/SharedUbuntuWin/python/projects/VisitAI/.venv/lib/python3.12/site-packages/aiogram/dispatcher/event/handler.py", line 71, in call
    return await wrapped()
           ^^^^^^^^^^^^^^^
  File "/media/icarus112/SharedUbuntuWin/python/projects/VisitAI/app/handlers/ai_admin.py", line 86, in confirm_ai_create_ct
    await callback.message.edit_text(f"Создана новая услуга:\n\n"
          ^^^^^^^^^^^^^^^^^^^^^^^^^^^^^^^^^^^^^^^^^^^^^^^^^^^^^^^
  File "/media/icarus112/SharedUbuntuWin/python/projects/VisitAI/.venv/lib/python3.12/site-packages/aiogram/types/message.py", line 3970, in edit_text
    return EditMessageText(
           ^^^^^^^^^^^^^^^^
  File "/media/icarus112/SharedUbuntuWin/python/projects/VisitAI/.venv/lib/python3.12/site-packages/pydantic/main.py", line 250, in __init__
    validated_self = self.__pydantic_validator__.validate_python(data, self_instance=self)
                     ^^^^^^^^^^^^^^^^^^^^^^^^^^^^^^^^^^^^^^^^^^^^^^^^^^^^^^^^^^^^^^^^^^^^^
pydantic_core._pydantic_core.ValidationError: 1 validation error for EditMessageText
reply_markup
  Input should be a valid dictionary or instance of InlineKeyboardMarkup [type=model_type, input_value=ReplyKeyboardMarkup(keybo...er=None, selective=None), input_type=ReplyKeyboardMarkup]
    For further information visit https://errors.pydantic.dev/2.12/v/model_type
2026-06-04 14:49:03,843 | ERROR | __main__ | Fatal error while running bot
Traceback (most recent call last):
  File "/media/icarus112/SharedUbuntuWin/python/projects/VisitAI/.venv/lib/python3.12/site-packages/aiohttp/connector.py", line 1310, in _wrap_create_connection
    sock = await aiohappyeyeballs.start_connection(
           ^^^^^^^^^^^^^^^^^^^^^^^^^^^^^^^^^^^^^^^^
  File "/media/icarus112/SharedUbuntuWin/python/projects/VisitAI/.venv/lib/python3.12/site-packages/aiohappyeyeballs/impl.py", line 122, in start_connection
    raise first_exception
  File "/media/icarus112/SharedUbuntuWin/python/projects/VisitAI/.venv/lib/python3.12/site-packages/aiohappyeyeballs/impl.py", line 73, in start_connection
    sock = await _connect_sock(
           ^^^^^^^^^^^^^^^^^^^^
  File "/media/icarus112/SharedUbuntuWin/python/projects/VisitAI/.venv/lib/python3.12/site-packages/aiohappyeyeballs/impl.py", line 208, in _connect_sock
    await loop.sock_connect(sock, address)
  File "/usr/lib/python3.12/asyncio/selector_events.py", line 651, in sock_connect
    return await fut
           ^^^^^^^^^
  File "/usr/lib/python3.12/asyncio/selector_events.py", line 659, in _sock_connect
    sock.connect(address)
OSError: [Errno 101] Network is unreachable

The above exception was the direct cause of the following exception:

Traceback (most recent call last):
  File "/media/icarus112/SharedUbuntuWin/python/projects/VisitAI/.venv/lib/python3.12/site-packages/aiogram/client/session/aiohttp.py", line 167, in make_request
    async with session.post(
  File "/media/icarus112/SharedUbuntuWin/python/projects/VisitAI/.venv/lib/python3.12/site-packages/aiohttp/client.py", line 1521, in __aenter__
    self._resp: _RetType = await self._coro
                           ^^^^^^^^^^^^^^^^
  File "/media/icarus112/SharedUbuntuWin/python/projects/VisitAI/.venv/lib/python3.12/site-packages/aiohttp/client.py", line 788, in _request
    resp = await handler(req)
           ^^^^^^^^^^^^^^^^^^
  File "/media/icarus112/SharedUbuntuWin/python/projects/VisitAI/.venv/lib/python3.12/site-packages/aiohttp/client.py", line 742, in _connect_and_send_request
    conn = await self._connector.connect(
           ^^^^^^^^^^^^^^^^^^^^^^^^^^^^^^
  File "/media/icarus112/SharedUbuntuWin/python/projects/VisitAI/.venv/lib/python3.12/site-packages/aiohttp/connector.py", line 672, in connect
    proto = await self._create_connection(req, traces, timeout)
            ^^^^^^^^^^^^^^^^^^^^^^^^^^^^^^^^^^^^^^^^^^^^^^^^^^^
  File "/media/icarus112/SharedUbuntuWin/python/projects/VisitAI/.venv/lib/python3.12/site-packages/aiohttp/connector.py", line 1251, in _create_connection
    _, proto = await self._create_direct_connection(req, traces, timeout)
               ^^^^^^^^^^^^^^^^^^^^^^^^^^^^^^^^^^^^^^^^^^^^^^^^^^^^^^^^^^
  File "/media/icarus112/SharedUbuntuWin/python/projects/VisitAI/.venv/lib/python3.12/site-packages/aiohttp/connector.py", line 1623, in _create_direct_connection
    raise last_exc
  File "/media/icarus112/SharedUbuntuWin/python/projects/VisitAI/.venv/lib/python3.12/site-packages/aiohttp/connector.py", line 1592, in _create_direct_connection
    transp, proto = await self._wrap_create_connection(
                    ^^^^^^^^^^^^^^^^^^^^^^^^^^^^^^^^^^^
  File "/media/icarus112/SharedUbuntuWin/python/projects/VisitAI/.venv/lib/python3.12/site-packages/aiohttp/connector.py", line 1333, in _wrap_create_connection
    raise client_error(req.connection_key, exc) from exc
aiohttp.client_exceptions.ClientConnectorError: Cannot connect to host api.telegram.org:443 ssl:default [Network is unreachable]

The above exception was the direct cause of the following exception:

Traceback (most recent call last):
  File "/media/icarus112/SharedUbuntuWin/python/projects/VisitAI/main.py", line 45, in <module>
    asyncio.run(main())
  File "/usr/lib/python3.12/asyncio/runners.py", line 194, in run
    return runner.run(main)
           ^^^^^^^^^^^^^^^^
  File "/usr/lib/python3.12/asyncio/runners.py", line 118, in run
    return self._loop.run_until_complete(task)
           ^^^^^^^^^^^^^^^^^^^^^^^^^^^^^^^^^^^
  File "/usr/lib/python3.12/asyncio/base_events.py", line 687, in run_until_complete
    return future.result()
           ^^^^^^^^^^^^^^^
  File "/media/icarus112/SharedUbuntuWin/python/projects/VisitAI/main.py", line 36, in main
    await bot.delete_webhook(drop_pending_updates=True)
  File "/media/icarus112/SharedUbuntuWin/python/projects/VisitAI/.venv/lib/python3.12/site-packages/aiogram/client/bot.py", line 1255, in delete_webhook
    return await self(call, request_timeout=request_timeout)
           ^^^^^^^^^^^^^^^^^^^^^^^^^^^^^^^^^^^^^^^^^^^^^^^^^
  File "/media/icarus112/SharedUbuntuWin/python/projects/VisitAI/.venv/lib/python3.12/site-packages/aiogram/client/bot.py", line 493, in __call__
    return await self.session(self, method, timeout=request_timeout)
           ^^^^^^^^^^^^^^^^^^^^^^^^^^^^^^^^^^^^^^^^^^^^^^^^^^^^^^^^^
  File "/media/icarus112/SharedUbuntuWin/python/projects/VisitAI/.venv/lib/python3.12/site-packages/aiogram/client/session/base.py", line 259, in __call__
    return cast(TelegramType, await middleware(bot, method))
                              ^^^^^^^^^^^^^^^^^^^^^^^^^^^^^
  File "/media/icarus112/SharedUbuntuWin/python/projects/VisitAI/.venv/lib/python3.12/site-packages/aiogram/client/session/aiohttp.py", line 176, in make_request
    raise TelegramNetworkError(method=method, message=f"{type(e).__name__}: {e}") from e
aiogram.exceptions.TelegramNetworkError: HTTP Client says - ClientConnectorError: Cannot connect to host api.telegram.org:443 ssl:default [Network is unreachable]
2026-06-04 14:49:03,942 | ERROR | asyncio | Unclosed client session
client_session: <aiohttp.client.ClientSession object at 0x716e998dfe60>
2026-06-04 14:49:08,233 | ERROR | __main__ | Fatal error while running bot
Traceback (most recent call last):
  File "/media/icarus112/SharedUbuntuWin/python/projects/VisitAI/.venv/lib/python3.12/site-packages/aiohttp/connector.py", line 1310, in _wrap_create_connection
    sock = await aiohappyeyeballs.start_connection(
           ^^^^^^^^^^^^^^^^^^^^^^^^^^^^^^^^^^^^^^^^
  File "/media/icarus112/SharedUbuntuWin/python/projects/VisitAI/.venv/lib/python3.12/site-packages/aiohappyeyeballs/impl.py", line 122, in start_connection
    raise first_exception
  File "/media/icarus112/SharedUbuntuWin/python/projects/VisitAI/.venv/lib/python3.12/site-packages/aiohappyeyeballs/impl.py", line 73, in start_connection
    sock = await _connect_sock(
           ^^^^^^^^^^^^^^^^^^^^
  File "/media/icarus112/SharedUbuntuWin/python/projects/VisitAI/.venv/lib/python3.12/site-packages/aiohappyeyeballs/impl.py", line 208, in _connect_sock
    await loop.sock_connect(sock, address)
  File "/usr/lib/python3.12/asyncio/selector_events.py", line 651, in sock_connect
    return await fut
           ^^^^^^^^^
  File "/usr/lib/python3.12/asyncio/selector_events.py", line 659, in _sock_connect
    sock.connect(address)
OSError: [Errno 101] Network is unreachable

The above exception was the direct cause of the following exception:

Traceback (most recent call last):
  File "/media/icarus112/SharedUbuntuWin/python/projects/VisitAI/.venv/lib/python3.12/site-packages/aiogram/client/session/aiohttp.py", line 167, in make_request
    async with session.post(
  File "/media/icarus112/SharedUbuntuWin/python/projects/VisitAI/.venv/lib/python3.12/site-packages/aiohttp/client.py", line 1521, in __aenter__
    self._resp: _RetType = await self._coro
                           ^^^^^^^^^^^^^^^^
  File "/media/icarus112/SharedUbuntuWin/python/projects/VisitAI/.venv/lib/python3.12/site-packages/aiohttp/client.py", line 788, in _request
    resp = await handler(req)
           ^^^^^^^^^^^^^^^^^^
  File "/media/icarus112/SharedUbuntuWin/python/projects/VisitAI/.venv/lib/python3.12/site-packages/aiohttp/client.py", line 742, in _connect_and_send_request
    conn = await self._connector.connect(
           ^^^^^^^^^^^^^^^^^^^^^^^^^^^^^^
  File "/media/icarus112/SharedUbuntuWin/python/projects/VisitAI/.venv/lib/python3.12/site-packages/aiohttp/connector.py", line 672, in connect
    proto = await self._create_connection(req, traces, timeout)
            ^^^^^^^^^^^^^^^^^^^^^^^^^^^^^^^^^^^^^^^^^^^^^^^^^^^
  File "/media/icarus112/SharedUbuntuWin/python/projects/VisitAI/.venv/lib/python3.12/site-packages/aiohttp/connector.py", line 1251, in _create_connection
    _, proto = await self._create_direct_connection(req, traces, timeout)
               ^^^^^^^^^^^^^^^^^^^^^^^^^^^^^^^^^^^^^^^^^^^^^^^^^^^^^^^^^^
  File "/media/icarus112/SharedUbuntuWin/python/projects/VisitAI/.venv/lib/python3.12/site-packages/aiohttp/connector.py", line 1623, in _create_direct_connection
    raise last_exc
  File "/media/icarus112/SharedUbuntuWin/python/projects/VisitAI/.venv/lib/python3.12/site-packages/aiohttp/connector.py", line 1592, in _create_direct_connection
    transp, proto = await self._wrap_create_connection(
                    ^^^^^^^^^^^^^^^^^^^^^^^^^^^^^^^^^^^
  File "/media/icarus112/SharedUbuntuWin/python/projects/VisitAI/.venv/lib/python3.12/site-packages/aiohttp/connector.py", line 1333, in _wrap_create_connection
    raise client_error(req.connection_key, exc) from exc
aiohttp.client_exceptions.ClientConnectorError: Cannot connect to host api.telegram.org:443 ssl:default [Network is unreachable]

The above exception was the direct cause of the following exception:

Traceback (most recent call last):
  File "/media/icarus112/SharedUbuntuWin/python/projects/VisitAI/main.py", line 45, in <module>
    asyncio.run(main())
  File "/usr/lib/python3.12/asyncio/runners.py", line 194, in run
    return runner.run(main)
           ^^^^^^^^^^^^^^^^
  File "/usr/lib/python3.12/asyncio/runners.py", line 118, in run
    return self._loop.run_until_complete(task)
           ^^^^^^^^^^^^^^^^^^^^^^^^^^^^^^^^^^^
  File "/usr/lib/python3.12/asyncio/base_events.py", line 687, in run_until_complete
    return future.result()
           ^^^^^^^^^^^^^^^
  File "/media/icarus112/SharedUbuntuWin/python/projects/VisitAI/main.py", line 36, in main
    await bot.delete_webhook(drop_pending_updates=True)
  File "/media/icarus112/SharedUbuntuWin/python/projects/VisitAI/.venv/lib/python3.12/site-packages/aiogram/client/bot.py", line 1255, in delete_webhook
    return await self(call, request_timeout=request_timeout)
           ^^^^^^^^^^^^^^^^^^^^^^^^^^^^^^^^^^^^^^^^^^^^^^^^^
  File "/media/icarus112/SharedUbuntuWin/python/projects/VisitAI/.venv/lib/python3.12/site-packages/aiogram/client/bot.py", line 493, in __call__
    return await self.session(self, method, timeout=request_timeout)
           ^^^^^^^^^^^^^^^^^^^^^^^^^^^^^^^^^^^^^^^^^^^^^^^^^^^^^^^^^
  File "/media/icarus112/SharedUbuntuWin/python/projects/VisitAI/.venv/lib/python3.12/site-packages/aiogram/client/session/base.py", line 259, in __call__
    return cast(TelegramType, await middleware(bot, method))
                              ^^^^^^^^^^^^^^^^^^^^^^^^^^^^^
  File "/media/icarus112/SharedUbuntuWin/python/projects/VisitAI/.venv/lib/python3.12/site-packages/aiogram/client/session/aiohttp.py", line 176, in make_request
    raise TelegramNetworkError(method=method, message=f"{type(e).__name__}: {e}") from e
aiogram.exceptions.TelegramNetworkError: HTTP Client says - ClientConnectorError: Cannot connect to host api.telegram.org:443 ssl:default [Network is unreachable]
2026-06-04 14:49:08,308 | ERROR | asyncio | Unclosed client session
client_session: <aiohttp.client.ClientSession object at 0x793defe11070>
2026-06-04 14:49:12,483 | ERROR | __main__ | Fatal error while running bot
Traceback (most recent call last):
  File "/media/icarus112/SharedUbuntuWin/python/projects/VisitAI/.venv/lib/python3.12/site-packages/aiohttp/connector.py", line 1310, in _wrap_create_connection
    sock = await aiohappyeyeballs.start_connection(
           ^^^^^^^^^^^^^^^^^^^^^^^^^^^^^^^^^^^^^^^^
  File "/media/icarus112/SharedUbuntuWin/python/projects/VisitAI/.venv/lib/python3.12/site-packages/aiohappyeyeballs/impl.py", line 122, in start_connection
    raise first_exception
  File "/media/icarus112/SharedUbuntuWin/python/projects/VisitAI/.venv/lib/python3.12/site-packages/aiohappyeyeballs/impl.py", line 73, in start_connection
    sock = await _connect_sock(
           ^^^^^^^^^^^^^^^^^^^^
  File "/media/icarus112/SharedUbuntuWin/python/projects/VisitAI/.venv/lib/python3.12/site-packages/aiohappyeyeballs/impl.py", line 208, in _connect_sock
    await loop.sock_connect(sock, address)
  File "/usr/lib/python3.12/asyncio/selector_events.py", line 651, in sock_connect
    return await fut
           ^^^^^^^^^
  File "/usr/lib/python3.12/asyncio/selector_events.py", line 659, in _sock_connect
    sock.connect(address)
OSError: [Errno 101] Network is unreachable

The above exception was the direct cause of the following exception:

Traceback (most recent call last):
  File "/media/icarus112/SharedUbuntuWin/python/projects/VisitAI/.venv/lib/python3.12/site-packages/aiogram/client/session/aiohttp.py", line 167, in make_request
    async with session.post(
  File "/media/icarus112/SharedUbuntuWin/python/projects/VisitAI/.venv/lib/python3.12/site-packages/aiohttp/client.py", line 1521, in __aenter__
    self._resp: _RetType = await self._coro
                           ^^^^^^^^^^^^^^^^
  File "/media/icarus112/SharedUbuntuWin/python/projects/VisitAI/.venv/lib/python3.12/site-packages/aiohttp/client.py", line 788, in _request
    resp = await handler(req)
           ^^^^^^^^^^^^^^^^^^
  File "/media/icarus112/SharedUbuntuWin/python/projects/VisitAI/.venv/lib/python3.12/site-packages/aiohttp/client.py", line 742, in _connect_and_send_request
    conn = await self._connector.connect(
           ^^^^^^^^^^^^^^^^^^^^^^^^^^^^^^
  File "/media/icarus112/SharedUbuntuWin/python/projects/VisitAI/.venv/lib/python3.12/site-packages/aiohttp/connector.py", line 672, in connect
    proto = await self._create_connection(req, traces, timeout)
            ^^^^^^^^^^^^^^^^^^^^^^^^^^^^^^^^^^^^^^^^^^^^^^^^^^^
  File "/media/icarus112/SharedUbuntuWin/python/projects/VisitAI/.venv/lib/python3.12/site-packages/aiohttp/connector.py", line 1251, in _create_connection
    _, proto = await self._create_direct_connection(req, traces, timeout)
               ^^^^^^^^^^^^^^^^^^^^^^^^^^^^^^^^^^^^^^^^^^^^^^^^^^^^^^^^^^
  File "/media/icarus112/SharedUbuntuWin/python/projects/VisitAI/.venv/lib/python3.12/site-packages/aiohttp/connector.py", line 1623, in _create_direct_connection
    raise last_exc
  File "/media/icarus112/SharedUbuntuWin/python/projects/VisitAI/.venv/lib/python3.12/site-packages/aiohttp/connector.py", line 1592, in _create_direct_connection
    transp, proto = await self._wrap_create_connection(
                    ^^^^^^^^^^^^^^^^^^^^^^^^^^^^^^^^^^^
  File "/media/icarus112/SharedUbuntuWin/python/projects/VisitAI/.venv/lib/python3.12/site-packages/aiohttp/connector.py", line 1333, in _wrap_create_connection
    raise client_error(req.connection_key, exc) from exc
aiohttp.client_exceptions.ClientConnectorError: Cannot connect to host api.telegram.org:443 ssl:default [Network is unreachable]

The above exception was the direct cause of the following exception:

Traceback (most recent call last):
  File "/media/icarus112/SharedUbuntuWin/python/projects/VisitAI/main.py", line 45, in <module>
    asyncio.run(main())
  File "/usr/lib/python3.12/asyncio/runners.py", line 194, in run
    return runner.run(main)
           ^^^^^^^^^^^^^^^^
  File "/usr/lib/python3.12/asyncio/runners.py", line 118, in run
    return self._loop.run_until_complete(task)
           ^^^^^^^^^^^^^^^^^^^^^^^^^^^^^^^^^^^
  File "/usr/lib/python3.12/asyncio/base_events.py", line 687, in run_until_complete
    return future.result()
           ^^^^^^^^^^^^^^^
  File "/media/icarus112/SharedUbuntuWin/python/projects/VisitAI/main.py", line 36, in main
    await bot.delete_webhook(drop_pending_updates=True)
  File "/media/icarus112/SharedUbuntuWin/python/projects/VisitAI/.venv/lib/python3.12/site-packages/aiogram/client/bot.py", line 1255, in delete_webhook
    return await self(call, request_timeout=request_timeout)
           ^^^^^^^^^^^^^^^^^^^^^^^^^^^^^^^^^^^^^^^^^^^^^^^^^
  File "/media/icarus112/SharedUbuntuWin/python/projects/VisitAI/.venv/lib/python3.12/site-packages/aiogram/client/bot.py", line 493, in __call__
    return await self.session(self, method, timeout=request_timeout)
           ^^^^^^^^^^^^^^^^^^^^^^^^^^^^^^^^^^^^^^^^^^^^^^^^^^^^^^^^^
  File "/media/icarus112/SharedUbuntuWin/python/projects/VisitAI/.venv/lib/python3.12/site-packages/aiogram/client/session/base.py", line 259, in __call__
    return cast(TelegramType, await middleware(bot, method))
                              ^^^^^^^^^^^^^^^^^^^^^^^^^^^^^
  File "/media/icarus112/SharedUbuntuWin/python/projects/VisitAI/.venv/lib/python3.12/site-packages/aiogram/client/session/aiohttp.py", line 176, in make_request
    raise TelegramNetworkError(method=method, message=f"{type(e).__name__}: {e}") from e
aiogram.exceptions.TelegramNetworkError: HTTP Client says - ClientConnectorError: Cannot connect to host api.telegram.org:443 ssl:default [Network is unreachable]
2026-06-04 14:49:12,580 | ERROR | asyncio | Unclosed client session
client_session: <aiohttp.client.ClientSession object at 0x770e3bbcfe60>
2026-06-04 14:49:30,891 | ERROR | asyncio | Unclosed client session
client_session: <aiohttp.client.ClientSession object at 0x7ab458bdbce0>
2026-06-04 14:49:34,398 | ERROR | asyncio | Unclosed client session
client_session: <aiohttp.client.ClientSession object at 0x7c0ff0c23c50>
2026-06-04 14:49:54,173 | ERROR | __main__ | Fatal error while running bot
Traceback (most recent call last):
  File "/media/icarus112/SharedUbuntuWin/python/projects/VisitAI/.venv/lib/python3.12/site-packages/aiohttp/connector.py", line 1310, in _wrap_create_connection
    sock = await aiohappyeyeballs.start_connection(
           ^^^^^^^^^^^^^^^^^^^^^^^^^^^^^^^^^^^^^^^^
  File "/media/icarus112/SharedUbuntuWin/python/projects/VisitAI/.venv/lib/python3.12/site-packages/aiohappyeyeballs/impl.py", line 122, in start_connection
    raise first_exception
  File "/media/icarus112/SharedUbuntuWin/python/projects/VisitAI/.venv/lib/python3.12/site-packages/aiohappyeyeballs/impl.py", line 73, in start_connection
    sock = await _connect_sock(
           ^^^^^^^^^^^^^^^^^^^^
  File "/media/icarus112/SharedUbuntuWin/python/projects/VisitAI/.venv/lib/python3.12/site-packages/aiohappyeyeballs/impl.py", line 208, in _connect_sock
    await loop.sock_connect(sock, address)
  File "/usr/lib/python3.12/asyncio/selector_events.py", line 651, in sock_connect
    return await fut
           ^^^^^^^^^
  File "/usr/lib/python3.12/asyncio/selector_events.py", line 659, in _sock_connect
    sock.connect(address)
OSError: [Errno 101] Network is unreachable

The above exception was the direct cause of the following exception:

Traceback (most recent call last):
  File "/media/icarus112/SharedUbuntuWin/python/projects/VisitAI/.venv/lib/python3.12/site-packages/aiogram/client/session/aiohttp.py", line 167, in make_request
    async with session.post(
  File "/media/icarus112/SharedUbuntuWin/python/projects/VisitAI/.venv/lib/python3.12/site-packages/aiohttp/client.py", line 1521, in __aenter__
    self._resp: _RetType = await self._coro
                           ^^^^^^^^^^^^^^^^
  File "/media/icarus112/SharedUbuntuWin/python/projects/VisitAI/.venv/lib/python3.12/site-packages/aiohttp/client.py", line 788, in _request
    resp = await handler(req)
           ^^^^^^^^^^^^^^^^^^
  File "/media/icarus112/SharedUbuntuWin/python/projects/VisitAI/.venv/lib/python3.12/site-packages/aiohttp/client.py", line 742, in _connect_and_send_request
    conn = await self._connector.connect(
           ^^^^^^^^^^^^^^^^^^^^^^^^^^^^^^
  File "/media/icarus112/SharedUbuntuWin/python/projects/VisitAI/.venv/lib/python3.12/site-packages/aiohttp/connector.py", line 672, in connect
    proto = await self._create_connection(req, traces, timeout)
            ^^^^^^^^^^^^^^^^^^^^^^^^^^^^^^^^^^^^^^^^^^^^^^^^^^^
  File "/media/icarus112/SharedUbuntuWin/python/projects/VisitAI/.venv/lib/python3.12/site-packages/aiohttp/connector.py", line 1251, in _create_connection
    _, proto = await self._create_direct_connection(req, traces, timeout)
               ^^^^^^^^^^^^^^^^^^^^^^^^^^^^^^^^^^^^^^^^^^^^^^^^^^^^^^^^^^
  File "/media/icarus112/SharedUbuntuWin/python/projects/VisitAI/.venv/lib/python3.12/site-packages/aiohttp/connector.py", line 1623, in _create_direct_connection
    raise last_exc
  File "/media/icarus112/SharedUbuntuWin/python/projects/VisitAI/.venv/lib/python3.12/site-packages/aiohttp/connector.py", line 1592, in _create_direct_connection
    transp, proto = await self._wrap_create_connection(
                    ^^^^^^^^^^^^^^^^^^^^^^^^^^^^^^^^^^^
  File "/media/icarus112/SharedUbuntuWin/python/projects/VisitAI/.venv/lib/python3.12/site-packages/aiohttp/connector.py", line 1333, in _wrap_create_connection
    raise client_error(req.connection_key, exc) from exc
aiohttp.client_exceptions.ClientConnectorError: Cannot connect to host api.telegram.org:443 ssl:default [Network is unreachable]

The above exception was the direct cause of the following exception:

Traceback (most recent call last):
  File "/media/icarus112/SharedUbuntuWin/python/projects/VisitAI/main.py", line 45, in <module>
    asyncio.run(main())
  File "/usr/lib/python3.12/asyncio/runners.py", line 194, in run
    return runner.run(main)
           ^^^^^^^^^^^^^^^^
  File "/usr/lib/python3.12/asyncio/runners.py", line 118, in run
    return self._loop.run_until_complete(task)
           ^^^^^^^^^^^^^^^^^^^^^^^^^^^^^^^^^^^
  File "/usr/lib/python3.12/asyncio/base_events.py", line 687, in run_until_complete
    return future.result()
           ^^^^^^^^^^^^^^^
  File "/media/icarus112/SharedUbuntuWin/python/projects/VisitAI/main.py", line 36, in main
    await bot.delete_webhook(drop_pending_updates=True)
  File "/media/icarus112/SharedUbuntuWin/python/projects/VisitAI/.venv/lib/python3.12/site-packages/aiogram/client/bot.py", line 1255, in delete_webhook
    return await self(call, request_timeout=request_timeout)
           ^^^^^^^^^^^^^^^^^^^^^^^^^^^^^^^^^^^^^^^^^^^^^^^^^
  File "/media/icarus112/SharedUbuntuWin/python/projects/VisitAI/.venv/lib/python3.12/site-packages/aiogram/client/bot.py", line 493, in __call__
    return await self.session(self, method, timeout=request_timeout)
           ^^^^^^^^^^^^^^^^^^^^^^^^^^^^^^^^^^^^^^^^^^^^^^^^^^^^^^^^^
  File "/media/icarus112/SharedUbuntuWin/python/projects/VisitAI/.venv/lib/python3.12/site-packages/aiogram/client/session/base.py", line 259, in __call__
    return cast(TelegramType, await middleware(bot, method))
                              ^^^^^^^^^^^^^^^^^^^^^^^^^^^^^
  File "/media/icarus112/SharedUbuntuWin/python/projects/VisitAI/.venv/lib/python3.12/site-packages/aiogram/client/session/aiohttp.py", line 176, in make_request
    raise TelegramNetworkError(method=method, message=f"{type(e).__name__}: {e}") from e
aiogram.exceptions.TelegramNetworkError: HTTP Client says - ClientConnectorError: Cannot connect to host api.telegram.org:443 ssl:default [Network is unreachable]
2026-06-04 14:49:54,250 | ERROR | asyncio | Unclosed client session
client_session: <aiohttp.client.ClientSession object at 0x79369e747dd0>
2026-06-04 14:54:27,229 | ERROR | asyncio | Unclosed client session
client_session: <aiohttp.client.ClientSession object at 0x711ffe3e7e00>
2026-06-04 14:55:06,031 | ERROR | app.handlers.admin | admin tg id=6480514308 can't create catalog Массаж
Traceback (most recent call last):
  File "/media/icarus112/SharedUbuntuWin/python/projects/VisitAI/app/handlers/admin.py", line 140, in create_catalog
    catalog = await ct_sv.create_ct(name, price, duration, ad_tg_id)
              ^^^^^^^^^^^^^^^^^^^^^^^^^^^^^^^^^^^^^^^^^^^^^^^^^^^^^^
  File "/media/icarus112/SharedUbuntuWin/python/projects/VisitAI/app/service/catalog.py", line 42, in create_ct
    price = await self.str_to_decimal(price)
            ^^^^^^^^^^^^^^^^^^^^^^^^^^^^^^^^
  File "/media/icarus112/SharedUbuntuWin/python/projects/VisitAI/app/service/catalog.py", line 31, in str_to_decimal
    if value < 0:
       ^^^^^^^^^
TypeError: '<' not supported between instances of 'str' and 'int'
2026-06-04 14:57:41,683 | ERROR | app.handlers.admin | admin tg id=6480514308 can't create catalog массаж
Traceback (most recent call last):
  File "/media/icarus112/SharedUbuntuWin/python/projects/VisitAI/app/handlers/admin.py", line 140, in create_catalog
    catalog = await ct_sv.create_ct(name, price, duration, ad_tg_id)
              ^^^^^^^^^^^^^^^^^^^^^^^^^^^^^^^^^^^^^^^^^^^^^^^^^^^^^^
  File "/media/icarus112/SharedUbuntuWin/python/projects/VisitAI/app/service/catalog.py", line 42, in create_ct
    price = await self.str_to_decimal(price)
            ^^^^^^^^^^^^^^^^^^^^^^^^^^^^^^^^
  File "/media/icarus112/SharedUbuntuWin/python/projects/VisitAI/app/service/catalog.py", line 34, in str_to_decimal
    return value.quantize(Decimal("0.1"), rounding=ROUND_HALF_UP)
           ^^^^^^^^^^^^^^
AttributeError: 'str' object has no attribute 'quantize'
2026-06-04 15:01:00,620 | ERROR | asyncio | Unclosed client session
client_session: <aiohttp.client.ClientSession object at 0x78dfca4fbef0>
2026-06-04 15:02:47,555 | ERROR | aiogram.event | Cause exception while process update id=78298793 by bot id=8635000285
TelegramBadRequest: Telegram server says - Bad Request: can't parse entities: Unsupported start tag "booking:" at byte offset 61
Traceback (most recent call last):
  File "/media/icarus112/SharedUbuntuWin/python/projects/VisitAI/.venv/lib/python3.12/site-packages/aiogram/dispatcher/dispatcher.py", line 320, in _process_update
    response = await self.feed_update(bot, update, **kwargs)
               ^^^^^^^^^^^^^^^^^^^^^^^^^^^^^^^^^^^^^^^^^^^^^
  File "/media/icarus112/SharedUbuntuWin/python/projects/VisitAI/.venv/lib/python3.12/site-packages/aiogram/dispatcher/dispatcher.py", line 164, in feed_update
    response = await self.update.wrap_outer_middleware(
               ^^^^^^^^^^^^^^^^^^^^^^^^^^^^^^^^^^^^^^^^
  File "/media/icarus112/SharedUbuntuWin/python/projects/VisitAI/.venv/lib/python3.12/site-packages/aiogram/dispatcher/middlewares/error.py", line 27, in __call__
    return await handler(event, data)
           ^^^^^^^^^^^^^^^^^^^^^^^^^^
  File "/media/icarus112/SharedUbuntuWin/python/projects/VisitAI/.venv/lib/python3.12/site-packages/aiogram/dispatcher/middlewares/user_context.py", line 58, in __call__
    return await handler(event, data)
           ^^^^^^^^^^^^^^^^^^^^^^^^^^
  File "/media/icarus112/SharedUbuntuWin/python/projects/VisitAI/.venv/lib/python3.12/site-packages/aiogram/fsm/middleware.py", line 43, in __call__
    return await handler(event, data)
           ^^^^^^^^^^^^^^^^^^^^^^^^^^
  File "/media/icarus112/SharedUbuntuWin/python/projects/VisitAI/.venv/lib/python3.12/site-packages/aiogram/dispatcher/event/telegram.py", line 126, in trigger
    return await wrapped_inner(event, kwargs)
           ^^^^^^^^^^^^^^^^^^^^^^^^^^^^^^^^^^
  File "/media/icarus112/SharedUbuntuWin/python/projects/VisitAI/.venv/lib/python3.12/site-packages/aiogram/dispatcher/event/handler.py", line 71, in call
    return await wrapped()
           ^^^^^^^^^^^^^^^
  File "/media/icarus112/SharedUbuntuWin/python/projects/VisitAI/.venv/lib/python3.12/site-packages/aiogram/dispatcher/dispatcher.py", line 283, in _listen_update
    return await self.propagate_event(update_type=update_type, event=event, **kwargs)
           ^^^^^^^^^^^^^^^^^^^^^^^^^^^^^^^^^^^^^^^^^^^^^^^^^^^^^^^^^^^^^^^^^^^^^^^^^^
  File "/media/icarus112/SharedUbuntuWin/python/projects/VisitAI/.venv/lib/python3.12/site-packages/aiogram/dispatcher/router.py", line 163, in propagate_event
    return await observer.wrap_outer_middleware(_wrapped, event=event, data=kwargs)
           ^^^^^^^^^^^^^^^^^^^^^^^^^^^^^^^^^^^^^^^^^^^^^^^^^^^^^^^^^^^^^^^^^^^^^^^^
  File "/media/icarus112/SharedUbuntuWin/python/projects/VisitAI/app/core/middlewares.py", line 44, in __call__
    result = await handler(event, data)
             ^^^^^^^^^^^^^^^^^^^^^^^^^^
  File "/media/icarus112/SharedUbuntuWin/python/projects/VisitAI/.venv/lib/python3.12/site-packages/aiogram/dispatcher/router.py", line 155, in _wrapped
    return await self._propagate_event(
           ^^^^^^^^^^^^^^^^^^^^^^^^^^^^
  File "/media/icarus112/SharedUbuntuWin/python/projects/VisitAI/.venv/lib/python3.12/site-packages/aiogram/dispatcher/router.py", line 191, in _propagate_event
    response = await router.propagate_event(update_type=update_type, event=event, **kwargs)
               ^^^^^^^^^^^^^^^^^^^^^^^^^^^^^^^^^^^^^^^^^^^^^^^^^^^^^^^^^^^^^^^^^^^^^^^^^^^^
  File "/media/icarus112/SharedUbuntuWin/python/projects/VisitAI/.venv/lib/python3.12/site-packages/aiogram/dispatcher/router.py", line 163, in propagate_event
    return await observer.wrap_outer_middleware(_wrapped, event=event, data=kwargs)
           ^^^^^^^^^^^^^^^^^^^^^^^^^^^^^^^^^^^^^^^^^^^^^^^^^^^^^^^^^^^^^^^^^^^^^^^^
  File "/media/icarus112/SharedUbuntuWin/python/projects/VisitAI/.venv/lib/python3.12/site-packages/aiogram/dispatcher/router.py", line 155, in _wrapped
    return await self._propagate_event(
           ^^^^^^^^^^^^^^^^^^^^^^^^^^^^
  File "/media/icarus112/SharedUbuntuWin/python/projects/VisitAI/.venv/lib/python3.12/site-packages/aiogram/dispatcher/router.py", line 191, in _propagate_event
    response = await router.propagate_event(update_type=update_type, event=event, **kwargs)
               ^^^^^^^^^^^^^^^^^^^^^^^^^^^^^^^^^^^^^^^^^^^^^^^^^^^^^^^^^^^^^^^^^^^^^^^^^^^^
  File "/media/icarus112/SharedUbuntuWin/python/projects/VisitAI/.venv/lib/python3.12/site-packages/aiogram/dispatcher/router.py", line 163, in propagate_event
    return await observer.wrap_outer_middleware(_wrapped, event=event, data=kwargs)
           ^^^^^^^^^^^^^^^^^^^^^^^^^^^^^^^^^^^^^^^^^^^^^^^^^^^^^^^^^^^^^^^^^^^^^^^^
  File "/media/icarus112/SharedUbuntuWin/python/projects/VisitAI/.venv/lib/python3.12/site-packages/aiogram/dispatcher/router.py", line 155, in _wrapped
    return await self._propagate_event(
           ^^^^^^^^^^^^^^^^^^^^^^^^^^^^
  File "/media/icarus112/SharedUbuntuWin/python/projects/VisitAI/.venv/lib/python3.12/site-packages/aiogram/dispatcher/router.py", line 183, in _propagate_event
    response = await observer.trigger(event, **kwargs)
               ^^^^^^^^^^^^^^^^^^^^^^^^^^^^^^^^^^^^^^^
  File "/media/icarus112/SharedUbuntuWin/python/projects/VisitAI/.venv/lib/python3.12/site-packages/aiogram/dispatcher/event/telegram.py", line 126, in trigger
    return await wrapped_inner(event, kwargs)
           ^^^^^^^^^^^^^^^^^^^^^^^^^^^^^^^^^^
  File "/media/icarus112/SharedUbuntuWin/python/projects/VisitAI/.venv/lib/python3.12/site-packages/aiogram/dispatcher/event/handler.py", line 71, in call
    return await wrapped()
           ^^^^^^^^^^^^^^^
  File "/media/icarus112/SharedUbuntuWin/python/projects/VisitAI/app/handlers/record.py", line 328, in my_booking
    await message.answer(my_bks, parse_mode="HTML", reply_markup=kb.main)
  File "/media/icarus112/SharedUbuntuWin/python/projects/VisitAI/.venv/lib/python3.12/site-packages/aiogram/methods/base.py", line 82, in emit
    return await bot(self)
           ^^^^^^^^^^^^^^^
  File "/media/icarus112/SharedUbuntuWin/python/projects/VisitAI/.venv/lib/python3.12/site-packages/aiogram/client/bot.py", line 493, in __call__
    return await self.session(self, method, timeout=request_timeout)
           ^^^^^^^^^^^^^^^^^^^^^^^^^^^^^^^^^^^^^^^^^^^^^^^^^^^^^^^^^
  File "/media/icarus112/SharedUbuntuWin/python/projects/VisitAI/.venv/lib/python3.12/site-packages/aiogram/client/session/base.py", line 259, in __call__
    return cast(TelegramType, await middleware(bot, method))
                              ^^^^^^^^^^^^^^^^^^^^^^^^^^^^^
  File "/media/icarus112/SharedUbuntuWin/python/projects/VisitAI/.venv/lib/python3.12/site-packages/aiogram/client/session/aiohttp.py", line 177, in make_request
    response = self.check_response(
               ^^^^^^^^^^^^^^^^^^^^
  File "/media/icarus112/SharedUbuntuWin/python/projects/VisitAI/.venv/lib/python3.12/site-packages/aiogram/client/session/base.py", line 121, in check_response
    raise TelegramBadRequest(method=method, message=description)
aiogram.exceptions.TelegramBadRequest: Telegram server says - Bad Request: can't parse entities: Unsupported start tag "booking:" at byte offset 61
2026-06-04 15:04:29,660 | ERROR | asyncio | Unclosed client session
client_session: <aiohttp.client.ClientSession object at 0x7a376aa9fdd0>
2026-06-04 15:04:35,515 | ERROR | aiogram.event | Cause exception while process update id=78298794 by bot id=8635000285
TelegramBadRequest: Telegram server says - Bad Request: can't parse entities: Unsupported start tag "booking:" at byte offset 61
Traceback (most recent call last):
  File "/media/icarus112/SharedUbuntuWin/python/projects/VisitAI/.venv/lib/python3.12/site-packages/aiogram/dispatcher/dispatcher.py", line 320, in _process_update
    response = await self.feed_update(bot, update, **kwargs)
               ^^^^^^^^^^^^^^^^^^^^^^^^^^^^^^^^^^^^^^^^^^^^^
  File "/media/icarus112/SharedUbuntuWin/python/projects/VisitAI/.venv/lib/python3.12/site-packages/aiogram/dispatcher/dispatcher.py", line 164, in feed_update
    response = await self.update.wrap_outer_middleware(
               ^^^^^^^^^^^^^^^^^^^^^^^^^^^^^^^^^^^^^^^^
  File "/media/icarus112/SharedUbuntuWin/python/projects/VisitAI/.venv/lib/python3.12/site-packages/aiogram/dispatcher/middlewares/error.py", line 27, in __call__
    return await handler(event, data)
           ^^^^^^^^^^^^^^^^^^^^^^^^^^
  File "/media/icarus112/SharedUbuntuWin/python/projects/VisitAI/.venv/lib/python3.12/site-packages/aiogram/dispatcher/middlewares/user_context.py", line 58, in __call__
    return await handler(event, data)
           ^^^^^^^^^^^^^^^^^^^^^^^^^^
  File "/media/icarus112/SharedUbuntuWin/python/projects/VisitAI/.venv/lib/python3.12/site-packages/aiogram/fsm/middleware.py", line 43, in __call__
    return await handler(event, data)
           ^^^^^^^^^^^^^^^^^^^^^^^^^^
  File "/media/icarus112/SharedUbuntuWin/python/projects/VisitAI/.venv/lib/python3.12/site-packages/aiogram/dispatcher/event/telegram.py", line 126, in trigger
    return await wrapped_inner(event, kwargs)
           ^^^^^^^^^^^^^^^^^^^^^^^^^^^^^^^^^^
  File "/media/icarus112/SharedUbuntuWin/python/projects/VisitAI/.venv/lib/python3.12/site-packages/aiogram/dispatcher/event/handler.py", line 71, in call
    return await wrapped()
           ^^^^^^^^^^^^^^^
  File "/media/icarus112/SharedUbuntuWin/python/projects/VisitAI/.venv/lib/python3.12/site-packages/aiogram/dispatcher/dispatcher.py", line 283, in _listen_update
    return await self.propagate_event(update_type=update_type, event=event, **kwargs)
           ^^^^^^^^^^^^^^^^^^^^^^^^^^^^^^^^^^^^^^^^^^^^^^^^^^^^^^^^^^^^^^^^^^^^^^^^^^
  File "/media/icarus112/SharedUbuntuWin/python/projects/VisitAI/.venv/lib/python3.12/site-packages/aiogram/dispatcher/router.py", line 163, in propagate_event
    return await observer.wrap_outer_middleware(_wrapped, event=event, data=kwargs)
           ^^^^^^^^^^^^^^^^^^^^^^^^^^^^^^^^^^^^^^^^^^^^^^^^^^^^^^^^^^^^^^^^^^^^^^^^
  File "/media/icarus112/SharedUbuntuWin/python/projects/VisitAI/app/core/middlewares.py", line 44, in __call__
    result = await handler(event, data)
             ^^^^^^^^^^^^^^^^^^^^^^^^^^
  File "/media/icarus112/SharedUbuntuWin/python/projects/VisitAI/.venv/lib/python3.12/site-packages/aiogram/dispatcher/router.py", line 155, in _wrapped
    return await self._propagate_event(
           ^^^^^^^^^^^^^^^^^^^^^^^^^^^^
  File "/media/icarus112/SharedUbuntuWin/python/projects/VisitAI/.venv/lib/python3.12/site-packages/aiogram/dispatcher/router.py", line 191, in _propagate_event
    response = await router.propagate_event(update_type=update_type, event=event, **kwargs)
               ^^^^^^^^^^^^^^^^^^^^^^^^^^^^^^^^^^^^^^^^^^^^^^^^^^^^^^^^^^^^^^^^^^^^^^^^^^^^
  File "/media/icarus112/SharedUbuntuWin/python/projects/VisitAI/.venv/lib/python3.12/site-packages/aiogram/dispatcher/router.py", line 163, in propagate_event
    return await observer.wrap_outer_middleware(_wrapped, event=event, data=kwargs)
           ^^^^^^^^^^^^^^^^^^^^^^^^^^^^^^^^^^^^^^^^^^^^^^^^^^^^^^^^^^^^^^^^^^^^^^^^
  File "/media/icarus112/SharedUbuntuWin/python/projects/VisitAI/.venv/lib/python3.12/site-packages/aiogram/dispatcher/router.py", line 155, in _wrapped
    return await self._propagate_event(
           ^^^^^^^^^^^^^^^^^^^^^^^^^^^^
  File "/media/icarus112/SharedUbuntuWin/python/projects/VisitAI/.venv/lib/python3.12/site-packages/aiogram/dispatcher/router.py", line 191, in _propagate_event
    response = await router.propagate_event(update_type=update_type, event=event, **kwargs)
               ^^^^^^^^^^^^^^^^^^^^^^^^^^^^^^^^^^^^^^^^^^^^^^^^^^^^^^^^^^^^^^^^^^^^^^^^^^^^
  File "/media/icarus112/SharedUbuntuWin/python/projects/VisitAI/.venv/lib/python3.12/site-packages/aiogram/dispatcher/router.py", line 163, in propagate_event
    return await observer.wrap_outer_middleware(_wrapped, event=event, data=kwargs)
           ^^^^^^^^^^^^^^^^^^^^^^^^^^^^^^^^^^^^^^^^^^^^^^^^^^^^^^^^^^^^^^^^^^^^^^^^
  File "/media/icarus112/SharedUbuntuWin/python/projects/VisitAI/.venv/lib/python3.12/site-packages/aiogram/dispatcher/router.py", line 155, in _wrapped
    return await self._propagate_event(
           ^^^^^^^^^^^^^^^^^^^^^^^^^^^^
  File "/media/icarus112/SharedUbuntuWin/python/projects/VisitAI/.venv/lib/python3.12/site-packages/aiogram/dispatcher/router.py", line 183, in _propagate_event
    response = await observer.trigger(event, **kwargs)
               ^^^^^^^^^^^^^^^^^^^^^^^^^^^^^^^^^^^^^^^
  File "/media/icarus112/SharedUbuntuWin/python/projects/VisitAI/.venv/lib/python3.12/site-packages/aiogram/dispatcher/event/telegram.py", line 126, in trigger
    return await wrapped_inner(event, kwargs)
           ^^^^^^^^^^^^^^^^^^^^^^^^^^^^^^^^^^
  File "/media/icarus112/SharedUbuntuWin/python/projects/VisitAI/.venv/lib/python3.12/site-packages/aiogram/dispatcher/event/handler.py", line 71, in call
    return await wrapped()
           ^^^^^^^^^^^^^^^
  File "/media/icarus112/SharedUbuntuWin/python/projects/VisitAI/app/handlers/record.py", line 328, in my_booking
    await message.answer(my_bks, parse_mode="HTML", reply_markup=kb.main)
  File "/media/icarus112/SharedUbuntuWin/python/projects/VisitAI/.venv/lib/python3.12/site-packages/aiogram/methods/base.py", line 82, in emit
    return await bot(self)
           ^^^^^^^^^^^^^^^
  File "/media/icarus112/SharedUbuntuWin/python/projects/VisitAI/.venv/lib/python3.12/site-packages/aiogram/client/bot.py", line 493, in __call__
    return await self.session(self, method, timeout=request_timeout)
           ^^^^^^^^^^^^^^^^^^^^^^^^^^^^^^^^^^^^^^^^^^^^^^^^^^^^^^^^^
  File "/media/icarus112/SharedUbuntuWin/python/projects/VisitAI/.venv/lib/python3.12/site-packages/aiogram/client/session/base.py", line 259, in __call__
    return cast(TelegramType, await middleware(bot, method))
                              ^^^^^^^^^^^^^^^^^^^^^^^^^^^^^
  File "/media/icarus112/SharedUbuntuWin/python/projects/VisitAI/.venv/lib/python3.12/site-packages/aiogram/client/session/aiohttp.py", line 177, in make_request
    response = self.check_response(
               ^^^^^^^^^^^^^^^^^^^^
  File "/media/icarus112/SharedUbuntuWin/python/projects/VisitAI/.venv/lib/python3.12/site-packages/aiogram/client/session/base.py", line 121, in check_response
    raise TelegramBadRequest(method=method, message=description)
aiogram.exceptions.TelegramBadRequest: Telegram server says - Bad Request: can't parse entities: Unsupported start tag "booking:" at byte offset 61
2026-06-04 15:07:44,134 | ERROR | aiogram.event | Cause exception while process update id=78298795 by bot id=8635000285
TelegramBadRequest: Telegram server says - Bad Request: can't parse entities: Unsupported start tag "booking:" at byte offset 61
Traceback (most recent call last):
  File "/media/icarus112/SharedUbuntuWin/python/projects/VisitAI/.venv/lib/python3.12/site-packages/aiogram/dispatcher/dispatcher.py", line 320, in _process_update
    response = await self.feed_update(bot, update, **kwargs)
               ^^^^^^^^^^^^^^^^^^^^^^^^^^^^^^^^^^^^^^^^^^^^^
  File "/media/icarus112/SharedUbuntuWin/python/projects/VisitAI/.venv/lib/python3.12/site-packages/aiogram/dispatcher/dispatcher.py", line 164, in feed_update
    response = await self.update.wrap_outer_middleware(
               ^^^^^^^^^^^^^^^^^^^^^^^^^^^^^^^^^^^^^^^^
  File "/media/icarus112/SharedUbuntuWin/python/projects/VisitAI/.venv/lib/python3.12/site-packages/aiogram/dispatcher/middlewares/error.py", line 27, in __call__
    return await handler(event, data)
           ^^^^^^^^^^^^^^^^^^^^^^^^^^
  File "/media/icarus112/SharedUbuntuWin/python/projects/VisitAI/.venv/lib/python3.12/site-packages/aiogram/dispatcher/middlewares/user_context.py", line 58, in __call__
    return await handler(event, data)
           ^^^^^^^^^^^^^^^^^^^^^^^^^^
  File "/media/icarus112/SharedUbuntuWin/python/projects/VisitAI/.venv/lib/python3.12/site-packages/aiogram/fsm/middleware.py", line 43, in __call__
    return await handler(event, data)
           ^^^^^^^^^^^^^^^^^^^^^^^^^^
  File "/media/icarus112/SharedUbuntuWin/python/projects/VisitAI/.venv/lib/python3.12/site-packages/aiogram/dispatcher/event/telegram.py", line 126, in trigger
    return await wrapped_inner(event, kwargs)
           ^^^^^^^^^^^^^^^^^^^^^^^^^^^^^^^^^^
  File "/media/icarus112/SharedUbuntuWin/python/projects/VisitAI/.venv/lib/python3.12/site-packages/aiogram/dispatcher/event/handler.py", line 71, in call
    return await wrapped()
           ^^^^^^^^^^^^^^^
  File "/media/icarus112/SharedUbuntuWin/python/projects/VisitAI/.venv/lib/python3.12/site-packages/aiogram/dispatcher/dispatcher.py", line 283, in _listen_update
    return await self.propagate_event(update_type=update_type, event=event, **kwargs)
           ^^^^^^^^^^^^^^^^^^^^^^^^^^^^^^^^^^^^^^^^^^^^^^^^^^^^^^^^^^^^^^^^^^^^^^^^^^
  File "/media/icarus112/SharedUbuntuWin/python/projects/VisitAI/.venv/lib/python3.12/site-packages/aiogram/dispatcher/router.py", line 163, in propagate_event
    return await observer.wrap_outer_middleware(_wrapped, event=event, data=kwargs)
           ^^^^^^^^^^^^^^^^^^^^^^^^^^^^^^^^^^^^^^^^^^^^^^^^^^^^^^^^^^^^^^^^^^^^^^^^
  File "/media/icarus112/SharedUbuntuWin/python/projects/VisitAI/app/core/middlewares.py", line 44, in __call__
    result = await handler(event, data)
             ^^^^^^^^^^^^^^^^^^^^^^^^^^
  File "/media/icarus112/SharedUbuntuWin/python/projects/VisitAI/.venv/lib/python3.12/site-packages/aiogram/dispatcher/router.py", line 155, in _wrapped
    return await self._propagate_event(
           ^^^^^^^^^^^^^^^^^^^^^^^^^^^^
  File "/media/icarus112/SharedUbuntuWin/python/projects/VisitAI/.venv/lib/python3.12/site-packages/aiogram/dispatcher/router.py", line 191, in _propagate_event
    response = await router.propagate_event(update_type=update_type, event=event, **kwargs)
               ^^^^^^^^^^^^^^^^^^^^^^^^^^^^^^^^^^^^^^^^^^^^^^^^^^^^^^^^^^^^^^^^^^^^^^^^^^^^
  File "/media/icarus112/SharedUbuntuWin/python/projects/VisitAI/.venv/lib/python3.12/site-packages/aiogram/dispatcher/router.py", line 163, in propagate_event
    return await observer.wrap_outer_middleware(_wrapped, event=event, data=kwargs)
           ^^^^^^^^^^^^^^^^^^^^^^^^^^^^^^^^^^^^^^^^^^^^^^^^^^^^^^^^^^^^^^^^^^^^^^^^
  File "/media/icarus112/SharedUbuntuWin/python/projects/VisitAI/.venv/lib/python3.12/site-packages/aiogram/dispatcher/router.py", line 155, in _wrapped
    return await self._propagate_event(
           ^^^^^^^^^^^^^^^^^^^^^^^^^^^^
  File "/media/icarus112/SharedUbuntuWin/python/projects/VisitAI/.venv/lib/python3.12/site-packages/aiogram/dispatcher/router.py", line 191, in _propagate_event
    response = await router.propagate_event(update_type=update_type, event=event, **kwargs)
               ^^^^^^^^^^^^^^^^^^^^^^^^^^^^^^^^^^^^^^^^^^^^^^^^^^^^^^^^^^^^^^^^^^^^^^^^^^^^
  File "/media/icarus112/SharedUbuntuWin/python/projects/VisitAI/.venv/lib/python3.12/site-packages/aiogram/dispatcher/router.py", line 163, in propagate_event
    return await observer.wrap_outer_middleware(_wrapped, event=event, data=kwargs)
           ^^^^^^^^^^^^^^^^^^^^^^^^^^^^^^^^^^^^^^^^^^^^^^^^^^^^^^^^^^^^^^^^^^^^^^^^
  File "/media/icarus112/SharedUbuntuWin/python/projects/VisitAI/.venv/lib/python3.12/site-packages/aiogram/dispatcher/router.py", line 155, in _wrapped
    return await self._propagate_event(
           ^^^^^^^^^^^^^^^^^^^^^^^^^^^^
  File "/media/icarus112/SharedUbuntuWin/python/projects/VisitAI/.venv/lib/python3.12/site-packages/aiogram/dispatcher/router.py", line 183, in _propagate_event
    response = await observer.trigger(event, **kwargs)
               ^^^^^^^^^^^^^^^^^^^^^^^^^^^^^^^^^^^^^^^
  File "/media/icarus112/SharedUbuntuWin/python/projects/VisitAI/.venv/lib/python3.12/site-packages/aiogram/dispatcher/event/telegram.py", line 126, in trigger
    return await wrapped_inner(event, kwargs)
           ^^^^^^^^^^^^^^^^^^^^^^^^^^^^^^^^^^
  File "/media/icarus112/SharedUbuntuWin/python/projects/VisitAI/.venv/lib/python3.12/site-packages/aiogram/dispatcher/event/handler.py", line 71, in call
    return await wrapped()
           ^^^^^^^^^^^^^^^
  File "/media/icarus112/SharedUbuntuWin/python/projects/VisitAI/app/handlers/record.py", line 328, in my_booking
    await message.answer(my_bks, parse_mode="HTML")
  File "/media/icarus112/SharedUbuntuWin/python/projects/VisitAI/.venv/lib/python3.12/site-packages/aiogram/methods/base.py", line 82, in emit
    return await bot(self)
           ^^^^^^^^^^^^^^^
  File "/media/icarus112/SharedUbuntuWin/python/projects/VisitAI/.venv/lib/python3.12/site-packages/aiogram/client/bot.py", line 493, in __call__
    return await self.session(self, method, timeout=request_timeout)
           ^^^^^^^^^^^^^^^^^^^^^^^^^^^^^^^^^^^^^^^^^^^^^^^^^^^^^^^^^
  File "/media/icarus112/SharedUbuntuWin/python/projects/VisitAI/.venv/lib/python3.12/site-packages/aiogram/client/session/base.py", line 259, in __call__
    return cast(TelegramType, await middleware(bot, method))
                              ^^^^^^^^^^^^^^^^^^^^^^^^^^^^^
  File "/media/icarus112/SharedUbuntuWin/python/projects/VisitAI/.venv/lib/python3.12/site-packages/aiogram/client/session/aiohttp.py", line 177, in make_request
    response = self.check_response(
               ^^^^^^^^^^^^^^^^^^^^
  File "/media/icarus112/SharedUbuntuWin/python/projects/VisitAI/.venv/lib/python3.12/site-packages/aiogram/client/session/base.py", line 121, in check_response
    raise TelegramBadRequest(method=method, message=description)
aiogram.exceptions.TelegramBadRequest: Telegram server says - Bad Request: can't parse entities: Unsupported start tag "booking:" at byte offset 61
2026-06-04 15:12:18,580 | ERROR | asyncio | Unclosed client session
client_session: <aiohttp.client.ClientSession object at 0x75e2a6deba40>
2026-06-04 15:12:23,748 | ERROR | asyncio | Unclosed client session
client_session: <aiohttp.client.ClientSession object at 0x7c257ee3bd40>
2026-06-04 15:12:39,390 | ERROR | asyncio | Unclosed client session
client_session: <aiohttp.client.ClientSession object at 0x77fb70f73e30>
2026-06-04 15:12:44,446 | ERROR | asyncio | Unclosed client session
client_session: <aiohttp.client.ClientSession object at 0x7f2e65513b90>
2026-06-04 15:15:09,141 | ERROR | asyncio | Unclosed client session
client_session: <aiohttp.client.ClientSession object at 0x756cbff62ab0>
2026-06-04 15:15:24,577 | ERROR | __main__ | Fatal error while running bot
Traceback (most recent call last):
  File "/media/icarus112/SharedUbuntuWin/python/projects/VisitAI/.venv/lib/python3.12/site-packages/aiohttp/connector.py", line 1325, in _wrap_create_connection
    return await self._loop.create_connection(*args, **kwargs, sock=sock)
           ^^^^^^^^^^^^^^^^^^^^^^^^^^^^^^^^^^^^^^^^^^^^^^^^^^^^^^^^^^^^^^
  File "/usr/lib/python3.12/asyncio/base_events.py", line 1149, in create_connection
    transport, protocol = await self._create_connection_transport(
                          ^^^^^^^^^^^^^^^^^^^^^^^^^^^^^^^^^^^^^^^^
  File "/usr/lib/python3.12/asyncio/base_events.py", line 1182, in _create_connection_transport
    await waiter
  File "/usr/lib/python3.12/asyncio/sslproto.py", line 578, in _on_handshake_complete
    raise handshake_exc
ConnectionResetError

The above exception was the direct cause of the following exception:

Traceback (most recent call last):
  File "/media/icarus112/SharedUbuntuWin/python/projects/VisitAI/.venv/lib/python3.12/site-packages/aiogram/client/session/aiohttp.py", line 167, in make_request
    async with session.post(
  File "/media/icarus112/SharedUbuntuWin/python/projects/VisitAI/.venv/lib/python3.12/site-packages/aiohttp/client.py", line 1521, in __aenter__
    self._resp: _RetType = await self._coro
                           ^^^^^^^^^^^^^^^^
  File "/media/icarus112/SharedUbuntuWin/python/projects/VisitAI/.venv/lib/python3.12/site-packages/aiohttp/client.py", line 788, in _request
    resp = await handler(req)
           ^^^^^^^^^^^^^^^^^^
  File "/media/icarus112/SharedUbuntuWin/python/projects/VisitAI/.venv/lib/python3.12/site-packages/aiohttp/client.py", line 742, in _connect_and_send_request
    conn = await self._connector.connect(
           ^^^^^^^^^^^^^^^^^^^^^^^^^^^^^^
  File "/media/icarus112/SharedUbuntuWin/python/projects/VisitAI/.venv/lib/python3.12/site-packages/aiohttp/connector.py", line 672, in connect
    proto = await self._create_connection(req, traces, timeout)
            ^^^^^^^^^^^^^^^^^^^^^^^^^^^^^^^^^^^^^^^^^^^^^^^^^^^
  File "/media/icarus112/SharedUbuntuWin/python/projects/VisitAI/.venv/lib/python3.12/site-packages/aiohttp/connector.py", line 1251, in _create_connection
    _, proto = await self._create_direct_connection(req, traces, timeout)
               ^^^^^^^^^^^^^^^^^^^^^^^^^^^^^^^^^^^^^^^^^^^^^^^^^^^^^^^^^^
  File "/media/icarus112/SharedUbuntuWin/python/projects/VisitAI/.venv/lib/python3.12/site-packages/aiohttp/connector.py", line 1623, in _create_direct_connection
    raise last_exc
  File "/media/icarus112/SharedUbuntuWin/python/projects/VisitAI/.venv/lib/python3.12/site-packages/aiohttp/connector.py", line 1592, in _create_direct_connection
    transp, proto = await self._wrap_create_connection(
                    ^^^^^^^^^^^^^^^^^^^^^^^^^^^^^^^^^^^
  File "/media/icarus112/SharedUbuntuWin/python/projects/VisitAI/.venv/lib/python3.12/site-packages/aiohttp/connector.py", line 1333, in _wrap_create_connection
    raise client_error(req.connection_key, exc) from exc
aiohttp.client_exceptions.ClientConnectorError: Cannot connect to host api.telegram.org:443 ssl:default [None]

The above exception was the direct cause of the following exception:

Traceback (most recent call last):
  File "/media/icarus112/SharedUbuntuWin/python/projects/VisitAI/main.py", line 45, in <module>
    asyncio.run(main())
  File "/usr/lib/python3.12/asyncio/runners.py", line 194, in run
    return runner.run(main)
           ^^^^^^^^^^^^^^^^
  File "/usr/lib/python3.12/asyncio/runners.py", line 118, in run
    return self._loop.run_until_complete(task)
           ^^^^^^^^^^^^^^^^^^^^^^^^^^^^^^^^^^^
  File "/usr/lib/python3.12/asyncio/base_events.py", line 687, in run_until_complete
    return future.result()
           ^^^^^^^^^^^^^^^
  File "/media/icarus112/SharedUbuntuWin/python/projects/VisitAI/main.py", line 36, in main
    await bot.delete_webhook(drop_pending_updates=True)
  File "/media/icarus112/SharedUbuntuWin/python/projects/VisitAI/.venv/lib/python3.12/site-packages/aiogram/client/bot.py", line 1255, in delete_webhook
    return await self(call, request_timeout=request_timeout)
           ^^^^^^^^^^^^^^^^^^^^^^^^^^^^^^^^^^^^^^^^^^^^^^^^^
  File "/media/icarus112/SharedUbuntuWin/python/projects/VisitAI/.venv/lib/python3.12/site-packages/aiogram/client/bot.py", line 493, in __call__
    return await self.session(self, method, timeout=request_timeout)
           ^^^^^^^^^^^^^^^^^^^^^^^^^^^^^^^^^^^^^^^^^^^^^^^^^^^^^^^^^
  File "/media/icarus112/SharedUbuntuWin/python/projects/VisitAI/.venv/lib/python3.12/site-packages/aiogram/client/session/base.py", line 259, in __call__
    return cast(TelegramType, await middleware(bot, method))
                              ^^^^^^^^^^^^^^^^^^^^^^^^^^^^^
  File "/media/icarus112/SharedUbuntuWin/python/projects/VisitAI/.venv/lib/python3.12/site-packages/aiogram/client/session/aiohttp.py", line 176, in make_request
    raise TelegramNetworkError(method=method, message=f"{type(e).__name__}: {e}") from e
aiogram.exceptions.TelegramNetworkError: HTTP Client says - ClientConnectorError: Cannot connect to host api.telegram.org:443 ssl:default [None]
2026-06-04 15:15:24,671 | ERROR | asyncio | Unclosed client session
client_session: <aiohttp.client.ClientSession object at 0x7b4e316fbce0>
2026-06-04 15:15:38,334 | ERROR | asyncio | Unclosed client session
client_session: <aiohttp.client.ClientSession object at 0x7859c3e23d10>
2026-06-04 15:16:16,382 | ERROR | aiogram.event | Cause exception while process update id=78298797 by bot id=8635000285
TypeError: can only concatenate str (not "list") to str
Traceback (most recent call last):
  File "/media/icarus112/SharedUbuntuWin/python/projects/VisitAI/.venv/lib/python3.12/site-packages/aiogram/dispatcher/dispatcher.py", line 320, in _process_update
    response = await self.feed_update(bot, update, **kwargs)
               ^^^^^^^^^^^^^^^^^^^^^^^^^^^^^^^^^^^^^^^^^^^^^
  File "/media/icarus112/SharedUbuntuWin/python/projects/VisitAI/.venv/lib/python3.12/site-packages/aiogram/dispatcher/dispatcher.py", line 164, in feed_update
    response = await self.update.wrap_outer_middleware(
               ^^^^^^^^^^^^^^^^^^^^^^^^^^^^^^^^^^^^^^^^
  File "/media/icarus112/SharedUbuntuWin/python/projects/VisitAI/.venv/lib/python3.12/site-packages/aiogram/dispatcher/middlewares/error.py", line 27, in __call__
    return await handler(event, data)
           ^^^^^^^^^^^^^^^^^^^^^^^^^^
  File "/media/icarus112/SharedUbuntuWin/python/projects/VisitAI/.venv/lib/python3.12/site-packages/aiogram/dispatcher/middlewares/user_context.py", line 58, in __call__
    return await handler(event, data)
           ^^^^^^^^^^^^^^^^^^^^^^^^^^
  File "/media/icarus112/SharedUbuntuWin/python/projects/VisitAI/.venv/lib/python3.12/site-packages/aiogram/fsm/middleware.py", line 43, in __call__
    return await handler(event, data)
           ^^^^^^^^^^^^^^^^^^^^^^^^^^
  File "/media/icarus112/SharedUbuntuWin/python/projects/VisitAI/.venv/lib/python3.12/site-packages/aiogram/dispatcher/event/telegram.py", line 126, in trigger
    return await wrapped_inner(event, kwargs)
           ^^^^^^^^^^^^^^^^^^^^^^^^^^^^^^^^^^
  File "/media/icarus112/SharedUbuntuWin/python/projects/VisitAI/.venv/lib/python3.12/site-packages/aiogram/dispatcher/event/handler.py", line 71, in call
    return await wrapped()
           ^^^^^^^^^^^^^^^
  File "/media/icarus112/SharedUbuntuWin/python/projects/VisitAI/.venv/lib/python3.12/site-packages/aiogram/dispatcher/dispatcher.py", line 283, in _listen_update
    return await self.propagate_event(update_type=update_type, event=event, **kwargs)
           ^^^^^^^^^^^^^^^^^^^^^^^^^^^^^^^^^^^^^^^^^^^^^^^^^^^^^^^^^^^^^^^^^^^^^^^^^^
  File "/media/icarus112/SharedUbuntuWin/python/projects/VisitAI/.venv/lib/python3.12/site-packages/aiogram/dispatcher/router.py", line 163, in propagate_event
    return await observer.wrap_outer_middleware(_wrapped, event=event, data=kwargs)
           ^^^^^^^^^^^^^^^^^^^^^^^^^^^^^^^^^^^^^^^^^^^^^^^^^^^^^^^^^^^^^^^^^^^^^^^^
  File "/media/icarus112/SharedUbuntuWin/python/projects/VisitAI/app/core/middlewares.py", line 44, in __call__
    result = await handler(event, data)
             ^^^^^^^^^^^^^^^^^^^^^^^^^^
  File "/media/icarus112/SharedUbuntuWin/python/projects/VisitAI/.venv/lib/python3.12/site-packages/aiogram/dispatcher/router.py", line 155, in _wrapped
    return await self._propagate_event(
           ^^^^^^^^^^^^^^^^^^^^^^^^^^^^
  File "/media/icarus112/SharedUbuntuWin/python/projects/VisitAI/.venv/lib/python3.12/site-packages/aiogram/dispatcher/router.py", line 191, in _propagate_event
    response = await router.propagate_event(update_type=update_type, event=event, **kwargs)
               ^^^^^^^^^^^^^^^^^^^^^^^^^^^^^^^^^^^^^^^^^^^^^^^^^^^^^^^^^^^^^^^^^^^^^^^^^^^^
  File "/media/icarus112/SharedUbuntuWin/python/projects/VisitAI/.venv/lib/python3.12/site-packages/aiogram/dispatcher/router.py", line 163, in propagate_event
    return await observer.wrap_outer_middleware(_wrapped, event=event, data=kwargs)
           ^^^^^^^^^^^^^^^^^^^^^^^^^^^^^^^^^^^^^^^^^^^^^^^^^^^^^^^^^^^^^^^^^^^^^^^^
  File "/media/icarus112/SharedUbuntuWin/python/projects/VisitAI/.venv/lib/python3.12/site-packages/aiogram/dispatcher/router.py", line 155, in _wrapped
    return await self._propagate_event(
           ^^^^^^^^^^^^^^^^^^^^^^^^^^^^
  File "/media/icarus112/SharedUbuntuWin/python/projects/VisitAI/.venv/lib/python3.12/site-packages/aiogram/dispatcher/router.py", line 191, in _propagate_event
    response = await router.propagate_event(update_type=update_type, event=event, **kwargs)
               ^^^^^^^^^^^^^^^^^^^^^^^^^^^^^^^^^^^^^^^^^^^^^^^^^^^^^^^^^^^^^^^^^^^^^^^^^^^^
  File "/media/icarus112/SharedUbuntuWin/python/projects/VisitAI/.venv/lib/python3.12/site-packages/aiogram/dispatcher/router.py", line 163, in propagate_event
    return await observer.wrap_outer_middleware(_wrapped, event=event, data=kwargs)
           ^^^^^^^^^^^^^^^^^^^^^^^^^^^^^^^^^^^^^^^^^^^^^^^^^^^^^^^^^^^^^^^^^^^^^^^^
  File "/media/icarus112/SharedUbuntuWin/python/projects/VisitAI/.venv/lib/python3.12/site-packages/aiogram/dispatcher/router.py", line 155, in _wrapped
    return await self._propagate_event(
           ^^^^^^^^^^^^^^^^^^^^^^^^^^^^
  File "/media/icarus112/SharedUbuntuWin/python/projects/VisitAI/.venv/lib/python3.12/site-packages/aiogram/dispatcher/router.py", line 183, in _propagate_event
    response = await observer.trigger(event, **kwargs)
               ^^^^^^^^^^^^^^^^^^^^^^^^^^^^^^^^^^^^^^^
  File "/media/icarus112/SharedUbuntuWin/python/projects/VisitAI/.venv/lib/python3.12/site-packages/aiogram/dispatcher/event/telegram.py", line 126, in trigger
    return await wrapped_inner(event, kwargs)
           ^^^^^^^^^^^^^^^^^^^^^^^^^^^^^^^^^^
  File "/media/icarus112/SharedUbuntuWin/python/projects/VisitAI/.venv/lib/python3.12/site-packages/aiogram/dispatcher/event/handler.py", line 71, in call
    return await wrapped()
           ^^^^^^^^^^^^^^^
  File "/media/icarus112/SharedUbuntuWin/python/projects/VisitAI/app/handlers/record.py", line 326, in my_booking
    my_bks = await bk_sv.my_bk_info(user.id)
             ^^^^^^^^^^^^^^^^^^^^^^^^^^^^^^^
  File "/media/icarus112/SharedUbuntuWin/python/projects/VisitAI/app/service/booking.py", line 150, in my_bk_info
    text += lines
TypeError: can only concatenate str (not "list") to str
2026-06-04 16:24:06,149 | ERROR | aiogram.event | Cause exception while process update id=78298814 by bot id=8635000285
ProgrammingError: (sqlalchemy.dialects.postgresql.asyncpg.ProgrammingError) <class 'asyncpg.exceptions.UndefinedFunctionError'>: operator does not exist: time without time zone > timestamp without time zone
HINT:  No operator matches the given name and argument types. You might need to add explicit type casts.
[SQL: UPDATE bookings SET status=$1::bookstatus WHERE bookings.user_id = $2::BIGINT AND bookings.status IN ($4::bookstatus, $5::bookstatus, $6::bookstatus) AND bookings.time > $3::TIMESTAMP WITHOUT TIME ZONE]
[parameters: ('COMPLETED', 7, datetime.datetime(2026, 6, 4, 13, 24, 6, 145576), 'UNPAID', 'PAID', 'FAILED_PAY')]
(Background on this error at: https://sqlalche.me/e/20/f405)
Traceback (most recent call last):
  File "/media/icarus112/SharedUbuntuWin/python/projects/VisitAI/.venv/lib/python3.12/site-packages/sqlalchemy/dialects/postgresql/asyncpg.py", line 526, in _prepare_and_execute
    prepared_stmt, attributes = await adapt_connection._prepare(
                                ^^^^^^^^^^^^^^^^^^^^^^^^^^^^^^^^
  File "/media/icarus112/SharedUbuntuWin/python/projects/VisitAI/.venv/lib/python3.12/site-packages/sqlalchemy/dialects/postgresql/asyncpg.py", line 773, in _prepare
    prepared_stmt = await self._connection.prepare(
                    ^^^^^^^^^^^^^^^^^^^^^^^^^^^^^^^
  File "/media/icarus112/SharedUbuntuWin/python/projects/VisitAI/.venv/lib/python3.12/site-packages/asyncpg/connection.py", line 638, in prepare
    return await self._prepare(
           ^^^^^^^^^^^^^^^^^^^^
  File "/media/icarus112/SharedUbuntuWin/python/projects/VisitAI/.venv/lib/python3.12/site-packages/asyncpg/connection.py", line 657, in _prepare
    stmt = await self._get_statement(
           ^^^^^^^^^^^^^^^^^^^^^^^^^^
  File "/media/icarus112/SharedUbuntuWin/python/projects/VisitAI/.venv/lib/python3.12/site-packages/asyncpg/connection.py", line 443, in _get_statement
    statement = await self._protocol.prepare(
                ^^^^^^^^^^^^^^^^^^^^^^^^^^^^^
  File "asyncpg/protocol/protocol.pyx", line 165, in prepare
asyncpg.exceptions.UndefinedFunctionError: operator does not exist: time without time zone > timestamp without time zone
HINT:  No operator matches the given name and argument types. You might need to add explicit type casts.

The above exception was the direct cause of the following exception:

Traceback (most recent call last):
  File "/media/icarus112/SharedUbuntuWin/python/projects/VisitAI/.venv/lib/python3.12/site-packages/sqlalchemy/engine/base.py", line 1967, in _exec_single_context
    self.dialect.do_execute(
  File "/media/icarus112/SharedUbuntuWin/python/projects/VisitAI/.venv/lib/python3.12/site-packages/sqlalchemy/engine/default.py", line 952, in do_execute
    cursor.execute(statement, parameters)
  File "/media/icarus112/SharedUbuntuWin/python/projects/VisitAI/.venv/lib/python3.12/site-packages/sqlalchemy/dialects/postgresql/asyncpg.py", line 585, in execute
    self._adapt_connection.await_(
  File "/media/icarus112/SharedUbuntuWin/python/projects/VisitAI/.venv/lib/python3.12/site-packages/sqlalchemy/util/_concurrency_py3k.py", line 132, in await_only
    return current.parent.switch(awaitable)  # type: ignore[no-any-return,attr-defined] # noqa: E501
           ^^^^^^^^^^^^^^^^^^^^^^^^^^^^^^^^
  File "/media/icarus112/SharedUbuntuWin/python/projects/VisitAI/.venv/lib/python3.12/site-packages/sqlalchemy/util/_concurrency_py3k.py", line 196, in greenlet_spawn
    value = await result
            ^^^^^^^^^^^^
  File "/media/icarus112/SharedUbuntuWin/python/projects/VisitAI/.venv/lib/python3.12/site-packages/sqlalchemy/dialects/postgresql/asyncpg.py", line 563, in _prepare_and_execute
    self._handle_exception(error)
  File "/media/icarus112/SharedUbuntuWin/python/projects/VisitAI/.venv/lib/python3.12/site-packages/sqlalchemy/dialects/postgresql/asyncpg.py", line 513, in _handle_exception
    self._adapt_connection._handle_exception(error)
  File "/media/icarus112/SharedUbuntuWin/python/projects/VisitAI/.venv/lib/python3.12/site-packages/sqlalchemy/dialects/postgresql/asyncpg.py", line 797, in _handle_exception
    raise translated_error from error
sqlalchemy.dialects.postgresql.asyncpg.AsyncAdapt_asyncpg_dbapi.ProgrammingError: <class 'asyncpg.exceptions.UndefinedFunctionError'>: operator does not exist: time without time zone > timestamp without time zone
HINT:  No operator matches the given name and argument types. You might need to add explicit type casts.

The above exception was the direct cause of the following exception:

Traceback (most recent call last):
  File "/media/icarus112/SharedUbuntuWin/python/projects/VisitAI/.venv/lib/python3.12/site-packages/aiogram/dispatcher/dispatcher.py", line 320, in _process_update
    response = await self.feed_update(bot, update, **kwargs)
               ^^^^^^^^^^^^^^^^^^^^^^^^^^^^^^^^^^^^^^^^^^^^^
  File "/media/icarus112/SharedUbuntuWin/python/projects/VisitAI/.venv/lib/python3.12/site-packages/aiogram/dispatcher/dispatcher.py", line 164, in feed_update
    response = await self.update.wrap_outer_middleware(
               ^^^^^^^^^^^^^^^^^^^^^^^^^^^^^^^^^^^^^^^^
  File "/media/icarus112/SharedUbuntuWin/python/projects/VisitAI/.venv/lib/python3.12/site-packages/aiogram/dispatcher/middlewares/error.py", line 27, in __call__
    return await handler(event, data)
           ^^^^^^^^^^^^^^^^^^^^^^^^^^
  File "/media/icarus112/SharedUbuntuWin/python/projects/VisitAI/.venv/lib/python3.12/site-packages/aiogram/dispatcher/middlewares/user_context.py", line 58, in __call__
    return await handler(event, data)
           ^^^^^^^^^^^^^^^^^^^^^^^^^^
  File "/media/icarus112/SharedUbuntuWin/python/projects/VisitAI/.venv/lib/python3.12/site-packages/aiogram/fsm/middleware.py", line 43, in __call__
    return await handler(event, data)
           ^^^^^^^^^^^^^^^^^^^^^^^^^^
  File "/media/icarus112/SharedUbuntuWin/python/projects/VisitAI/.venv/lib/python3.12/site-packages/aiogram/dispatcher/event/telegram.py", line 126, in trigger
    return await wrapped_inner(event, kwargs)
           ^^^^^^^^^^^^^^^^^^^^^^^^^^^^^^^^^^
  File "/media/icarus112/SharedUbuntuWin/python/projects/VisitAI/.venv/lib/python3.12/site-packages/aiogram/dispatcher/event/handler.py", line 71, in call
    return await wrapped()
           ^^^^^^^^^^^^^^^
  File "/media/icarus112/SharedUbuntuWin/python/projects/VisitAI/.venv/lib/python3.12/site-packages/aiogram/dispatcher/dispatcher.py", line 283, in _listen_update
    return await self.propagate_event(update_type=update_type, event=event, **kwargs)
           ^^^^^^^^^^^^^^^^^^^^^^^^^^^^^^^^^^^^^^^^^^^^^^^^^^^^^^^^^^^^^^^^^^^^^^^^^^
  File "/media/icarus112/SharedUbuntuWin/python/projects/VisitAI/.venv/lib/python3.12/site-packages/aiogram/dispatcher/router.py", line 163, in propagate_event
    return await observer.wrap_outer_middleware(_wrapped, event=event, data=kwargs)
           ^^^^^^^^^^^^^^^^^^^^^^^^^^^^^^^^^^^^^^^^^^^^^^^^^^^^^^^^^^^^^^^^^^^^^^^^
  File "/media/icarus112/SharedUbuntuWin/python/projects/VisitAI/app/core/middlewares.py", line 44, in __call__
    result = await handler(event, data)
             ^^^^^^^^^^^^^^^^^^^^^^^^^^
  File "/media/icarus112/SharedUbuntuWin/python/projects/VisitAI/.venv/lib/python3.12/site-packages/aiogram/dispatcher/router.py", line 155, in _wrapped
    return await self._propagate_event(
           ^^^^^^^^^^^^^^^^^^^^^^^^^^^^
  File "/media/icarus112/SharedUbuntuWin/python/projects/VisitAI/.venv/lib/python3.12/site-packages/aiogram/dispatcher/router.py", line 191, in _propagate_event
    response = await router.propagate_event(update_type=update_type, event=event, **kwargs)
               ^^^^^^^^^^^^^^^^^^^^^^^^^^^^^^^^^^^^^^^^^^^^^^^^^^^^^^^^^^^^^^^^^^^^^^^^^^^^
  File "/media/icarus112/SharedUbuntuWin/python/projects/VisitAI/.venv/lib/python3.12/site-packages/aiogram/dispatcher/router.py", line 163, in propagate_event
    return await observer.wrap_outer_middleware(_wrapped, event=event, data=kwargs)
           ^^^^^^^^^^^^^^^^^^^^^^^^^^^^^^^^^^^^^^^^^^^^^^^^^^^^^^^^^^^^^^^^^^^^^^^^
  File "/media/icarus112/SharedUbuntuWin/python/projects/VisitAI/.venv/lib/python3.12/site-packages/aiogram/dispatcher/router.py", line 155, in _wrapped
    return await self._propagate_event(
           ^^^^^^^^^^^^^^^^^^^^^^^^^^^^
  File "/media/icarus112/SharedUbuntuWin/python/projects/VisitAI/.venv/lib/python3.12/site-packages/aiogram/dispatcher/router.py", line 191, in _propagate_event
    response = await router.propagate_event(update_type=update_type, event=event, **kwargs)
               ^^^^^^^^^^^^^^^^^^^^^^^^^^^^^^^^^^^^^^^^^^^^^^^^^^^^^^^^^^^^^^^^^^^^^^^^^^^^
  File "/media/icarus112/SharedUbuntuWin/python/projects/VisitAI/.venv/lib/python3.12/site-packages/aiogram/dispatcher/router.py", line 163, in propagate_event
    return await observer.wrap_outer_middleware(_wrapped, event=event, data=kwargs)
           ^^^^^^^^^^^^^^^^^^^^^^^^^^^^^^^^^^^^^^^^^^^^^^^^^^^^^^^^^^^^^^^^^^^^^^^^
  File "/media/icarus112/SharedUbuntuWin/python/projects/VisitAI/.venv/lib/python3.12/site-packages/aiogram/dispatcher/router.py", line 155, in _wrapped
    return await self._propagate_event(
           ^^^^^^^^^^^^^^^^^^^^^^^^^^^^
  File "/media/icarus112/SharedUbuntuWin/python/projects/VisitAI/.venv/lib/python3.12/site-packages/aiogram/dispatcher/router.py", line 183, in _propagate_event
    response = await observer.trigger(event, **kwargs)
               ^^^^^^^^^^^^^^^^^^^^^^^^^^^^^^^^^^^^^^^
  File "/media/icarus112/SharedUbuntuWin/python/projects/VisitAI/.venv/lib/python3.12/site-packages/aiogram/dispatcher/event/telegram.py", line 126, in trigger
    return await wrapped_inner(event, kwargs)
           ^^^^^^^^^^^^^^^^^^^^^^^^^^^^^^^^^^
  File "/media/icarus112/SharedUbuntuWin/python/projects/VisitAI/.venv/lib/python3.12/site-packages/aiogram/dispatcher/event/handler.py", line 71, in call
    return await wrapped()
           ^^^^^^^^^^^^^^^
  File "/media/icarus112/SharedUbuntuWin/python/projects/VisitAI/app/handlers/record.py", line 326, in my_booking
    my_bks = await bk_sv.my_bk_info(user.id)
             ^^^^^^^^^^^^^^^^^^^^^^^^^^^^^^^
  File "/media/icarus112/SharedUbuntuWin/python/projects/VisitAI/app/service/booking.py", line 136, in my_bk_info
    await self.bk_rp.auto_complete_old(us_id)
  File "/media/icarus112/SharedUbuntuWin/python/projects/VisitAI/app/repository/booking.py", line 53, in auto_complete_old
    result = await self.session.execute(stmt)
             ^^^^^^^^^^^^^^^^^^^^^^^^^^^^^^^^
  File "/media/icarus112/SharedUbuntuWin/python/projects/VisitAI/.venv/lib/python3.12/site-packages/sqlalchemy/ext/asyncio/session.py", line 449, in execute
    result = await greenlet_spawn(
             ^^^^^^^^^^^^^^^^^^^^^
  File "/media/icarus112/SharedUbuntuWin/python/projects/VisitAI/.venv/lib/python3.12/site-packages/sqlalchemy/util/_concurrency_py3k.py", line 201, in greenlet_spawn
    result = context.throw(*sys.exc_info())
             ^^^^^^^^^^^^^^^^^^^^^^^^^^^^^^
  File "/media/icarus112/SharedUbuntuWin/python/projects/VisitAI/.venv/lib/python3.12/site-packages/sqlalchemy/orm/session.py", line 2351, in execute
    return self._execute_internal(
           ^^^^^^^^^^^^^^^^^^^^^^^
  File "/media/icarus112/SharedUbuntuWin/python/projects/VisitAI/.venv/lib/python3.12/site-packages/sqlalchemy/orm/session.py", line 2249, in _execute_internal
    result: Result[Any] = compile_state_cls.orm_execute_statement(
                          ^^^^^^^^^^^^^^^^^^^^^^^^^^^^^^^^^^^^^^^^
  File "/media/icarus112/SharedUbuntuWin/python/projects/VisitAI/.venv/lib/python3.12/site-packages/sqlalchemy/orm/bulk_persistence.py", line 1660, in orm_execute_statement
    return super().orm_execute_statement(
           ^^^^^^^^^^^^^^^^^^^^^^^^^^^^^^
  File "/media/icarus112/SharedUbuntuWin/python/projects/VisitAI/.venv/lib/python3.12/site-packages/sqlalchemy/orm/context.py", line 306, in orm_execute_statement
    result = conn.execute(
             ^^^^^^^^^^^^^
  File "/media/icarus112/SharedUbuntuWin/python/projects/VisitAI/.venv/lib/python3.12/site-packages/sqlalchemy/engine/base.py", line 1419, in execute
    return meth(
           ^^^^^
  File "/media/icarus112/SharedUbuntuWin/python/projects/VisitAI/.venv/lib/python3.12/site-packages/sqlalchemy/sql/elements.py", line 527, in _execute_on_connection
    return connection._execute_clauseelement(
           ^^^^^^^^^^^^^^^^^^^^^^^^^^^^^^^^^^
  File "/media/icarus112/SharedUbuntuWin/python/projects/VisitAI/.venv/lib/python3.12/site-packages/sqlalchemy/engine/base.py", line 1641, in _execute_clauseelement
    ret = self._execute_context(
          ^^^^^^^^^^^^^^^^^^^^^^
  File "/media/icarus112/SharedUbuntuWin/python/projects/VisitAI/.venv/lib/python3.12/site-packages/sqlalchemy/engine/base.py", line 1846, in _execute_context
    return self._exec_single_context(
           ^^^^^^^^^^^^^^^^^^^^^^^^^^
  File "/media/icarus112/SharedUbuntuWin/python/projects/VisitAI/.venv/lib/python3.12/site-packages/sqlalchemy/engine/base.py", line 1986, in _exec_single_context
    self._handle_dbapi_exception(
  File "/media/icarus112/SharedUbuntuWin/python/projects/VisitAI/.venv/lib/python3.12/site-packages/sqlalchemy/engine/base.py", line 2363, in _handle_dbapi_exception
    raise sqlalchemy_exception.with_traceback(exc_info[2]) from e
  File "/media/icarus112/SharedUbuntuWin/python/projects/VisitAI/.venv/lib/python3.12/site-packages/sqlalchemy/engine/base.py", line 1967, in _exec_single_context
    self.dialect.do_execute(
  File "/media/icarus112/SharedUbuntuWin/python/projects/VisitAI/.venv/lib/python3.12/site-packages/sqlalchemy/engine/default.py", line 952, in do_execute
    cursor.execute(statement, parameters)
  File "/media/icarus112/SharedUbuntuWin/python/projects/VisitAI/.venv/lib/python3.12/site-packages/sqlalchemy/dialects/postgresql/asyncpg.py", line 585, in execute
    self._adapt_connection.await_(
  File "/media/icarus112/SharedUbuntuWin/python/projects/VisitAI/.venv/lib/python3.12/site-packages/sqlalchemy/util/_concurrency_py3k.py", line 132, in await_only
    return current.parent.switch(awaitable)  # type: ignore[no-any-return,attr-defined] # noqa: E501
           ^^^^^^^^^^^^^^^^^^^^^^^^^^^^^^^^
  File "/media/icarus112/SharedUbuntuWin/python/projects/VisitAI/.venv/lib/python3.12/site-packages/sqlalchemy/util/_concurrency_py3k.py", line 196, in greenlet_spawn
    value = await result
            ^^^^^^^^^^^^
  File "/media/icarus112/SharedUbuntuWin/python/projects/VisitAI/.venv/lib/python3.12/site-packages/sqlalchemy/dialects/postgresql/asyncpg.py", line 563, in _prepare_and_execute
    self._handle_exception(error)
  File "/media/icarus112/SharedUbuntuWin/python/projects/VisitAI/.venv/lib/python3.12/site-packages/sqlalchemy/dialects/postgresql/asyncpg.py", line 513, in _handle_exception
    self._adapt_connection._handle_exception(error)
  File "/media/icarus112/SharedUbuntuWin/python/projects/VisitAI/.venv/lib/python3.12/site-packages/sqlalchemy/dialects/postgresql/asyncpg.py", line 797, in _handle_exception
    raise translated_error from error
sqlalchemy.exc.ProgrammingError: (sqlalchemy.dialects.postgresql.asyncpg.ProgrammingError) <class 'asyncpg.exceptions.UndefinedFunctionError'>: operator does not exist: time without time zone > timestamp without time zone
HINT:  No operator matches the given name and argument types. You might need to add explicit type casts.
[SQL: UPDATE bookings SET status=$1::bookstatus WHERE bookings.user_id = $2::BIGINT AND bookings.status IN ($4::bookstatus, $5::bookstatus, $6::bookstatus) AND bookings.time > $3::TIMESTAMP WITHOUT TIME ZONE]
[parameters: ('COMPLETED', 7, datetime.datetime(2026, 6, 4, 13, 24, 6, 145576), 'UNPAID', 'PAID', 'FAILED_PAY')]
(Background on this error at: https://sqlalche.me/e/20/f405)
2026-06-04 16:48:31,159 | ERROR | app.handlers.record | can't create booking tg_id=6480514308, ct_id=7, date_str: date_str=2026-06-03,time_str=12 00, e: Дата и время не должно быть в прошлом времени
Traceback (most recent call last):
  File "/media/icarus112/SharedUbuntuWin/python/projects/VisitAI/app/handlers/record.py", line 201, in send_booking_request
    result = await bk_sv.create_booking(
             ^^^^^^^^^^^^^^^^^^^^^^^^^^^
  File "/media/icarus112/SharedUbuntuWin/python/projects/VisitAI/app/service/booking.py", line 49, in create_booking
    raise ValueError("Дата и время не должно быть в прошлом времени")
ValueError: Дата и время не должно быть в прошлом времени
2026-06-09 12:30:30,684 | ERROR | aiogram.event | Cause exception while process update id=78298839 by bot id=8635000285
IndexError: list index out of range
Traceback (most recent call last):
  File "/media/icarus112/SharedUbuntuWin/python/projects/VisitAI/.venv/lib/python3.12/site-packages/aiogram/dispatcher/dispatcher.py", line 320, in _process_update
    response = await self.feed_update(bot, update, **kwargs)
               ^^^^^^^^^^^^^^^^^^^^^^^^^^^^^^^^^^^^^^^^^^^^^
  File "/media/icarus112/SharedUbuntuWin/python/projects/VisitAI/.venv/lib/python3.12/site-packages/aiogram/dispatcher/dispatcher.py", line 164, in feed_update
    response = await self.update.wrap_outer_middleware(
               ^^^^^^^^^^^^^^^^^^^^^^^^^^^^^^^^^^^^^^^^
  File "/media/icarus112/SharedUbuntuWin/python/projects/VisitAI/.venv/lib/python3.12/site-packages/aiogram/dispatcher/middlewares/error.py", line 27, in __call__
    return await handler(event, data)
           ^^^^^^^^^^^^^^^^^^^^^^^^^^
  File "/media/icarus112/SharedUbuntuWin/python/projects/VisitAI/.venv/lib/python3.12/site-packages/aiogram/dispatcher/middlewares/user_context.py", line 58, in __call__
    return await handler(event, data)
           ^^^^^^^^^^^^^^^^^^^^^^^^^^
  File "/media/icarus112/SharedUbuntuWin/python/projects/VisitAI/.venv/lib/python3.12/site-packages/aiogram/fsm/middleware.py", line 43, in __call__
    return await handler(event, data)
           ^^^^^^^^^^^^^^^^^^^^^^^^^^
  File "/media/icarus112/SharedUbuntuWin/python/projects/VisitAI/.venv/lib/python3.12/site-packages/aiogram/dispatcher/event/telegram.py", line 126, in trigger
    return await wrapped_inner(event, kwargs)
           ^^^^^^^^^^^^^^^^^^^^^^^^^^^^^^^^^^
  File "/media/icarus112/SharedUbuntuWin/python/projects/VisitAI/.venv/lib/python3.12/site-packages/aiogram/dispatcher/event/handler.py", line 71, in call
    return await wrapped()
           ^^^^^^^^^^^^^^^
  File "/media/icarus112/SharedUbuntuWin/python/projects/VisitAI/.venv/lib/python3.12/site-packages/aiogram/dispatcher/dispatcher.py", line 283, in _listen_update
    return await self.propagate_event(update_type=update_type, event=event, **kwargs)
           ^^^^^^^^^^^^^^^^^^^^^^^^^^^^^^^^^^^^^^^^^^^^^^^^^^^^^^^^^^^^^^^^^^^^^^^^^^
  File "/media/icarus112/SharedUbuntuWin/python/projects/VisitAI/.venv/lib/python3.12/site-packages/aiogram/dispatcher/router.py", line 163, in propagate_event
    return await observer.wrap_outer_middleware(_wrapped, event=event, data=kwargs)
           ^^^^^^^^^^^^^^^^^^^^^^^^^^^^^^^^^^^^^^^^^^^^^^^^^^^^^^^^^^^^^^^^^^^^^^^^
  File "/media/icarus112/SharedUbuntuWin/python/projects/VisitAI/app/core/middlewares.py", line 44, in __call__
    result = await handler(event, data)
             ^^^^^^^^^^^^^^^^^^^^^^^^^^
  File "/media/icarus112/SharedUbuntuWin/python/projects/VisitAI/.venv/lib/python3.12/site-packages/aiogram/dispatcher/router.py", line 155, in _wrapped
    return await self._propagate_event(
           ^^^^^^^^^^^^^^^^^^^^^^^^^^^^
  File "/media/icarus112/SharedUbuntuWin/python/projects/VisitAI/.venv/lib/python3.12/site-packages/aiogram/dispatcher/router.py", line 191, in _propagate_event
    response = await router.propagate_event(update_type=update_type, event=event, **kwargs)
               ^^^^^^^^^^^^^^^^^^^^^^^^^^^^^^^^^^^^^^^^^^^^^^^^^^^^^^^^^^^^^^^^^^^^^^^^^^^^
  File "/media/icarus112/SharedUbuntuWin/python/projects/VisitAI/.venv/lib/python3.12/site-packages/aiogram/dispatcher/router.py", line 163, in propagate_event
    return await observer.wrap_outer_middleware(_wrapped, event=event, data=kwargs)
           ^^^^^^^^^^^^^^^^^^^^^^^^^^^^^^^^^^^^^^^^^^^^^^^^^^^^^^^^^^^^^^^^^^^^^^^^
  File "/media/icarus112/SharedUbuntuWin/python/projects/VisitAI/.venv/lib/python3.12/site-packages/aiogram/dispatcher/router.py", line 155, in _wrapped
    return await self._propagate_event(
           ^^^^^^^^^^^^^^^^^^^^^^^^^^^^
  File "/media/icarus112/SharedUbuntuWin/python/projects/VisitAI/.venv/lib/python3.12/site-packages/aiogram/dispatcher/router.py", line 191, in _propagate_event
    response = await router.propagate_event(update_type=update_type, event=event, **kwargs)
               ^^^^^^^^^^^^^^^^^^^^^^^^^^^^^^^^^^^^^^^^^^^^^^^^^^^^^^^^^^^^^^^^^^^^^^^^^^^^
  File "/media/icarus112/SharedUbuntuWin/python/projects/VisitAI/.venv/lib/python3.12/site-packages/aiogram/dispatcher/router.py", line 163, in propagate_event
    return await observer.wrap_outer_middleware(_wrapped, event=event, data=kwargs)
           ^^^^^^^^^^^^^^^^^^^^^^^^^^^^^^^^^^^^^^^^^^^^^^^^^^^^^^^^^^^^^^^^^^^^^^^^
  File "/media/icarus112/SharedUbuntuWin/python/projects/VisitAI/.venv/lib/python3.12/site-packages/aiogram/dispatcher/router.py", line 155, in _wrapped
    return await self._propagate_event(
           ^^^^^^^^^^^^^^^^^^^^^^^^^^^^
  File "/media/icarus112/SharedUbuntuWin/python/projects/VisitAI/.venv/lib/python3.12/site-packages/aiogram/dispatcher/router.py", line 183, in _propagate_event
    response = await observer.trigger(event, **kwargs)
               ^^^^^^^^^^^^^^^^^^^^^^^^^^^^^^^^^^^^^^^
  File "/media/icarus112/SharedUbuntuWin/python/projects/VisitAI/.venv/lib/python3.12/site-packages/aiogram/dispatcher/event/telegram.py", line 126, in trigger
    return await wrapped_inner(event, kwargs)
           ^^^^^^^^^^^^^^^^^^^^^^^^^^^^^^^^^^
  File "/media/icarus112/SharedUbuntuWin/python/projects/VisitAI/.venv/lib/python3.12/site-packages/aiogram/dispatcher/event/handler.py", line 71, in call
    return await wrapped()
           ^^^^^^^^^^^^^^^
  File "/media/icarus112/SharedUbuntuWin/python/projects/VisitAI/app/handlers/ai_user.py", line 173, in ai_record_handler
    selected = bookings[0]
               ~~~~~~~~^^^
IndexError: list index out of range
2026-06-10 15:34:19,652 | ERROR | app.handlers.admin | admin tg id=6480514308 can't create catalog Маникюр
Traceback (most recent call last):
  File "/media/icarus112/SharedUbuntuWin/python/projects/VisitAI/app/handlers/admin.py", line 146, in create_catalog
    catalog = await ct_sv.create_ct(name, price, duration, ad_tg_id, ai_res)
              ^^^^^^^^^^^^^^^^^^^^^^^^^^^^^^^^^^^^^^^^^^^^^^^^^^^^^^^^^^^^^^
  File "/media/icarus112/SharedUbuntuWin/python/projects/VisitAI/app/service/catalog.py", line 71, in create_ct
    new_ct = await self.ct_rp.create_ct(ct)
             ^^^^^^^^^^^^^^^^^^^^^^^^^^^^^^
  File "/media/icarus112/SharedUbuntuWin/python/projects/VisitAI/app/repository/catalog.py", line 23, in create_ct
    result = CatalogResponse(
             ^^^^^^^^^^^^^^^^
  File "/media/icarus112/SharedUbuntuWin/python/projects/VisitAI/.venv/lib/python3.12/site-packages/pydantic/main.py", line 250, in __init__
    validated_self = self.__pydantic_validator__.validate_python(data, self_instance=self)
                     ^^^^^^^^^^^^^^^^^^^^^^^^^^^^^^^^^^^^^^^^^^^^^^^^^^^^^^^^^^^^^^^^^^^^^
pydantic_core._pydantic_core.ValidationError: 1 validation error for CatalogResponse
description
  Field required [type=missing, input_value={'id': 1, 'name': 'Ман...00.00'), 'duration': 60}, input_type=dict]
    For further information visit https://errors.pydantic.dev/2.12/v/missing
2026-06-11 03:06:55,806 | ERROR | aiogram.event | Cause exception while process update id=78298880 by bot id=8635000285
AttributeError: name
Traceback (most recent call last):
  File "/media/icarus112/SharedUbuntuWin/python/projects/VisitAI/.venv/lib/python3.12/site-packages/sqlalchemy/engine/result.py", line 211, in _key_not_found
    self._key_fallback(key, None)
  File "/media/icarus112/SharedUbuntuWin/python/projects/VisitAI/.venv/lib/python3.12/site-packages/sqlalchemy/engine/result.py", line 150, in _key_fallback
    raise KeyError(key) from err
KeyError: 'name'

The above exception was the direct cause of the following exception:

Traceback (most recent call last):
  File "/media/icarus112/SharedUbuntuWin/python/projects/VisitAI/.venv/lib/python3.12/site-packages/aiogram/dispatcher/dispatcher.py", line 320, in _process_update
    response = await self.feed_update(bot, update, **kwargs)
               ^^^^^^^^^^^^^^^^^^^^^^^^^^^^^^^^^^^^^^^^^^^^^
  File "/media/icarus112/SharedUbuntuWin/python/projects/VisitAI/.venv/lib/python3.12/site-packages/aiogram/dispatcher/dispatcher.py", line 164, in feed_update
    response = await self.update.wrap_outer_middleware(
               ^^^^^^^^^^^^^^^^^^^^^^^^^^^^^^^^^^^^^^^^
  File "/media/icarus112/SharedUbuntuWin/python/projects/VisitAI/.venv/lib/python3.12/site-packages/aiogram/dispatcher/middlewares/error.py", line 27, in __call__
    return await handler(event, data)
           ^^^^^^^^^^^^^^^^^^^^^^^^^^
  File "/media/icarus112/SharedUbuntuWin/python/projects/VisitAI/.venv/lib/python3.12/site-packages/aiogram/dispatcher/middlewares/user_context.py", line 58, in __call__
    return await handler(event, data)
           ^^^^^^^^^^^^^^^^^^^^^^^^^^
  File "/media/icarus112/SharedUbuntuWin/python/projects/VisitAI/.venv/lib/python3.12/site-packages/aiogram/fsm/middleware.py", line 43, in __call__
    return await handler(event, data)
           ^^^^^^^^^^^^^^^^^^^^^^^^^^
  File "/media/icarus112/SharedUbuntuWin/python/projects/VisitAI/.venv/lib/python3.12/site-packages/aiogram/dispatcher/event/telegram.py", line 126, in trigger
    return await wrapped_inner(event, kwargs)
           ^^^^^^^^^^^^^^^^^^^^^^^^^^^^^^^^^^
  File "/media/icarus112/SharedUbuntuWin/python/projects/VisitAI/.venv/lib/python3.12/site-packages/aiogram/dispatcher/event/handler.py", line 71, in call
    return await wrapped()
           ^^^^^^^^^^^^^^^
  File "/media/icarus112/SharedUbuntuWin/python/projects/VisitAI/.venv/lib/python3.12/site-packages/aiogram/dispatcher/dispatcher.py", line 283, in _listen_update
    return await self.propagate_event(update_type=update_type, event=event, **kwargs)
           ^^^^^^^^^^^^^^^^^^^^^^^^^^^^^^^^^^^^^^^^^^^^^^^^^^^^^^^^^^^^^^^^^^^^^^^^^^
  File "/media/icarus112/SharedUbuntuWin/python/projects/VisitAI/.venv/lib/python3.12/site-packages/aiogram/dispatcher/router.py", line 163, in propagate_event
    return await observer.wrap_outer_middleware(_wrapped, event=event, data=kwargs)
           ^^^^^^^^^^^^^^^^^^^^^^^^^^^^^^^^^^^^^^^^^^^^^^^^^^^^^^^^^^^^^^^^^^^^^^^^
  File "/media/icarus112/SharedUbuntuWin/python/projects/VisitAI/app/core/middlewares.py", line 50, in __call__
    result = await handler(event, data)
             ^^^^^^^^^^^^^^^^^^^^^^^^^^
  File "/media/icarus112/SharedUbuntuWin/python/projects/VisitAI/.venv/lib/python3.12/site-packages/aiogram/dispatcher/router.py", line 155, in _wrapped
    return await self._propagate_event(
           ^^^^^^^^^^^^^^^^^^^^^^^^^^^^
  File "/media/icarus112/SharedUbuntuWin/python/projects/VisitAI/.venv/lib/python3.12/site-packages/aiogram/dispatcher/router.py", line 191, in _propagate_event
    response = await router.propagate_event(update_type=update_type, event=event, **kwargs)
               ^^^^^^^^^^^^^^^^^^^^^^^^^^^^^^^^^^^^^^^^^^^^^^^^^^^^^^^^^^^^^^^^^^^^^^^^^^^^
  File "/media/icarus112/SharedUbuntuWin/python/projects/VisitAI/.venv/lib/python3.12/site-packages/aiogram/dispatcher/router.py", line 163, in propagate_event
    return await observer.wrap_outer_middleware(_wrapped, event=event, data=kwargs)
           ^^^^^^^^^^^^^^^^^^^^^^^^^^^^^^^^^^^^^^^^^^^^^^^^^^^^^^^^^^^^^^^^^^^^^^^^
  File "/media/icarus112/SharedUbuntuWin/python/projects/VisitAI/.venv/lib/python3.12/site-packages/aiogram/dispatcher/router.py", line 155, in _wrapped
    return await self._propagate_event(
           ^^^^^^^^^^^^^^^^^^^^^^^^^^^^
  File "/media/icarus112/SharedUbuntuWin/python/projects/VisitAI/.venv/lib/python3.12/site-packages/aiogram/dispatcher/router.py", line 191, in _propagate_event
    response = await router.propagate_event(update_type=update_type, event=event, **kwargs)
               ^^^^^^^^^^^^^^^^^^^^^^^^^^^^^^^^^^^^^^^^^^^^^^^^^^^^^^^^^^^^^^^^^^^^^^^^^^^^
  File "/media/icarus112/SharedUbuntuWin/python/projects/VisitAI/.venv/lib/python3.12/site-packages/aiogram/dispatcher/router.py", line 163, in propagate_event
    return await observer.wrap_outer_middleware(_wrapped, event=event, data=kwargs)
           ^^^^^^^^^^^^^^^^^^^^^^^^^^^^^^^^^^^^^^^^^^^^^^^^^^^^^^^^^^^^^^^^^^^^^^^^
  File "/media/icarus112/SharedUbuntuWin/python/projects/VisitAI/.venv/lib/python3.12/site-packages/aiogram/dispatcher/router.py", line 155, in _wrapped
    return await self._propagate_event(
           ^^^^^^^^^^^^^^^^^^^^^^^^^^^^
  File "/media/icarus112/SharedUbuntuWin/python/projects/VisitAI/.venv/lib/python3.12/site-packages/aiogram/dispatcher/router.py", line 183, in _propagate_event
    response = await observer.trigger(event, **kwargs)
               ^^^^^^^^^^^^^^^^^^^^^^^^^^^^^^^^^^^^^^^
  File "/media/icarus112/SharedUbuntuWin/python/projects/VisitAI/.venv/lib/python3.12/site-packages/aiogram/dispatcher/event/telegram.py", line 126, in trigger
    return await wrapped_inner(event, kwargs)
           ^^^^^^^^^^^^^^^^^^^^^^^^^^^^^^^^^^
  File "/media/icarus112/SharedUbuntuWin/python/projects/VisitAI/.venv/lib/python3.12/site-packages/aiogram/dispatcher/event/handler.py", line 71, in call
    return await wrapped()
           ^^^^^^^^^^^^^^^
  File "/media/icarus112/SharedUbuntuWin/python/projects/VisitAI/app/handlers/ai_user.py", line 174, in ai_record_handler
    reply_markup=kb.catalog_keyboard(bookings)
                 ^^^^^^^^^^^^^^^^^^^^^^^^^^^^^
  File "/media/icarus112/SharedUbuntuWin/python/projects/VisitAI/app/core/keyboards.py", line 58, in catalog_keyboard
    text = f"{catalog.name} - {catalog.price} руб / {catalog.duration} мин"
              ^^^^^^^^^^^^
  File "lib/sqlalchemy/cyextension/resultproxy.pyx", line 66, in sqlalchemy.cyextension.resultproxy.BaseRow.__getattr__
  File "lib/sqlalchemy/cyextension/resultproxy.pyx", line 63, in sqlalchemy.cyextension.resultproxy.BaseRow._get_by_key_impl
  File "/media/icarus112/SharedUbuntuWin/python/projects/VisitAI/.venv/lib/python3.12/site-packages/sqlalchemy/engine/result.py", line 213, in _key_not_found
    raise AttributeError(ke.args[0]) from ke
AttributeError: name
2026-06-11 03:09:59,245 | ERROR | aiogram.event | Cause exception while process update id=78298882 by bot id=8635000285
RuntimeError: Cannot send a request, as the client has been closed.
Traceback (most recent call last):
  File "/media/icarus112/SharedUbuntuWin/python/projects/VisitAI/.venv/lib/python3.12/site-packages/aiogram/dispatcher/dispatcher.py", line 320, in _process_update
    response = await self.feed_update(bot, update, **kwargs)
               ^^^^^^^^^^^^^^^^^^^^^^^^^^^^^^^^^^^^^^^^^^^^^
  File "/media/icarus112/SharedUbuntuWin/python/projects/VisitAI/.venv/lib/python3.12/site-packages/aiogram/dispatcher/dispatcher.py", line 164, in feed_update
    response = await self.update.wrap_outer_middleware(
               ^^^^^^^^^^^^^^^^^^^^^^^^^^^^^^^^^^^^^^^^
  File "/media/icarus112/SharedUbuntuWin/python/projects/VisitAI/.venv/lib/python3.12/site-packages/aiogram/dispatcher/middlewares/error.py", line 27, in __call__
    return await handler(event, data)
           ^^^^^^^^^^^^^^^^^^^^^^^^^^
  File "/media/icarus112/SharedUbuntuWin/python/projects/VisitAI/.venv/lib/python3.12/site-packages/aiogram/dispatcher/middlewares/user_context.py", line 58, in __call__
    return await handler(event, data)
           ^^^^^^^^^^^^^^^^^^^^^^^^^^
  File "/media/icarus112/SharedUbuntuWin/python/projects/VisitAI/.venv/lib/python3.12/site-packages/aiogram/fsm/middleware.py", line 43, in __call__
    return await handler(event, data)
           ^^^^^^^^^^^^^^^^^^^^^^^^^^
  File "/media/icarus112/SharedUbuntuWin/python/projects/VisitAI/.venv/lib/python3.12/site-packages/aiogram/dispatcher/event/telegram.py", line 126, in trigger
    return await wrapped_inner(event, kwargs)
           ^^^^^^^^^^^^^^^^^^^^^^^^^^^^^^^^^^
  File "/media/icarus112/SharedUbuntuWin/python/projects/VisitAI/.venv/lib/python3.12/site-packages/aiogram/dispatcher/event/handler.py", line 71, in call
    return await wrapped()
           ^^^^^^^^^^^^^^^
  File "/media/icarus112/SharedUbuntuWin/python/projects/VisitAI/.venv/lib/python3.12/site-packages/aiogram/dispatcher/dispatcher.py", line 283, in _listen_update
    return await self.propagate_event(update_type=update_type, event=event, **kwargs)
           ^^^^^^^^^^^^^^^^^^^^^^^^^^^^^^^^^^^^^^^^^^^^^^^^^^^^^^^^^^^^^^^^^^^^^^^^^^
  File "/media/icarus112/SharedUbuntuWin/python/projects/VisitAI/.venv/lib/python3.12/site-packages/aiogram/dispatcher/router.py", line 163, in propagate_event
    return await observer.wrap_outer_middleware(_wrapped, event=event, data=kwargs)
           ^^^^^^^^^^^^^^^^^^^^^^^^^^^^^^^^^^^^^^^^^^^^^^^^^^^^^^^^^^^^^^^^^^^^^^^^
  File "/media/icarus112/SharedUbuntuWin/python/projects/VisitAI/app/core/middlewares.py", line 50, in __call__
    result = await handler(event, data)
             ^^^^^^^^^^^^^^^^^^^^^^^^^^
  File "/media/icarus112/SharedUbuntuWin/python/projects/VisitAI/.venv/lib/python3.12/site-packages/aiogram/dispatcher/router.py", line 155, in _wrapped
    return await self._propagate_event(
           ^^^^^^^^^^^^^^^^^^^^^^^^^^^^
  File "/media/icarus112/SharedUbuntuWin/python/projects/VisitAI/.venv/lib/python3.12/site-packages/aiogram/dispatcher/router.py", line 191, in _propagate_event
    response = await router.propagate_event(update_type=update_type, event=event, **kwargs)
               ^^^^^^^^^^^^^^^^^^^^^^^^^^^^^^^^^^^^^^^^^^^^^^^^^^^^^^^^^^^^^^^^^^^^^^^^^^^^
  File "/media/icarus112/SharedUbuntuWin/python/projects/VisitAI/.venv/lib/python3.12/site-packages/aiogram/dispatcher/router.py", line 163, in propagate_event
    return await observer.wrap_outer_middleware(_wrapped, event=event, data=kwargs)
           ^^^^^^^^^^^^^^^^^^^^^^^^^^^^^^^^^^^^^^^^^^^^^^^^^^^^^^^^^^^^^^^^^^^^^^^^
  File "/media/icarus112/SharedUbuntuWin/python/projects/VisitAI/.venv/lib/python3.12/site-packages/aiogram/dispatcher/router.py", line 155, in _wrapped
    return await self._propagate_event(
           ^^^^^^^^^^^^^^^^^^^^^^^^^^^^
  File "/media/icarus112/SharedUbuntuWin/python/projects/VisitAI/.venv/lib/python3.12/site-packages/aiogram/dispatcher/router.py", line 191, in _propagate_event
    response = await router.propagate_event(update_type=update_type, event=event, **kwargs)
               ^^^^^^^^^^^^^^^^^^^^^^^^^^^^^^^^^^^^^^^^^^^^^^^^^^^^^^^^^^^^^^^^^^^^^^^^^^^^
  File "/media/icarus112/SharedUbuntuWin/python/projects/VisitAI/.venv/lib/python3.12/site-packages/aiogram/dispatcher/router.py", line 163, in propagate_event
    return await observer.wrap_outer_middleware(_wrapped, event=event, data=kwargs)
           ^^^^^^^^^^^^^^^^^^^^^^^^^^^^^^^^^^^^^^^^^^^^^^^^^^^^^^^^^^^^^^^^^^^^^^^^
  File "/media/icarus112/SharedUbuntuWin/python/projects/VisitAI/.venv/lib/python3.12/site-packages/aiogram/dispatcher/router.py", line 155, in _wrapped
    return await self._propagate_event(
           ^^^^^^^^^^^^^^^^^^^^^^^^^^^^
  File "/media/icarus112/SharedUbuntuWin/python/projects/VisitAI/.venv/lib/python3.12/site-packages/aiogram/dispatcher/router.py", line 183, in _propagate_event
    response = await observer.trigger(event, **kwargs)
               ^^^^^^^^^^^^^^^^^^^^^^^^^^^^^^^^^^^^^^^
  File "/media/icarus112/SharedUbuntuWin/python/projects/VisitAI/.venv/lib/python3.12/site-packages/aiogram/dispatcher/event/telegram.py", line 126, in trigger
    return await wrapped_inner(event, kwargs)
           ^^^^^^^^^^^^^^^^^^^^^^^^^^^^^^^^^^
  File "/media/icarus112/SharedUbuntuWin/python/projects/VisitAI/.venv/lib/python3.12/site-packages/aiogram/dispatcher/event/handler.py", line 71, in call
    return await wrapped()
           ^^^^^^^^^^^^^^^
  File "/media/icarus112/SharedUbuntuWin/python/projects/VisitAI/app/handlers/ai_user.py", line 154, in ai_record_handler
    bookings = await ct_sv.embedding_search(result)
               ^^^^^^^^^^^^^^^^^^^^^^^^^^^^^^^^^^^^
  File "/media/icarus112/SharedUbuntuWin/python/projects/VisitAI/app/service/catalog.py", line 113, in embedding_search
    query_vector = await self.em_sv.embed_by_intent(name, keywords)
                   ^^^^^^^^^^^^^^^^^^^^^^^^^^^^^^^^^^^^^^^^^^^^^^^^
  File "/media/icarus112/SharedUbuntuWin/python/projects/VisitAI/app/service/embedding.py", line 76, in embed_by_intent
    return await self.ml_query_async(text)
           ^^^^^^^^^^^^^^^^^^^^^^^^^^^^^^^
  File "/media/icarus112/SharedUbuntuWin/python/projects/VisitAI/app/service/embedding.py", line 52, in ml_query_async
    return await asyncio.to_thread(self.ml_query, text)
           ^^^^^^^^^^^^^^^^^^^^^^^^^^^^^^^^^^^^^^^^^^^^
  File "/usr/lib/python3.12/asyncio/threads.py", line 25, in to_thread
    return await loop.run_in_executor(None, func_call)
           ^^^^^^^^^^^^^^^^^^^^^^^^^^^^^^^^^^^^^^^^^^^
  File "/usr/lib/python3.12/concurrent/futures/thread.py", line 58, in run
    result = self.fn(*self.args, **self.kwargs)
             ^^^^^^^^^^^^^^^^^^^^^^^^^^^^^^^^^^
  File "/media/icarus112/SharedUbuntuWin/python/projects/VisitAI/app/service/embedding.py", line 39, in ml_query
    model = self.get_ml_model()
            ^^^^^^^^^^^^^^^^^^^
  File "/media/icarus112/SharedUbuntuWin/python/projects/VisitAI/app/service/embedding.py", line 17, in get_ml_model
    self.model = SentenceTransformer(self.model_name)
                 ^^^^^^^^^^^^^^^^^^^^^^^^^^^^^^^^^^^^
  File "/media/icarus112/SharedUbuntuWin/python/projects/VisitAI/.venv/lib/python3.12/site-packages/sentence_transformers/util/decorators.py", line 41, in wrapper
    return func(*args, **kwargs)
           ^^^^^^^^^^^^^^^^^^^^^
  File "/media/icarus112/SharedUbuntuWin/python/projects/VisitAI/.venv/lib/python3.12/site-packages/sentence_transformers/sentence_transformer/model.py", line 184, in __init__
    super().__init__(
  File "/media/icarus112/SharedUbuntuWin/python/projects/VisitAI/.venv/lib/python3.12/site-packages/sentence_transformers/base/model.py", line 204, in __init__
    modules, self.module_kwargs = self._load_modules(
                                  ^^^^^^^^^^^^^^^^^^^
  File "/media/icarus112/SharedUbuntuWin/python/projects/VisitAI/.venv/lib/python3.12/site-packages/sentence_transformers/base/model.py", line 984, in _load_modules
    model_type_being_loaded = self._get_model_type(
                              ^^^^^^^^^^^^^^^^^^^^^
  File "/media/icarus112/SharedUbuntuWin/python/projects/VisitAI/.venv/lib/python3.12/site-packages/sentence_transformers/base/model.py", line 1297, in _get_model_type
    config_sentence_transformers_json_path = load_file_path(
                                             ^^^^^^^^^^^^^^^
  File "/media/icarus112/SharedUbuntuWin/python/projects/VisitAI/.venv/lib/python3.12/site-packages/sentence_transformers/util/file_io.py", line 116, in load_file_path
    return hf_hub_download(
           ^^^^^^^^^^^^^^^^
  File "/media/icarus112/SharedUbuntuWin/python/projects/VisitAI/.venv/lib/python3.12/site-packages/huggingface_hub/utils/_validators.py", line 88, in _inner_fn
    return fn(*args, **kwargs)
           ^^^^^^^^^^^^^^^^^^^
  File "/media/icarus112/SharedUbuntuWin/python/projects/VisitAI/.venv/lib/python3.12/site-packages/huggingface_hub/file_download.py", line 1019, in hf_hub_download
    return _hf_hub_download_to_cache_dir(
           ^^^^^^^^^^^^^^^^^^^^^^^^^^^^^^
  File "/media/icarus112/SharedUbuntuWin/python/projects/VisitAI/.venv/lib/python3.12/site-packages/huggingface_hub/file_download.py", line 1152, in _hf_hub_download_to_cache_dir
    _get_metadata_or_catch_error(
  File "/media/icarus112/SharedUbuntuWin/python/projects/VisitAI/.venv/lib/python3.12/site-packages/huggingface_hub/file_download.py", line 1694, in _get_metadata_or_catch_error
    metadata = get_hf_file_metadata(
               ^^^^^^^^^^^^^^^^^^^^^
  File "/media/icarus112/SharedUbuntuWin/python/projects/VisitAI/.venv/lib/python3.12/site-packages/huggingface_hub/utils/_validators.py", line 88, in _inner_fn
    return fn(*args, **kwargs)
           ^^^^^^^^^^^^^^^^^^^
  File "/media/icarus112/SharedUbuntuWin/python/projects/VisitAI/.venv/lib/python3.12/site-packages/huggingface_hub/file_download.py", line 1616, in get_hf_file_metadata
    response = _httpx_follow_relative_redirects_with_backoff(
               ^^^^^^^^^^^^^^^^^^^^^^^^^^^^^^^^^^^^^^^^^^^^^^
  File "/media/icarus112/SharedUbuntuWin/python/projects/VisitAI/.venv/lib/python3.12/site-packages/huggingface_hub/utils/_http.py", line 685, in _httpx_follow_relative_redirects_with_backoff
    response = http_backoff(
               ^^^^^^^^^^^^^
  File "/media/icarus112/SharedUbuntuWin/python/projects/VisitAI/.venv/lib/python3.12/site-packages/huggingface_hub/utils/_http.py", line 559, in http_backoff
    return next(
           ^^^^^
  File "/media/icarus112/SharedUbuntuWin/python/projects/VisitAI/.venv/lib/python3.12/site-packages/huggingface_hub/utils/_http.py", line 467, in _http_backoff_base
    response = client.request(method=method, url=url, **kwargs)
               ^^^^^^^^^^^^^^^^^^^^^^^^^^^^^^^^^^^^^^^^^^^^^^^^
  File "/media/icarus112/SharedUbuntuWin/python/projects/VisitAI/.venv/lib/python3.12/site-packages/httpx/_client.py", line 825, in request
    return self.send(request, auth=auth, follow_redirects=follow_redirects)
           ^^^^^^^^^^^^^^^^^^^^^^^^^^^^^^^^^^^^^^^^^^^^^^^^^^^^^^^^^^^^^^^^
  File "/media/icarus112/SharedUbuntuWin/python/projects/VisitAI/.venv/lib/python3.12/site-packages/httpx/_client.py", line 901, in send
    raise RuntimeError("Cannot send a request, as the client has been closed.")
RuntimeError: Cannot send a request, as the client has been closed.
2026-06-11 03:13:06,968 | ERROR | aiogram.event | Cause exception while process update id=78298884 by bot id=8635000285
RuntimeError: Cannot send a request, as the client has been closed.
Traceback (most recent call last):
  File "/media/icarus112/SharedUbuntuWin/python/projects/VisitAI/.venv/lib/python3.12/site-packages/aiogram/dispatcher/dispatcher.py", line 320, in _process_update
    response = await self.feed_update(bot, update, **kwargs)
               ^^^^^^^^^^^^^^^^^^^^^^^^^^^^^^^^^^^^^^^^^^^^^
  File "/media/icarus112/SharedUbuntuWin/python/projects/VisitAI/.venv/lib/python3.12/site-packages/aiogram/dispatcher/dispatcher.py", line 164, in feed_update
    response = await self.update.wrap_outer_middleware(
               ^^^^^^^^^^^^^^^^^^^^^^^^^^^^^^^^^^^^^^^^
  File "/media/icarus112/SharedUbuntuWin/python/projects/VisitAI/.venv/lib/python3.12/site-packages/aiogram/dispatcher/middlewares/error.py", line 27, in __call__
    return await handler(event, data)
           ^^^^^^^^^^^^^^^^^^^^^^^^^^
  File "/media/icarus112/SharedUbuntuWin/python/projects/VisitAI/.venv/lib/python3.12/site-packages/aiogram/dispatcher/middlewares/user_context.py", line 58, in __call__
    return await handler(event, data)
           ^^^^^^^^^^^^^^^^^^^^^^^^^^
  File "/media/icarus112/SharedUbuntuWin/python/projects/VisitAI/.venv/lib/python3.12/site-packages/aiogram/fsm/middleware.py", line 43, in __call__
    return await handler(event, data)
           ^^^^^^^^^^^^^^^^^^^^^^^^^^
  File "/media/icarus112/SharedUbuntuWin/python/projects/VisitAI/.venv/lib/python3.12/site-packages/aiogram/dispatcher/event/telegram.py", line 126, in trigger
    return await wrapped_inner(event, kwargs)
           ^^^^^^^^^^^^^^^^^^^^^^^^^^^^^^^^^^
  File "/media/icarus112/SharedUbuntuWin/python/projects/VisitAI/.venv/lib/python3.12/site-packages/aiogram/dispatcher/event/handler.py", line 71, in call
    return await wrapped()
           ^^^^^^^^^^^^^^^
  File "/media/icarus112/SharedUbuntuWin/python/projects/VisitAI/.venv/lib/python3.12/site-packages/aiogram/dispatcher/dispatcher.py", line 283, in _listen_update
    return await self.propagate_event(update_type=update_type, event=event, **kwargs)
           ^^^^^^^^^^^^^^^^^^^^^^^^^^^^^^^^^^^^^^^^^^^^^^^^^^^^^^^^^^^^^^^^^^^^^^^^^^
  File "/media/icarus112/SharedUbuntuWin/python/projects/VisitAI/.venv/lib/python3.12/site-packages/aiogram/dispatcher/router.py", line 163, in propagate_event
    return await observer.wrap_outer_middleware(_wrapped, event=event, data=kwargs)
           ^^^^^^^^^^^^^^^^^^^^^^^^^^^^^^^^^^^^^^^^^^^^^^^^^^^^^^^^^^^^^^^^^^^^^^^^
  File "/media/icarus112/SharedUbuntuWin/python/projects/VisitAI/app/core/middlewares.py", line 50, in __call__
    result = await handler(event, data)
             ^^^^^^^^^^^^^^^^^^^^^^^^^^
  File "/media/icarus112/SharedUbuntuWin/python/projects/VisitAI/.venv/lib/python3.12/site-packages/aiogram/dispatcher/router.py", line 155, in _wrapped
    return await self._propagate_event(
           ^^^^^^^^^^^^^^^^^^^^^^^^^^^^
  File "/media/icarus112/SharedUbuntuWin/python/projects/VisitAI/.venv/lib/python3.12/site-packages/aiogram/dispatcher/router.py", line 191, in _propagate_event
    response = await router.propagate_event(update_type=update_type, event=event, **kwargs)
               ^^^^^^^^^^^^^^^^^^^^^^^^^^^^^^^^^^^^^^^^^^^^^^^^^^^^^^^^^^^^^^^^^^^^^^^^^^^^
  File "/media/icarus112/SharedUbuntuWin/python/projects/VisitAI/.venv/lib/python3.12/site-packages/aiogram/dispatcher/router.py", line 163, in propagate_event
    return await observer.wrap_outer_middleware(_wrapped, event=event, data=kwargs)
           ^^^^^^^^^^^^^^^^^^^^^^^^^^^^^^^^^^^^^^^^^^^^^^^^^^^^^^^^^^^^^^^^^^^^^^^^
  File "/media/icarus112/SharedUbuntuWin/python/projects/VisitAI/.venv/lib/python3.12/site-packages/aiogram/dispatcher/router.py", line 155, in _wrapped
    return await self._propagate_event(
           ^^^^^^^^^^^^^^^^^^^^^^^^^^^^
  File "/media/icarus112/SharedUbuntuWin/python/projects/VisitAI/.venv/lib/python3.12/site-packages/aiogram/dispatcher/router.py", line 191, in _propagate_event
    response = await router.propagate_event(update_type=update_type, event=event, **kwargs)
               ^^^^^^^^^^^^^^^^^^^^^^^^^^^^^^^^^^^^^^^^^^^^^^^^^^^^^^^^^^^^^^^^^^^^^^^^^^^^
  File "/media/icarus112/SharedUbuntuWin/python/projects/VisitAI/.venv/lib/python3.12/site-packages/aiogram/dispatcher/router.py", line 163, in propagate_event
    return await observer.wrap_outer_middleware(_wrapped, event=event, data=kwargs)
           ^^^^^^^^^^^^^^^^^^^^^^^^^^^^^^^^^^^^^^^^^^^^^^^^^^^^^^^^^^^^^^^^^^^^^^^^
  File "/media/icarus112/SharedUbuntuWin/python/projects/VisitAI/.venv/lib/python3.12/site-packages/aiogram/dispatcher/router.py", line 155, in _wrapped
    return await self._propagate_event(
           ^^^^^^^^^^^^^^^^^^^^^^^^^^^^
  File "/media/icarus112/SharedUbuntuWin/python/projects/VisitAI/.venv/lib/python3.12/site-packages/aiogram/dispatcher/router.py", line 183, in _propagate_event
    response = await observer.trigger(event, **kwargs)
               ^^^^^^^^^^^^^^^^^^^^^^^^^^^^^^^^^^^^^^^
  File "/media/icarus112/SharedUbuntuWin/python/projects/VisitAI/.venv/lib/python3.12/site-packages/aiogram/dispatcher/event/telegram.py", line 126, in trigger
    return await wrapped_inner(event, kwargs)
           ^^^^^^^^^^^^^^^^^^^^^^^^^^^^^^^^^^
  File "/media/icarus112/SharedUbuntuWin/python/projects/VisitAI/.venv/lib/python3.12/site-packages/aiogram/dispatcher/event/handler.py", line 71, in call
    return await wrapped()
           ^^^^^^^^^^^^^^^
  File "/media/icarus112/SharedUbuntuWin/python/projects/VisitAI/app/handlers/ai_user.py", line 154, in ai_record_handler
    bookings = await ct_sv.embedding_search(result)
               ^^^^^^^^^^^^^^^^^^^^^^^^^^^^^^^^^^^^
  File "/media/icarus112/SharedUbuntuWin/python/projects/VisitAI/app/service/catalog.py", line 113, in embedding_search
    query_vector = await self.em_sv.embed_by_intent(name, keywords)
                   ^^^^^^^^^^^^^^^^^^^^^^^^^^^^^^^^^^^^^^^^^^^^^^^^
  File "/media/icarus112/SharedUbuntuWin/python/projects/VisitAI/app/service/embedding.py", line 76, in embed_by_intent
    return await self.ml_query_async(text)
           ^^^^^^^^^^^^^^^^^^^^^^^^^^^^^^^
  File "/media/icarus112/SharedUbuntuWin/python/projects/VisitAI/app/service/embedding.py", line 52, in ml_query_async
    return await asyncio.to_thread(self.ml_query, text)
           ^^^^^^^^^^^^^^^^^^^^^^^^^^^^^^^^^^^^^^^^^^^^
  File "/usr/lib/python3.12/asyncio/threads.py", line 25, in to_thread
    return await loop.run_in_executor(None, func_call)
           ^^^^^^^^^^^^^^^^^^^^^^^^^^^^^^^^^^^^^^^^^^^
  File "/usr/lib/python3.12/concurrent/futures/thread.py", line 58, in run
    result = self.fn(*self.args, **self.kwargs)
             ^^^^^^^^^^^^^^^^^^^^^^^^^^^^^^^^^^
  File "/media/icarus112/SharedUbuntuWin/python/projects/VisitAI/app/service/embedding.py", line 39, in ml_query
    model = self.get_ml_model()
            ^^^^^^^^^^^^^^^^^^^
  File "/media/icarus112/SharedUbuntuWin/python/projects/VisitAI/app/service/embedding.py", line 17, in get_ml_model
    self.model = SentenceTransformer(self.model_name)
                 ^^^^^^^^^^^^^^^^^^^^^^^^^^^^^^^^^^^^
  File "/media/icarus112/SharedUbuntuWin/python/projects/VisitAI/.venv/lib/python3.12/site-packages/sentence_transformers/util/decorators.py", line 41, in wrapper
    return func(*args, **kwargs)
           ^^^^^^^^^^^^^^^^^^^^^
  File "/media/icarus112/SharedUbuntuWin/python/projects/VisitAI/.venv/lib/python3.12/site-packages/sentence_transformers/sentence_transformer/model.py", line 184, in __init__
    super().__init__(
  File "/media/icarus112/SharedUbuntuWin/python/projects/VisitAI/.venv/lib/python3.12/site-packages/sentence_transformers/base/model.py", line 204, in __init__
    modules, self.module_kwargs = self._load_modules(
                                  ^^^^^^^^^^^^^^^^^^^
  File "/media/icarus112/SharedUbuntuWin/python/projects/VisitAI/.venv/lib/python3.12/site-packages/sentence_transformers/base/model.py", line 984, in _load_modules
    model_type_being_loaded = self._get_model_type(
                              ^^^^^^^^^^^^^^^^^^^^^
  File "/media/icarus112/SharedUbuntuWin/python/projects/VisitAI/.venv/lib/python3.12/site-packages/sentence_transformers/base/model.py", line 1297, in _get_model_type
    config_sentence_transformers_json_path = load_file_path(
                                             ^^^^^^^^^^^^^^^
  File "/media/icarus112/SharedUbuntuWin/python/projects/VisitAI/.venv/lib/python3.12/site-packages/sentence_transformers/util/file_io.py", line 116, in load_file_path
    return hf_hub_download(
           ^^^^^^^^^^^^^^^^
  File "/media/icarus112/SharedUbuntuWin/python/projects/VisitAI/.venv/lib/python3.12/site-packages/huggingface_hub/utils/_validators.py", line 88, in _inner_fn
    return fn(*args, **kwargs)
           ^^^^^^^^^^^^^^^^^^^
  File "/media/icarus112/SharedUbuntuWin/python/projects/VisitAI/.venv/lib/python3.12/site-packages/huggingface_hub/file_download.py", line 1019, in hf_hub_download
    return _hf_hub_download_to_cache_dir(
           ^^^^^^^^^^^^^^^^^^^^^^^^^^^^^^
  File "/media/icarus112/SharedUbuntuWin/python/projects/VisitAI/.venv/lib/python3.12/site-packages/huggingface_hub/file_download.py", line 1152, in _hf_hub_download_to_cache_dir
    _get_metadata_or_catch_error(
  File "/media/icarus112/SharedUbuntuWin/python/projects/VisitAI/.venv/lib/python3.12/site-packages/huggingface_hub/file_download.py", line 1694, in _get_metadata_or_catch_error
    metadata = get_hf_file_metadata(
               ^^^^^^^^^^^^^^^^^^^^^
  File "/media/icarus112/SharedUbuntuWin/python/projects/VisitAI/.venv/lib/python3.12/site-packages/huggingface_hub/utils/_validators.py", line 88, in _inner_fn
    return fn(*args, **kwargs)
           ^^^^^^^^^^^^^^^^^^^
  File "/media/icarus112/SharedUbuntuWin/python/projects/VisitAI/.venv/lib/python3.12/site-packages/huggingface_hub/file_download.py", line 1616, in get_hf_file_metadata
    response = _httpx_follow_relative_redirects_with_backoff(
               ^^^^^^^^^^^^^^^^^^^^^^^^^^^^^^^^^^^^^^^^^^^^^^
  File "/media/icarus112/SharedUbuntuWin/python/projects/VisitAI/.venv/lib/python3.12/site-packages/huggingface_hub/utils/_http.py", line 685, in _httpx_follow_relative_redirects_with_backoff
    response = http_backoff(
               ^^^^^^^^^^^^^
  File "/media/icarus112/SharedUbuntuWin/python/projects/VisitAI/.venv/lib/python3.12/site-packages/huggingface_hub/utils/_http.py", line 559, in http_backoff
    return next(
           ^^^^^
  File "/media/icarus112/SharedUbuntuWin/python/projects/VisitAI/.venv/lib/python3.12/site-packages/huggingface_hub/utils/_http.py", line 467, in _http_backoff_base
    response = client.request(method=method, url=url, **kwargs)
               ^^^^^^^^^^^^^^^^^^^^^^^^^^^^^^^^^^^^^^^^^^^^^^^^
  File "/media/icarus112/SharedUbuntuWin/python/projects/VisitAI/.venv/lib/python3.12/site-packages/httpx/_client.py", line 825, in request
    return self.send(request, auth=auth, follow_redirects=follow_redirects)
           ^^^^^^^^^^^^^^^^^^^^^^^^^^^^^^^^^^^^^^^^^^^^^^^^^^^^^^^^^^^^^^^^
  File "/media/icarus112/SharedUbuntuWin/python/projects/VisitAI/.venv/lib/python3.12/site-packages/httpx/_client.py", line 901, in send
    raise RuntimeError("Cannot send a request, as the client has been closed.")
RuntimeError: Cannot send a request, as the client has been closed.
2026-06-15 14:06:28,036 | ERROR | aiogram.event | Cause exception while process update id=78298902 by bot id=8635000285
TypeError: handle_faq() takes 3 positional arguments but 4 were given
Traceback (most recent call last):
  File "/media/icarus112/SharedUbuntuWin/python/projects/VisitAI/.venv/lib/python3.12/site-packages/aiogram/dispatcher/dispatcher.py", line 320, in _process_update
    response = await self.feed_update(bot, update, **kwargs)
               ^^^^^^^^^^^^^^^^^^^^^^^^^^^^^^^^^^^^^^^^^^^^^
  File "/media/icarus112/SharedUbuntuWin/python/projects/VisitAI/.venv/lib/python3.12/site-packages/aiogram/dispatcher/dispatcher.py", line 164, in feed_update
    response = await self.update.wrap_outer_middleware(
               ^^^^^^^^^^^^^^^^^^^^^^^^^^^^^^^^^^^^^^^^
  File "/media/icarus112/SharedUbuntuWin/python/projects/VisitAI/.venv/lib/python3.12/site-packages/aiogram/dispatcher/middlewares/error.py", line 27, in __call__
    return await handler(event, data)
           ^^^^^^^^^^^^^^^^^^^^^^^^^^
  File "/media/icarus112/SharedUbuntuWin/python/projects/VisitAI/.venv/lib/python3.12/site-packages/aiogram/dispatcher/middlewares/user_context.py", line 58, in __call__
    return await handler(event, data)
           ^^^^^^^^^^^^^^^^^^^^^^^^^^
  File "/media/icarus112/SharedUbuntuWin/python/projects/VisitAI/.venv/lib/python3.12/site-packages/aiogram/fsm/middleware.py", line 43, in __call__
    return await handler(event, data)
           ^^^^^^^^^^^^^^^^^^^^^^^^^^
  File "/media/icarus112/SharedUbuntuWin/python/projects/VisitAI/.venv/lib/python3.12/site-packages/aiogram/dispatcher/event/telegram.py", line 126, in trigger
    return await wrapped_inner(event, kwargs)
           ^^^^^^^^^^^^^^^^^^^^^^^^^^^^^^^^^^
  File "/media/icarus112/SharedUbuntuWin/python/projects/VisitAI/.venv/lib/python3.12/site-packages/aiogram/dispatcher/event/handler.py", line 71, in call
    return await wrapped()
           ^^^^^^^^^^^^^^^
  File "/media/icarus112/SharedUbuntuWin/python/projects/VisitAI/.venv/lib/python3.12/site-packages/aiogram/dispatcher/dispatcher.py", line 283, in _listen_update
    return await self.propagate_event(update_type=update_type, event=event, **kwargs)
           ^^^^^^^^^^^^^^^^^^^^^^^^^^^^^^^^^^^^^^^^^^^^^^^^^^^^^^^^^^^^^^^^^^^^^^^^^^
  File "/media/icarus112/SharedUbuntuWin/python/projects/VisitAI/.venv/lib/python3.12/site-packages/aiogram/dispatcher/router.py", line 163, in propagate_event
    return await observer.wrap_outer_middleware(_wrapped, event=event, data=kwargs)
           ^^^^^^^^^^^^^^^^^^^^^^^^^^^^^^^^^^^^^^^^^^^^^^^^^^^^^^^^^^^^^^^^^^^^^^^^
  File "/media/icarus112/SharedUbuntuWin/python/projects/VisitAI/app/core/middlewares.py", line 54, in __call__
    result = await handler(event, data)
             ^^^^^^^^^^^^^^^^^^^^^^^^^^
  File "/media/icarus112/SharedUbuntuWin/python/projects/VisitAI/.venv/lib/python3.12/site-packages/aiogram/dispatcher/router.py", line 155, in _wrapped
    return await self._propagate_event(
           ^^^^^^^^^^^^^^^^^^^^^^^^^^^^
  File "/media/icarus112/SharedUbuntuWin/python/projects/VisitAI/.venv/lib/python3.12/site-packages/aiogram/dispatcher/router.py", line 191, in _propagate_event
    response = await router.propagate_event(update_type=update_type, event=event, **kwargs)
               ^^^^^^^^^^^^^^^^^^^^^^^^^^^^^^^^^^^^^^^^^^^^^^^^^^^^^^^^^^^^^^^^^^^^^^^^^^^^
  File "/media/icarus112/SharedUbuntuWin/python/projects/VisitAI/.venv/lib/python3.12/site-packages/aiogram/dispatcher/router.py", line 163, in propagate_event
    return await observer.wrap_outer_middleware(_wrapped, event=event, data=kwargs)
           ^^^^^^^^^^^^^^^^^^^^^^^^^^^^^^^^^^^^^^^^^^^^^^^^^^^^^^^^^^^^^^^^^^^^^^^^
  File "/media/icarus112/SharedUbuntuWin/python/projects/VisitAI/.venv/lib/python3.12/site-packages/aiogram/dispatcher/router.py", line 155, in _wrapped
    return await self._propagate_event(
           ^^^^^^^^^^^^^^^^^^^^^^^^^^^^
  File "/media/icarus112/SharedUbuntuWin/python/projects/VisitAI/.venv/lib/python3.12/site-packages/aiogram/dispatcher/router.py", line 191, in _propagate_event
    response = await router.propagate_event(update_type=update_type, event=event, **kwargs)
               ^^^^^^^^^^^^^^^^^^^^^^^^^^^^^^^^^^^^^^^^^^^^^^^^^^^^^^^^^^^^^^^^^^^^^^^^^^^^
  File "/media/icarus112/SharedUbuntuWin/python/projects/VisitAI/.venv/lib/python3.12/site-packages/aiogram/dispatcher/router.py", line 163, in propagate_event
    return await observer.wrap_outer_middleware(_wrapped, event=event, data=kwargs)
           ^^^^^^^^^^^^^^^^^^^^^^^^^^^^^^^^^^^^^^^^^^^^^^^^^^^^^^^^^^^^^^^^^^^^^^^^
  File "/media/icarus112/SharedUbuntuWin/python/projects/VisitAI/.venv/lib/python3.12/site-packages/aiogram/dispatcher/router.py", line 155, in _wrapped
    return await self._propagate_event(
           ^^^^^^^^^^^^^^^^^^^^^^^^^^^^
  File "/media/icarus112/SharedUbuntuWin/python/projects/VisitAI/.venv/lib/python3.12/site-packages/aiogram/dispatcher/router.py", line 183, in _propagate_event
    response = await observer.trigger(event, **kwargs)
               ^^^^^^^^^^^^^^^^^^^^^^^^^^^^^^^^^^^^^^^
  File "/media/icarus112/SharedUbuntuWin/python/projects/VisitAI/.venv/lib/python3.12/site-packages/aiogram/dispatcher/event/telegram.py", line 126, in trigger
    return await wrapped_inner(event, kwargs)
           ^^^^^^^^^^^^^^^^^^^^^^^^^^^^^^^^^^
  File "/media/icarus112/SharedUbuntuWin/python/projects/VisitAI/.venv/lib/python3.12/site-packages/aiogram/dispatcher/event/handler.py", line 71, in call
    return await wrapped()
           ^^^^^^^^^^^^^^^
  File "/media/icarus112/SharedUbuntuWin/python/projects/VisitAI/app/handlers/ai_user.py", line 158, in ai_record_handler
    await handle_faq(message, state, result, faq_sv)
          ^^^^^^^^^^^^^^^^^^^^^^^^^^^^^^^^^^^^^^^^^^
TypeError: handle_faq() takes 3 positional arguments but 4 were given
2026-06-15 14:22:35,604 | ERROR | aiogram.event | Cause exception while process update id=78298919 by bot id=8635000285
ProgrammingError: (sqlalchemy.dialects.postgresql.asyncpg.ProgrammingError) <class 'asyncpg.exceptions.UndefinedFunctionError'>: function similarity(text, character varying) does not exist
HINT:  No function matches the given name and argument types. You might need to add explicit type casts.
[SQL: SELECT faqs.id, faqs.question, faqs.keywords, faqs.answer, faqs.search_text 
FROM faqs 
WHERE similarity(faqs.search_text, $1::VARCHAR) > $2::FLOAT ORDER BY similarity(faqs.search_text, $1::VARCHAR) DESC]
[parameters: ('могу ли я узнать какой у вас график работы  график работы часы работы режим', 0.3)]
(Background on this error at: https://sqlalche.me/e/20/f405)
Traceback (most recent call last):
  File "/media/icarus112/SharedUbuntuWin/python/projects/VisitAI/.venv/lib/python3.12/site-packages/sqlalchemy/dialects/postgresql/asyncpg.py", line 526, in _prepare_and_execute
    prepared_stmt, attributes = await adapt_connection._prepare(
                                ^^^^^^^^^^^^^^^^^^^^^^^^^^^^^^^^
  File "/media/icarus112/SharedUbuntuWin/python/projects/VisitAI/.venv/lib/python3.12/site-packages/sqlalchemy/dialects/postgresql/asyncpg.py", line 773, in _prepare
    prepared_stmt = await self._connection.prepare(
                    ^^^^^^^^^^^^^^^^^^^^^^^^^^^^^^^
  File "/media/icarus112/SharedUbuntuWin/python/projects/VisitAI/.venv/lib/python3.12/site-packages/asyncpg/connection.py", line 638, in prepare
    return await self._prepare(
           ^^^^^^^^^^^^^^^^^^^^
  File "/media/icarus112/SharedUbuntuWin/python/projects/VisitAI/.venv/lib/python3.12/site-packages/asyncpg/connection.py", line 657, in _prepare
    stmt = await self._get_statement(
           ^^^^^^^^^^^^^^^^^^^^^^^^^^
  File "/media/icarus112/SharedUbuntuWin/python/projects/VisitAI/.venv/lib/python3.12/site-packages/asyncpg/connection.py", line 443, in _get_statement
    statement = await self._protocol.prepare(
                ^^^^^^^^^^^^^^^^^^^^^^^^^^^^^
  File "asyncpg/protocol/protocol.pyx", line 165, in prepare
asyncpg.exceptions.UndefinedFunctionError: function similarity(text, character varying) does not exist
HINT:  No function matches the given name and argument types. You might need to add explicit type casts.

The above exception was the direct cause of the following exception:

Traceback (most recent call last):
  File "/media/icarus112/SharedUbuntuWin/python/projects/VisitAI/.venv/lib/python3.12/site-packages/sqlalchemy/engine/base.py", line 1967, in _exec_single_context
    self.dialect.do_execute(
  File "/media/icarus112/SharedUbuntuWin/python/projects/VisitAI/.venv/lib/python3.12/site-packages/sqlalchemy/engine/default.py", line 952, in do_execute
    cursor.execute(statement, parameters)
  File "/media/icarus112/SharedUbuntuWin/python/projects/VisitAI/.venv/lib/python3.12/site-packages/sqlalchemy/dialects/postgresql/asyncpg.py", line 585, in execute
    self._adapt_connection.await_(
  File "/media/icarus112/SharedUbuntuWin/python/projects/VisitAI/.venv/lib/python3.12/site-packages/sqlalchemy/util/_concurrency_py3k.py", line 132, in await_only
    return current.parent.switch(awaitable)  # type: ignore[no-any-return,attr-defined] # noqa: E501
           ^^^^^^^^^^^^^^^^^^^^^^^^^^^^^^^^
  File "/media/icarus112/SharedUbuntuWin/python/projects/VisitAI/.venv/lib/python3.12/site-packages/sqlalchemy/util/_concurrency_py3k.py", line 196, in greenlet_spawn
    value = await result
            ^^^^^^^^^^^^
  File "/media/icarus112/SharedUbuntuWin/python/projects/VisitAI/.venv/lib/python3.12/site-packages/sqlalchemy/dialects/postgresql/asyncpg.py", line 563, in _prepare_and_execute
    self._handle_exception(error)
  File "/media/icarus112/SharedUbuntuWin/python/projects/VisitAI/.venv/lib/python3.12/site-packages/sqlalchemy/dialects/postgresql/asyncpg.py", line 513, in _handle_exception
    self._adapt_connection._handle_exception(error)
  File "/media/icarus112/SharedUbuntuWin/python/projects/VisitAI/.venv/lib/python3.12/site-packages/sqlalchemy/dialects/postgresql/asyncpg.py", line 797, in _handle_exception
    raise translated_error from error
sqlalchemy.dialects.postgresql.asyncpg.AsyncAdapt_asyncpg_dbapi.ProgrammingError: <class 'asyncpg.exceptions.UndefinedFunctionError'>: function similarity(text, character varying) does not exist
HINT:  No function matches the given name and argument types. You might need to add explicit type casts.

The above exception was the direct cause of the following exception:

Traceback (most recent call last):
  File "/media/icarus112/SharedUbuntuWin/python/projects/VisitAI/.venv/lib/python3.12/site-packages/aiogram/dispatcher/dispatcher.py", line 320, in _process_update
    response = await self.feed_update(bot, update, **kwargs)
               ^^^^^^^^^^^^^^^^^^^^^^^^^^^^^^^^^^^^^^^^^^^^^
  File "/media/icarus112/SharedUbuntuWin/python/projects/VisitAI/.venv/lib/python3.12/site-packages/aiogram/dispatcher/dispatcher.py", line 164, in feed_update
    response = await self.update.wrap_outer_middleware(
               ^^^^^^^^^^^^^^^^^^^^^^^^^^^^^^^^^^^^^^^^
  File "/media/icarus112/SharedUbuntuWin/python/projects/VisitAI/.venv/lib/python3.12/site-packages/aiogram/dispatcher/middlewares/error.py", line 27, in __call__
    return await handler(event, data)
           ^^^^^^^^^^^^^^^^^^^^^^^^^^
  File "/media/icarus112/SharedUbuntuWin/python/projects/VisitAI/.venv/lib/python3.12/site-packages/aiogram/dispatcher/middlewares/user_context.py", line 58, in __call__
    return await handler(event, data)
           ^^^^^^^^^^^^^^^^^^^^^^^^^^
  File "/media/icarus112/SharedUbuntuWin/python/projects/VisitAI/.venv/lib/python3.12/site-packages/aiogram/fsm/middleware.py", line 43, in __call__
    return await handler(event, data)
           ^^^^^^^^^^^^^^^^^^^^^^^^^^
  File "/media/icarus112/SharedUbuntuWin/python/projects/VisitAI/.venv/lib/python3.12/site-packages/aiogram/dispatcher/event/telegram.py", line 126, in trigger
    return await wrapped_inner(event, kwargs)
           ^^^^^^^^^^^^^^^^^^^^^^^^^^^^^^^^^^
  File "/media/icarus112/SharedUbuntuWin/python/projects/VisitAI/.venv/lib/python3.12/site-packages/aiogram/dispatcher/event/handler.py", line 71, in call
    return await wrapped()
           ^^^^^^^^^^^^^^^
  File "/media/icarus112/SharedUbuntuWin/python/projects/VisitAI/.venv/lib/python3.12/site-packages/aiogram/dispatcher/dispatcher.py", line 283, in _listen_update
    return await self.propagate_event(update_type=update_type, event=event, **kwargs)
           ^^^^^^^^^^^^^^^^^^^^^^^^^^^^^^^^^^^^^^^^^^^^^^^^^^^^^^^^^^^^^^^^^^^^^^^^^^
  File "/media/icarus112/SharedUbuntuWin/python/projects/VisitAI/.venv/lib/python3.12/site-packages/aiogram/dispatcher/router.py", line 163, in propagate_event
    return await observer.wrap_outer_middleware(_wrapped, event=event, data=kwargs)
           ^^^^^^^^^^^^^^^^^^^^^^^^^^^^^^^^^^^^^^^^^^^^^^^^^^^^^^^^^^^^^^^^^^^^^^^^
  File "/media/icarus112/SharedUbuntuWin/python/projects/VisitAI/app/core/middlewares.py", line 54, in __call__
    result = await handler(event, data)
             ^^^^^^^^^^^^^^^^^^^^^^^^^^
  File "/media/icarus112/SharedUbuntuWin/python/projects/VisitAI/.venv/lib/python3.12/site-packages/aiogram/dispatcher/router.py", line 155, in _wrapped
    return await self._propagate_event(
           ^^^^^^^^^^^^^^^^^^^^^^^^^^^^
  File "/media/icarus112/SharedUbuntuWin/python/projects/VisitAI/.venv/lib/python3.12/site-packages/aiogram/dispatcher/router.py", line 191, in _propagate_event
    response = await router.propagate_event(update_type=update_type, event=event, **kwargs)
               ^^^^^^^^^^^^^^^^^^^^^^^^^^^^^^^^^^^^^^^^^^^^^^^^^^^^^^^^^^^^^^^^^^^^^^^^^^^^
  File "/media/icarus112/SharedUbuntuWin/python/projects/VisitAI/.venv/lib/python3.12/site-packages/aiogram/dispatcher/router.py", line 163, in propagate_event
    return await observer.wrap_outer_middleware(_wrapped, event=event, data=kwargs)
           ^^^^^^^^^^^^^^^^^^^^^^^^^^^^^^^^^^^^^^^^^^^^^^^^^^^^^^^^^^^^^^^^^^^^^^^^
  File "/media/icarus112/SharedUbuntuWin/python/projects/VisitAI/.venv/lib/python3.12/site-packages/aiogram/dispatcher/router.py", line 155, in _wrapped
    return await self._propagate_event(
           ^^^^^^^^^^^^^^^^^^^^^^^^^^^^
  File "/media/icarus112/SharedUbuntuWin/python/projects/VisitAI/.venv/lib/python3.12/site-packages/aiogram/dispatcher/router.py", line 191, in _propagate_event
    response = await router.propagate_event(update_type=update_type, event=event, **kwargs)
               ^^^^^^^^^^^^^^^^^^^^^^^^^^^^^^^^^^^^^^^^^^^^^^^^^^^^^^^^^^^^^^^^^^^^^^^^^^^^
  File "/media/icarus112/SharedUbuntuWin/python/projects/VisitAI/.venv/lib/python3.12/site-packages/aiogram/dispatcher/router.py", line 163, in propagate_event
    return await observer.wrap_outer_middleware(_wrapped, event=event, data=kwargs)
           ^^^^^^^^^^^^^^^^^^^^^^^^^^^^^^^^^^^^^^^^^^^^^^^^^^^^^^^^^^^^^^^^^^^^^^^^
  File "/media/icarus112/SharedUbuntuWin/python/projects/VisitAI/.venv/lib/python3.12/site-packages/aiogram/dispatcher/router.py", line 155, in _wrapped
    return await self._propagate_event(
           ^^^^^^^^^^^^^^^^^^^^^^^^^^^^
  File "/media/icarus112/SharedUbuntuWin/python/projects/VisitAI/.venv/lib/python3.12/site-packages/aiogram/dispatcher/router.py", line 183, in _propagate_event
    response = await observer.trigger(event, **kwargs)
               ^^^^^^^^^^^^^^^^^^^^^^^^^^^^^^^^^^^^^^^
  File "/media/icarus112/SharedUbuntuWin/python/projects/VisitAI/.venv/lib/python3.12/site-packages/aiogram/dispatcher/event/telegram.py", line 126, in trigger
    return await wrapped_inner(event, kwargs)
           ^^^^^^^^^^^^^^^^^^^^^^^^^^^^^^^^^^
  File "/media/icarus112/SharedUbuntuWin/python/projects/VisitAI/.venv/lib/python3.12/site-packages/aiogram/dispatcher/event/handler.py", line 71, in call
    return await wrapped()
           ^^^^^^^^^^^^^^^
  File "/media/icarus112/SharedUbuntuWin/python/projects/VisitAI/app/handlers/ai_user.py", line 158, in ai_record_handler
    await handle_faq(message, result, faq_sv)
  File "/media/icarus112/SharedUbuntuWin/python/projects/VisitAI/app/flows/users.py", line 156, in handle_faq
    answer = await faq_sv.find_answer(result)
             ^^^^^^^^^^^^^^^^^^^^^^^^^^^^^^^^
  File "/media/icarus112/SharedUbuntuWin/python/projects/VisitAI/app/service/faq.py", line 14, in find_answer
    answer = await self.faq_rp.find_answer(query)
             ^^^^^^^^^^^^^^^^^^^^^^^^^^^^^^^^^^^^
  File "/media/icarus112/SharedUbuntuWin/python/projects/VisitAI/app/repository/faq.py", line 35, in find_answer
    result = await self.session.execute(stmt)
             ^^^^^^^^^^^^^^^^^^^^^^^^^^^^^^^^
  File "/media/icarus112/SharedUbuntuWin/python/projects/VisitAI/.venv/lib/python3.12/site-packages/sqlalchemy/ext/asyncio/session.py", line 449, in execute
    result = await greenlet_spawn(
             ^^^^^^^^^^^^^^^^^^^^^
  File "/media/icarus112/SharedUbuntuWin/python/projects/VisitAI/.venv/lib/python3.12/site-packages/sqlalchemy/util/_concurrency_py3k.py", line 201, in greenlet_spawn
    result = context.throw(*sys.exc_info())
             ^^^^^^^^^^^^^^^^^^^^^^^^^^^^^^
  File "/media/icarus112/SharedUbuntuWin/python/projects/VisitAI/.venv/lib/python3.12/site-packages/sqlalchemy/orm/session.py", line 2351, in execute
    return self._execute_internal(
           ^^^^^^^^^^^^^^^^^^^^^^^
  File "/media/icarus112/SharedUbuntuWin/python/projects/VisitAI/.venv/lib/python3.12/site-packages/sqlalchemy/orm/session.py", line 2249, in _execute_internal
    result: Result[Any] = compile_state_cls.orm_execute_statement(
                          ^^^^^^^^^^^^^^^^^^^^^^^^^^^^^^^^^^^^^^^^
  File "/media/icarus112/SharedUbuntuWin/python/projects/VisitAI/.venv/lib/python3.12/site-packages/sqlalchemy/orm/context.py", line 306, in orm_execute_statement
    result = conn.execute(
             ^^^^^^^^^^^^^
  File "/media/icarus112/SharedUbuntuWin/python/projects/VisitAI/.venv/lib/python3.12/site-packages/sqlalchemy/engine/base.py", line 1419, in execute
    return meth(
           ^^^^^
  File "/media/icarus112/SharedUbuntuWin/python/projects/VisitAI/.venv/lib/python3.12/site-packages/sqlalchemy/sql/elements.py", line 527, in _execute_on_connection
    return connection._execute_clauseelement(
           ^^^^^^^^^^^^^^^^^^^^^^^^^^^^^^^^^^
  File "/media/icarus112/SharedUbuntuWin/python/projects/VisitAI/.venv/lib/python3.12/site-packages/sqlalchemy/engine/base.py", line 1641, in _execute_clauseelement
    ret = self._execute_context(
          ^^^^^^^^^^^^^^^^^^^^^^
  File "/media/icarus112/SharedUbuntuWin/python/projects/VisitAI/.venv/lib/python3.12/site-packages/sqlalchemy/engine/base.py", line 1846, in _execute_context
    return self._exec_single_context(
           ^^^^^^^^^^^^^^^^^^^^^^^^^^
  File "/media/icarus112/SharedUbuntuWin/python/projects/VisitAI/.venv/lib/python3.12/site-packages/sqlalchemy/engine/base.py", line 1986, in _exec_single_context
    self._handle_dbapi_exception(
  File "/media/icarus112/SharedUbuntuWin/python/projects/VisitAI/.venv/lib/python3.12/site-packages/sqlalchemy/engine/base.py", line 2363, in _handle_dbapi_exception
    raise sqlalchemy_exception.with_traceback(exc_info[2]) from e
  File "/media/icarus112/SharedUbuntuWin/python/projects/VisitAI/.venv/lib/python3.12/site-packages/sqlalchemy/engine/base.py", line 1967, in _exec_single_context
    self.dialect.do_execute(
  File "/media/icarus112/SharedUbuntuWin/python/projects/VisitAI/.venv/lib/python3.12/site-packages/sqlalchemy/engine/default.py", line 952, in do_execute
    cursor.execute(statement, parameters)
  File "/media/icarus112/SharedUbuntuWin/python/projects/VisitAI/.venv/lib/python3.12/site-packages/sqlalchemy/dialects/postgresql/asyncpg.py", line 585, in execute
    self._adapt_connection.await_(
  File "/media/icarus112/SharedUbuntuWin/python/projects/VisitAI/.venv/lib/python3.12/site-packages/sqlalchemy/util/_concurrency_py3k.py", line 132, in await_only
    return current.parent.switch(awaitable)  # type: ignore[no-any-return,attr-defined] # noqa: E501
           ^^^^^^^^^^^^^^^^^^^^^^^^^^^^^^^^
  File "/media/icarus112/SharedUbuntuWin/python/projects/VisitAI/.venv/lib/python3.12/site-packages/sqlalchemy/util/_concurrency_py3k.py", line 196, in greenlet_spawn
    value = await result
            ^^^^^^^^^^^^
  File "/media/icarus112/SharedUbuntuWin/python/projects/VisitAI/.venv/lib/python3.12/site-packages/sqlalchemy/dialects/postgresql/asyncpg.py", line 563, in _prepare_and_execute
    self._handle_exception(error)
  File "/media/icarus112/SharedUbuntuWin/python/projects/VisitAI/.venv/lib/python3.12/site-packages/sqlalchemy/dialects/postgresql/asyncpg.py", line 513, in _handle_exception
    self._adapt_connection._handle_exception(error)
  File "/media/icarus112/SharedUbuntuWin/python/projects/VisitAI/.venv/lib/python3.12/site-packages/sqlalchemy/dialects/postgresql/asyncpg.py", line 797, in _handle_exception
    raise translated_error from error
sqlalchemy.exc.ProgrammingError: (sqlalchemy.dialects.postgresql.asyncpg.ProgrammingError) <class 'asyncpg.exceptions.UndefinedFunctionError'>: function similarity(text, character varying) does not exist
HINT:  No function matches the given name and argument types. You might need to add explicit type casts.
[SQL: SELECT faqs.id, faqs.question, faqs.keywords, faqs.answer, faqs.search_text 
FROM faqs 
WHERE similarity(faqs.search_text, $1::VARCHAR) > $2::FLOAT ORDER BY similarity(faqs.search_text, $1::VARCHAR) DESC]
[parameters: ('могу ли я узнать какой у вас график работы  график работы часы работы режим', 0.3)]
(Background on this error at: https://sqlalche.me/e/20/f405)
2026-06-15 14:27:30,507 | ERROR | aiogram.event | Cause exception while process update id=78298921 by bot id=8635000285
ProgrammingError: (sqlalchemy.dialects.postgresql.asyncpg.ProgrammingError) <class 'asyncpg.exceptions.UndefinedFunctionError'>: function similarity(text, character varying) does not exist
HINT:  No function matches the given name and argument types. You might need to add explicit type casts.
[SQL: SELECT faqs.id, faqs.question, faqs.keywords, faqs.answer, faqs.search_text 
FROM faqs 
WHERE similarity(faqs.search_text, $1::VARCHAR) > $2::FLOAT ORDER BY similarity(faqs.search_text, $1::VARCHAR) DESC 
 LIMIT $3::INTEGER]
[parameters: ('могу ли я узнать какой у вас график работы  график работы часы работы режим', 0.3, 1)]
(Background on this error at: https://sqlalche.me/e/20/f405)
Traceback (most recent call last):
  File "/media/icarus112/SharedUbuntuWin/python/projects/VisitAI/.venv/lib/python3.12/site-packages/sqlalchemy/dialects/postgresql/asyncpg.py", line 526, in _prepare_and_execute
    prepared_stmt, attributes = await adapt_connection._prepare(
                                ^^^^^^^^^^^^^^^^^^^^^^^^^^^^^^^^
  File "/media/icarus112/SharedUbuntuWin/python/projects/VisitAI/.venv/lib/python3.12/site-packages/sqlalchemy/dialects/postgresql/asyncpg.py", line 773, in _prepare
    prepared_stmt = await self._connection.prepare(
                    ^^^^^^^^^^^^^^^^^^^^^^^^^^^^^^^
  File "/media/icarus112/SharedUbuntuWin/python/projects/VisitAI/.venv/lib/python3.12/site-packages/asyncpg/connection.py", line 638, in prepare
    return await self._prepare(
           ^^^^^^^^^^^^^^^^^^^^
  File "/media/icarus112/SharedUbuntuWin/python/projects/VisitAI/.venv/lib/python3.12/site-packages/asyncpg/connection.py", line 657, in _prepare
    stmt = await self._get_statement(
           ^^^^^^^^^^^^^^^^^^^^^^^^^^
  File "/media/icarus112/SharedUbuntuWin/python/projects/VisitAI/.venv/lib/python3.12/site-packages/asyncpg/connection.py", line 443, in _get_statement
    statement = await self._protocol.prepare(
                ^^^^^^^^^^^^^^^^^^^^^^^^^^^^^
  File "asyncpg/protocol/protocol.pyx", line 165, in prepare
asyncpg.exceptions.UndefinedFunctionError: function similarity(text, character varying) does not exist
HINT:  No function matches the given name and argument types. You might need to add explicit type casts.

The above exception was the direct cause of the following exception:

Traceback (most recent call last):
  File "/media/icarus112/SharedUbuntuWin/python/projects/VisitAI/.venv/lib/python3.12/site-packages/sqlalchemy/engine/base.py", line 1967, in _exec_single_context
    self.dialect.do_execute(
  File "/media/icarus112/SharedUbuntuWin/python/projects/VisitAI/.venv/lib/python3.12/site-packages/sqlalchemy/engine/default.py", line 952, in do_execute
    cursor.execute(statement, parameters)
  File "/media/icarus112/SharedUbuntuWin/python/projects/VisitAI/.venv/lib/python3.12/site-packages/sqlalchemy/dialects/postgresql/asyncpg.py", line 585, in execute
    self._adapt_connection.await_(
  File "/media/icarus112/SharedUbuntuWin/python/projects/VisitAI/.venv/lib/python3.12/site-packages/sqlalchemy/util/_concurrency_py3k.py", line 132, in await_only
    return current.parent.switch(awaitable)  # type: ignore[no-any-return,attr-defined] # noqa: E501
           ^^^^^^^^^^^^^^^^^^^^^^^^^^^^^^^^
  File "/media/icarus112/SharedUbuntuWin/python/projects/VisitAI/.venv/lib/python3.12/site-packages/sqlalchemy/util/_concurrency_py3k.py", line 196, in greenlet_spawn
    value = await result
            ^^^^^^^^^^^^
  File "/media/icarus112/SharedUbuntuWin/python/projects/VisitAI/.venv/lib/python3.12/site-packages/sqlalchemy/dialects/postgresql/asyncpg.py", line 563, in _prepare_and_execute
    self._handle_exception(error)
  File "/media/icarus112/SharedUbuntuWin/python/projects/VisitAI/.venv/lib/python3.12/site-packages/sqlalchemy/dialects/postgresql/asyncpg.py", line 513, in _handle_exception
    self._adapt_connection._handle_exception(error)
  File "/media/icarus112/SharedUbuntuWin/python/projects/VisitAI/.venv/lib/python3.12/site-packages/sqlalchemy/dialects/postgresql/asyncpg.py", line 797, in _handle_exception
    raise translated_error from error
sqlalchemy.dialects.postgresql.asyncpg.AsyncAdapt_asyncpg_dbapi.ProgrammingError: <class 'asyncpg.exceptions.UndefinedFunctionError'>: function similarity(text, character varying) does not exist
HINT:  No function matches the given name and argument types. You might need to add explicit type casts.

The above exception was the direct cause of the following exception:

Traceback (most recent call last):
  File "/media/icarus112/SharedUbuntuWin/python/projects/VisitAI/.venv/lib/python3.12/site-packages/aiogram/dispatcher/dispatcher.py", line 320, in _process_update
    response = await self.feed_update(bot, update, **kwargs)
               ^^^^^^^^^^^^^^^^^^^^^^^^^^^^^^^^^^^^^^^^^^^^^
  File "/media/icarus112/SharedUbuntuWin/python/projects/VisitAI/.venv/lib/python3.12/site-packages/aiogram/dispatcher/dispatcher.py", line 164, in feed_update
    response = await self.update.wrap_outer_middleware(
               ^^^^^^^^^^^^^^^^^^^^^^^^^^^^^^^^^^^^^^^^
  File "/media/icarus112/SharedUbuntuWin/python/projects/VisitAI/.venv/lib/python3.12/site-packages/aiogram/dispatcher/middlewares/error.py", line 27, in __call__
    return await handler(event, data)
           ^^^^^^^^^^^^^^^^^^^^^^^^^^
  File "/media/icarus112/SharedUbuntuWin/python/projects/VisitAI/.venv/lib/python3.12/site-packages/aiogram/dispatcher/middlewares/user_context.py", line 58, in __call__
    return await handler(event, data)
           ^^^^^^^^^^^^^^^^^^^^^^^^^^
  File "/media/icarus112/SharedUbuntuWin/python/projects/VisitAI/.venv/lib/python3.12/site-packages/aiogram/fsm/middleware.py", line 43, in __call__
    return await handler(event, data)
           ^^^^^^^^^^^^^^^^^^^^^^^^^^
  File "/media/icarus112/SharedUbuntuWin/python/projects/VisitAI/.venv/lib/python3.12/site-packages/aiogram/dispatcher/event/telegram.py", line 126, in trigger
    return await wrapped_inner(event, kwargs)
           ^^^^^^^^^^^^^^^^^^^^^^^^^^^^^^^^^^
  File "/media/icarus112/SharedUbuntuWin/python/projects/VisitAI/.venv/lib/python3.12/site-packages/aiogram/dispatcher/event/handler.py", line 71, in call
    return await wrapped()
           ^^^^^^^^^^^^^^^
  File "/media/icarus112/SharedUbuntuWin/python/projects/VisitAI/.venv/lib/python3.12/site-packages/aiogram/dispatcher/dispatcher.py", line 283, in _listen_update
    return await self.propagate_event(update_type=update_type, event=event, **kwargs)
           ^^^^^^^^^^^^^^^^^^^^^^^^^^^^^^^^^^^^^^^^^^^^^^^^^^^^^^^^^^^^^^^^^^^^^^^^^^
  File "/media/icarus112/SharedUbuntuWin/python/projects/VisitAI/.venv/lib/python3.12/site-packages/aiogram/dispatcher/router.py", line 163, in propagate_event
    return await observer.wrap_outer_middleware(_wrapped, event=event, data=kwargs)
           ^^^^^^^^^^^^^^^^^^^^^^^^^^^^^^^^^^^^^^^^^^^^^^^^^^^^^^^^^^^^^^^^^^^^^^^^
  File "/media/icarus112/SharedUbuntuWin/python/projects/VisitAI/app/core/middlewares.py", line 54, in __call__
    result = await handler(event, data)
             ^^^^^^^^^^^^^^^^^^^^^^^^^^
  File "/media/icarus112/SharedUbuntuWin/python/projects/VisitAI/.venv/lib/python3.12/site-packages/aiogram/dispatcher/router.py", line 155, in _wrapped
    return await self._propagate_event(
           ^^^^^^^^^^^^^^^^^^^^^^^^^^^^
  File "/media/icarus112/SharedUbuntuWin/python/projects/VisitAI/.venv/lib/python3.12/site-packages/aiogram/dispatcher/router.py", line 191, in _propagate_event
    response = await router.propagate_event(update_type=update_type, event=event, **kwargs)
               ^^^^^^^^^^^^^^^^^^^^^^^^^^^^^^^^^^^^^^^^^^^^^^^^^^^^^^^^^^^^^^^^^^^^^^^^^^^^
  File "/media/icarus112/SharedUbuntuWin/python/projects/VisitAI/.venv/lib/python3.12/site-packages/aiogram/dispatcher/router.py", line 163, in propagate_event
    return await observer.wrap_outer_middleware(_wrapped, event=event, data=kwargs)
           ^^^^^^^^^^^^^^^^^^^^^^^^^^^^^^^^^^^^^^^^^^^^^^^^^^^^^^^^^^^^^^^^^^^^^^^^
  File "/media/icarus112/SharedUbuntuWin/python/projects/VisitAI/.venv/lib/python3.12/site-packages/aiogram/dispatcher/router.py", line 155, in _wrapped
    return await self._propagate_event(
           ^^^^^^^^^^^^^^^^^^^^^^^^^^^^
  File "/media/icarus112/SharedUbuntuWin/python/projects/VisitAI/.venv/lib/python3.12/site-packages/aiogram/dispatcher/router.py", line 191, in _propagate_event
    response = await router.propagate_event(update_type=update_type, event=event, **kwargs)
               ^^^^^^^^^^^^^^^^^^^^^^^^^^^^^^^^^^^^^^^^^^^^^^^^^^^^^^^^^^^^^^^^^^^^^^^^^^^^
  File "/media/icarus112/SharedUbuntuWin/python/projects/VisitAI/.venv/lib/python3.12/site-packages/aiogram/dispatcher/router.py", line 163, in propagate_event
    return await observer.wrap_outer_middleware(_wrapped, event=event, data=kwargs)
           ^^^^^^^^^^^^^^^^^^^^^^^^^^^^^^^^^^^^^^^^^^^^^^^^^^^^^^^^^^^^^^^^^^^^^^^^
  File "/media/icarus112/SharedUbuntuWin/python/projects/VisitAI/.venv/lib/python3.12/site-packages/aiogram/dispatcher/router.py", line 155, in _wrapped
    return await self._propagate_event(
           ^^^^^^^^^^^^^^^^^^^^^^^^^^^^
  File "/media/icarus112/SharedUbuntuWin/python/projects/VisitAI/.venv/lib/python3.12/site-packages/aiogram/dispatcher/router.py", line 183, in _propagate_event
    response = await observer.trigger(event, **kwargs)
               ^^^^^^^^^^^^^^^^^^^^^^^^^^^^^^^^^^^^^^^
  File "/media/icarus112/SharedUbuntuWin/python/projects/VisitAI/.venv/lib/python3.12/site-packages/aiogram/dispatcher/event/telegram.py", line 126, in trigger
    return await wrapped_inner(event, kwargs)
           ^^^^^^^^^^^^^^^^^^^^^^^^^^^^^^^^^^
  File "/media/icarus112/SharedUbuntuWin/python/projects/VisitAI/.venv/lib/python3.12/site-packages/aiogram/dispatcher/event/handler.py", line 71, in call
    return await wrapped()
           ^^^^^^^^^^^^^^^
  File "/media/icarus112/SharedUbuntuWin/python/projects/VisitAI/app/handlers/ai_user.py", line 158, in ai_record_handler
    await handle_faq(message, result, faq_sv)
  File "/media/icarus112/SharedUbuntuWin/python/projects/VisitAI/app/flows/users.py", line 156, in handle_faq
    answer = await faq_sv.find_answer(result)
             ^^^^^^^^^^^^^^^^^^^^^^^^^^^^^^^^
  File "/media/icarus112/SharedUbuntuWin/python/projects/VisitAI/app/service/faq.py", line 14, in find_answer
    faq = await self.faq_rp.find_answer(query)
          ^^^^^^^^^^^^^^^^^^^^^^^^^^^^^^^^^^^^
  File "/media/icarus112/SharedUbuntuWin/python/projects/VisitAI/app/repository/faq.py", line 36, in find_answer
    result = await self.session.execute(stmt)
             ^^^^^^^^^^^^^^^^^^^^^^^^^^^^^^^^
  File "/media/icarus112/SharedUbuntuWin/python/projects/VisitAI/.venv/lib/python3.12/site-packages/sqlalchemy/ext/asyncio/session.py", line 449, in execute
    result = await greenlet_spawn(
             ^^^^^^^^^^^^^^^^^^^^^
  File "/media/icarus112/SharedUbuntuWin/python/projects/VisitAI/.venv/lib/python3.12/site-packages/sqlalchemy/util/_concurrency_py3k.py", line 201, in greenlet_spawn
    result = context.throw(*sys.exc_info())
             ^^^^^^^^^^^^^^^^^^^^^^^^^^^^^^
  File "/media/icarus112/SharedUbuntuWin/python/projects/VisitAI/.venv/lib/python3.12/site-packages/sqlalchemy/orm/session.py", line 2351, in execute
    return self._execute_internal(
           ^^^^^^^^^^^^^^^^^^^^^^^
  File "/media/icarus112/SharedUbuntuWin/python/projects/VisitAI/.venv/lib/python3.12/site-packages/sqlalchemy/orm/session.py", line 2249, in _execute_internal
    result: Result[Any] = compile_state_cls.orm_execute_statement(
                          ^^^^^^^^^^^^^^^^^^^^^^^^^^^^^^^^^^^^^^^^
  File "/media/icarus112/SharedUbuntuWin/python/projects/VisitAI/.venv/lib/python3.12/site-packages/sqlalchemy/orm/context.py", line 306, in orm_execute_statement
    result = conn.execute(
             ^^^^^^^^^^^^^
  File "/media/icarus112/SharedUbuntuWin/python/projects/VisitAI/.venv/lib/python3.12/site-packages/sqlalchemy/engine/base.py", line 1419, in execute
    return meth(
           ^^^^^
  File "/media/icarus112/SharedUbuntuWin/python/projects/VisitAI/.venv/lib/python3.12/site-packages/sqlalchemy/sql/elements.py", line 527, in _execute_on_connection
    return connection._execute_clauseelement(
           ^^^^^^^^^^^^^^^^^^^^^^^^^^^^^^^^^^
  File "/media/icarus112/SharedUbuntuWin/python/projects/VisitAI/.venv/lib/python3.12/site-packages/sqlalchemy/engine/base.py", line 1641, in _execute_clauseelement
    ret = self._execute_context(
          ^^^^^^^^^^^^^^^^^^^^^^
  File "/media/icarus112/SharedUbuntuWin/python/projects/VisitAI/.venv/lib/python3.12/site-packages/sqlalchemy/engine/base.py", line 1846, in _execute_context
    return self._exec_single_context(
           ^^^^^^^^^^^^^^^^^^^^^^^^^^
  File "/media/icarus112/SharedUbuntuWin/python/projects/VisitAI/.venv/lib/python3.12/site-packages/sqlalchemy/engine/base.py", line 1986, in _exec_single_context
    self._handle_dbapi_exception(
  File "/media/icarus112/SharedUbuntuWin/python/projects/VisitAI/.venv/lib/python3.12/site-packages/sqlalchemy/engine/base.py", line 2363, in _handle_dbapi_exception
    raise sqlalchemy_exception.with_traceback(exc_info[2]) from e
  File "/media/icarus112/SharedUbuntuWin/python/projects/VisitAI/.venv/lib/python3.12/site-packages/sqlalchemy/engine/base.py", line 1967, in _exec_single_context
    self.dialect.do_execute(
  File "/media/icarus112/SharedUbuntuWin/python/projects/VisitAI/.venv/lib/python3.12/site-packages/sqlalchemy/engine/default.py", line 952, in do_execute
    cursor.execute(statement, parameters)
  File "/media/icarus112/SharedUbuntuWin/python/projects/VisitAI/.venv/lib/python3.12/site-packages/sqlalchemy/dialects/postgresql/asyncpg.py", line 585, in execute
    self._adapt_connection.await_(
  File "/media/icarus112/SharedUbuntuWin/python/projects/VisitAI/.venv/lib/python3.12/site-packages/sqlalchemy/util/_concurrency_py3k.py", line 132, in await_only
    return current.parent.switch(awaitable)  # type: ignore[no-any-return,attr-defined] # noqa: E501
           ^^^^^^^^^^^^^^^^^^^^^^^^^^^^^^^^
  File "/media/icarus112/SharedUbuntuWin/python/projects/VisitAI/.venv/lib/python3.12/site-packages/sqlalchemy/util/_concurrency_py3k.py", line 196, in greenlet_spawn
    value = await result
            ^^^^^^^^^^^^
  File "/media/icarus112/SharedUbuntuWin/python/projects/VisitAI/.venv/lib/python3.12/site-packages/sqlalchemy/dialects/postgresql/asyncpg.py", line 563, in _prepare_and_execute
    self._handle_exception(error)
  File "/media/icarus112/SharedUbuntuWin/python/projects/VisitAI/.venv/lib/python3.12/site-packages/sqlalchemy/dialects/postgresql/asyncpg.py", line 513, in _handle_exception
    self._adapt_connection._handle_exception(error)
  File "/media/icarus112/SharedUbuntuWin/python/projects/VisitAI/.venv/lib/python3.12/site-packages/sqlalchemy/dialects/postgresql/asyncpg.py", line 797, in _handle_exception
    raise translated_error from error
sqlalchemy.exc.ProgrammingError: (sqlalchemy.dialects.postgresql.asyncpg.ProgrammingError) <class 'asyncpg.exceptions.UndefinedFunctionError'>: function similarity(text, character varying) does not exist
HINT:  No function matches the given name and argument types. You might need to add explicit type casts.
[SQL: SELECT faqs.id, faqs.question, faqs.keywords, faqs.answer, faqs.search_text 
FROM faqs 
WHERE similarity(faqs.search_text, $1::VARCHAR) > $2::FLOAT ORDER BY similarity(faqs.search_text, $1::VARCHAR) DESC 
 LIMIT $3::INTEGER]
[parameters: ('могу ли я узнать какой у вас график работы  график работы часы работы режим', 0.3, 1)]
(Background on this error at: https://sqlalche.me/e/20/f405)
2026-06-15 14:28:25,668 | ERROR | aiogram.event | Cause exception while process update id=78298923 by bot id=8635000285
ProgrammingError: (sqlalchemy.dialects.postgresql.asyncpg.ProgrammingError) <class 'asyncpg.exceptions.UndefinedFunctionError'>: function similarity(text, character varying) does not exist
HINT:  No function matches the given name and argument types. You might need to add explicit type casts.
[SQL: SELECT faqs.id, faqs.question, faqs.keywords, faqs.answer, faqs.search_text 
FROM faqs 
WHERE similarity(faqs.search_text, $1::VARCHAR) > $2::FLOAT ORDER BY similarity(faqs.search_text, $1::VARCHAR) DESC]
[parameters: ('могу ли я узнать какой у вас график работы  график работы часы работы режим', 0.3)]
(Background on this error at: https://sqlalche.me/e/20/f405)
Traceback (most recent call last):
  File "/media/icarus112/SharedUbuntuWin/python/projects/VisitAI/.venv/lib/python3.12/site-packages/sqlalchemy/dialects/postgresql/asyncpg.py", line 526, in _prepare_and_execute
    prepared_stmt, attributes = await adapt_connection._prepare(
                                ^^^^^^^^^^^^^^^^^^^^^^^^^^^^^^^^
  File "/media/icarus112/SharedUbuntuWin/python/projects/VisitAI/.venv/lib/python3.12/site-packages/sqlalchemy/dialects/postgresql/asyncpg.py", line 773, in _prepare
    prepared_stmt = await self._connection.prepare(
                    ^^^^^^^^^^^^^^^^^^^^^^^^^^^^^^^
  File "/media/icarus112/SharedUbuntuWin/python/projects/VisitAI/.venv/lib/python3.12/site-packages/asyncpg/connection.py", line 638, in prepare
    return await self._prepare(
           ^^^^^^^^^^^^^^^^^^^^
  File "/media/icarus112/SharedUbuntuWin/python/projects/VisitAI/.venv/lib/python3.12/site-packages/asyncpg/connection.py", line 657, in _prepare
    stmt = await self._get_statement(
           ^^^^^^^^^^^^^^^^^^^^^^^^^^
  File "/media/icarus112/SharedUbuntuWin/python/projects/VisitAI/.venv/lib/python3.12/site-packages/asyncpg/connection.py", line 443, in _get_statement
    statement = await self._protocol.prepare(
                ^^^^^^^^^^^^^^^^^^^^^^^^^^^^^
  File "asyncpg/protocol/protocol.pyx", line 165, in prepare
asyncpg.exceptions.UndefinedFunctionError: function similarity(text, character varying) does not exist
HINT:  No function matches the given name and argument types. You might need to add explicit type casts.

The above exception was the direct cause of the following exception:

Traceback (most recent call last):
  File "/media/icarus112/SharedUbuntuWin/python/projects/VisitAI/.venv/lib/python3.12/site-packages/sqlalchemy/engine/base.py", line 1967, in _exec_single_context
    self.dialect.do_execute(
  File "/media/icarus112/SharedUbuntuWin/python/projects/VisitAI/.venv/lib/python3.12/site-packages/sqlalchemy/engine/default.py", line 952, in do_execute
    cursor.execute(statement, parameters)
  File "/media/icarus112/SharedUbuntuWin/python/projects/VisitAI/.venv/lib/python3.12/site-packages/sqlalchemy/dialects/postgresql/asyncpg.py", line 585, in execute
    self._adapt_connection.await_(
  File "/media/icarus112/SharedUbuntuWin/python/projects/VisitAI/.venv/lib/python3.12/site-packages/sqlalchemy/util/_concurrency_py3k.py", line 132, in await_only
    return current.parent.switch(awaitable)  # type: ignore[no-any-return,attr-defined] # noqa: E501
           ^^^^^^^^^^^^^^^^^^^^^^^^^^^^^^^^
  File "/media/icarus112/SharedUbuntuWin/python/projects/VisitAI/.venv/lib/python3.12/site-packages/sqlalchemy/util/_concurrency_py3k.py", line 196, in greenlet_spawn
    value = await result
            ^^^^^^^^^^^^
  File "/media/icarus112/SharedUbuntuWin/python/projects/VisitAI/.venv/lib/python3.12/site-packages/sqlalchemy/dialects/postgresql/asyncpg.py", line 563, in _prepare_and_execute
    self._handle_exception(error)
  File "/media/icarus112/SharedUbuntuWin/python/projects/VisitAI/.venv/lib/python3.12/site-packages/sqlalchemy/dialects/postgresql/asyncpg.py", line 513, in _handle_exception
    self._adapt_connection._handle_exception(error)
  File "/media/icarus112/SharedUbuntuWin/python/projects/VisitAI/.venv/lib/python3.12/site-packages/sqlalchemy/dialects/postgresql/asyncpg.py", line 797, in _handle_exception
    raise translated_error from error
sqlalchemy.dialects.postgresql.asyncpg.AsyncAdapt_asyncpg_dbapi.ProgrammingError: <class 'asyncpg.exceptions.UndefinedFunctionError'>: function similarity(text, character varying) does not exist
HINT:  No function matches the given name and argument types. You might need to add explicit type casts.

The above exception was the direct cause of the following exception:

Traceback (most recent call last):
  File "/media/icarus112/SharedUbuntuWin/python/projects/VisitAI/.venv/lib/python3.12/site-packages/aiogram/dispatcher/dispatcher.py", line 320, in _process_update
    response = await self.feed_update(bot, update, **kwargs)
               ^^^^^^^^^^^^^^^^^^^^^^^^^^^^^^^^^^^^^^^^^^^^^
  File "/media/icarus112/SharedUbuntuWin/python/projects/VisitAI/.venv/lib/python3.12/site-packages/aiogram/dispatcher/dispatcher.py", line 164, in feed_update
    response = await self.update.wrap_outer_middleware(
               ^^^^^^^^^^^^^^^^^^^^^^^^^^^^^^^^^^^^^^^^
  File "/media/icarus112/SharedUbuntuWin/python/projects/VisitAI/.venv/lib/python3.12/site-packages/aiogram/dispatcher/middlewares/error.py", line 27, in __call__
    return await handler(event, data)
           ^^^^^^^^^^^^^^^^^^^^^^^^^^
  File "/media/icarus112/SharedUbuntuWin/python/projects/VisitAI/.venv/lib/python3.12/site-packages/aiogram/dispatcher/middlewares/user_context.py", line 58, in __call__
    return await handler(event, data)
           ^^^^^^^^^^^^^^^^^^^^^^^^^^
  File "/media/icarus112/SharedUbuntuWin/python/projects/VisitAI/.venv/lib/python3.12/site-packages/aiogram/fsm/middleware.py", line 43, in __call__
    return await handler(event, data)
           ^^^^^^^^^^^^^^^^^^^^^^^^^^
  File "/media/icarus112/SharedUbuntuWin/python/projects/VisitAI/.venv/lib/python3.12/site-packages/aiogram/dispatcher/event/telegram.py", line 126, in trigger
    return await wrapped_inner(event, kwargs)
           ^^^^^^^^^^^^^^^^^^^^^^^^^^^^^^^^^^
  File "/media/icarus112/SharedUbuntuWin/python/projects/VisitAI/.venv/lib/python3.12/site-packages/aiogram/dispatcher/event/handler.py", line 71, in call
    return await wrapped()
           ^^^^^^^^^^^^^^^
  File "/media/icarus112/SharedUbuntuWin/python/projects/VisitAI/.venv/lib/python3.12/site-packages/aiogram/dispatcher/dispatcher.py", line 283, in _listen_update
    return await self.propagate_event(update_type=update_type, event=event, **kwargs)
           ^^^^^^^^^^^^^^^^^^^^^^^^^^^^^^^^^^^^^^^^^^^^^^^^^^^^^^^^^^^^^^^^^^^^^^^^^^
  File "/media/icarus112/SharedUbuntuWin/python/projects/VisitAI/.venv/lib/python3.12/site-packages/aiogram/dispatcher/router.py", line 163, in propagate_event
    return await observer.wrap_outer_middleware(_wrapped, event=event, data=kwargs)
           ^^^^^^^^^^^^^^^^^^^^^^^^^^^^^^^^^^^^^^^^^^^^^^^^^^^^^^^^^^^^^^^^^^^^^^^^
  File "/media/icarus112/SharedUbuntuWin/python/projects/VisitAI/app/core/middlewares.py", line 54, in __call__
    result = await handler(event, data)
             ^^^^^^^^^^^^^^^^^^^^^^^^^^
  File "/media/icarus112/SharedUbuntuWin/python/projects/VisitAI/.venv/lib/python3.12/site-packages/aiogram/dispatcher/router.py", line 155, in _wrapped
    return await self._propagate_event(
           ^^^^^^^^^^^^^^^^^^^^^^^^^^^^
  File "/media/icarus112/SharedUbuntuWin/python/projects/VisitAI/.venv/lib/python3.12/site-packages/aiogram/dispatcher/router.py", line 191, in _propagate_event
    response = await router.propagate_event(update_type=update_type, event=event, **kwargs)
               ^^^^^^^^^^^^^^^^^^^^^^^^^^^^^^^^^^^^^^^^^^^^^^^^^^^^^^^^^^^^^^^^^^^^^^^^^^^^
  File "/media/icarus112/SharedUbuntuWin/python/projects/VisitAI/.venv/lib/python3.12/site-packages/aiogram/dispatcher/router.py", line 163, in propagate_event
    return await observer.wrap_outer_middleware(_wrapped, event=event, data=kwargs)
           ^^^^^^^^^^^^^^^^^^^^^^^^^^^^^^^^^^^^^^^^^^^^^^^^^^^^^^^^^^^^^^^^^^^^^^^^
  File "/media/icarus112/SharedUbuntuWin/python/projects/VisitAI/.venv/lib/python3.12/site-packages/aiogram/dispatcher/router.py", line 155, in _wrapped
    return await self._propagate_event(
           ^^^^^^^^^^^^^^^^^^^^^^^^^^^^
  File "/media/icarus112/SharedUbuntuWin/python/projects/VisitAI/.venv/lib/python3.12/site-packages/aiogram/dispatcher/router.py", line 191, in _propagate_event
    response = await router.propagate_event(update_type=update_type, event=event, **kwargs)
               ^^^^^^^^^^^^^^^^^^^^^^^^^^^^^^^^^^^^^^^^^^^^^^^^^^^^^^^^^^^^^^^^^^^^^^^^^^^^
  File "/media/icarus112/SharedUbuntuWin/python/projects/VisitAI/.venv/lib/python3.12/site-packages/aiogram/dispatcher/router.py", line 163, in propagate_event
    return await observer.wrap_outer_middleware(_wrapped, event=event, data=kwargs)
           ^^^^^^^^^^^^^^^^^^^^^^^^^^^^^^^^^^^^^^^^^^^^^^^^^^^^^^^^^^^^^^^^^^^^^^^^
  File "/media/icarus112/SharedUbuntuWin/python/projects/VisitAI/.venv/lib/python3.12/site-packages/aiogram/dispatcher/router.py", line 155, in _wrapped
    return await self._propagate_event(
           ^^^^^^^^^^^^^^^^^^^^^^^^^^^^
  File "/media/icarus112/SharedUbuntuWin/python/projects/VisitAI/.venv/lib/python3.12/site-packages/aiogram/dispatcher/router.py", line 183, in _propagate_event
    response = await observer.trigger(event, **kwargs)
               ^^^^^^^^^^^^^^^^^^^^^^^^^^^^^^^^^^^^^^^
  File "/media/icarus112/SharedUbuntuWin/python/projects/VisitAI/.venv/lib/python3.12/site-packages/aiogram/dispatcher/event/telegram.py", line 126, in trigger
    return await wrapped_inner(event, kwargs)
           ^^^^^^^^^^^^^^^^^^^^^^^^^^^^^^^^^^
  File "/media/icarus112/SharedUbuntuWin/python/projects/VisitAI/.venv/lib/python3.12/site-packages/aiogram/dispatcher/event/handler.py", line 71, in call
    return await wrapped()
           ^^^^^^^^^^^^^^^
  File "/media/icarus112/SharedUbuntuWin/python/projects/VisitAI/app/handlers/ai_user.py", line 158, in ai_record_handler
    await handle_faq(message, result, faq_sv)
  File "/media/icarus112/SharedUbuntuWin/python/projects/VisitAI/app/flows/users.py", line 156, in handle_faq
    answer = await faq_sv.find_answer(result)
             ^^^^^^^^^^^^^^^^^^^^^^^^^^^^^^^^
  File "/media/icarus112/SharedUbuntuWin/python/projects/VisitAI/app/service/faq.py", line 14, in find_answer
    faq = await self.faq_rp.find_answer(query)
          ^^^^^^^^^^^^^^^^^^^^^^^^^^^^^^^^^^^^
  File "/media/icarus112/SharedUbuntuWin/python/projects/VisitAI/app/repository/faq.py", line 36, in find_answer
    result = await self.session.execute(stmt)
             ^^^^^^^^^^^^^^^^^^^^^^^^^^^^^^^^
  File "/media/icarus112/SharedUbuntuWin/python/projects/VisitAI/.venv/lib/python3.12/site-packages/sqlalchemy/ext/asyncio/session.py", line 449, in execute
    result = await greenlet_spawn(
             ^^^^^^^^^^^^^^^^^^^^^
  File "/media/icarus112/SharedUbuntuWin/python/projects/VisitAI/.venv/lib/python3.12/site-packages/sqlalchemy/util/_concurrency_py3k.py", line 201, in greenlet_spawn
    result = context.throw(*sys.exc_info())
             ^^^^^^^^^^^^^^^^^^^^^^^^^^^^^^
  File "/media/icarus112/SharedUbuntuWin/python/projects/VisitAI/.venv/lib/python3.12/site-packages/sqlalchemy/orm/session.py", line 2351, in execute
    return self._execute_internal(
           ^^^^^^^^^^^^^^^^^^^^^^^
  File "/media/icarus112/SharedUbuntuWin/python/projects/VisitAI/.venv/lib/python3.12/site-packages/sqlalchemy/orm/session.py", line 2249, in _execute_internal
    result: Result[Any] = compile_state_cls.orm_execute_statement(
                          ^^^^^^^^^^^^^^^^^^^^^^^^^^^^^^^^^^^^^^^^
  File "/media/icarus112/SharedUbuntuWin/python/projects/VisitAI/.venv/lib/python3.12/site-packages/sqlalchemy/orm/context.py", line 306, in orm_execute_statement
    result = conn.execute(
             ^^^^^^^^^^^^^
  File "/media/icarus112/SharedUbuntuWin/python/projects/VisitAI/.venv/lib/python3.12/site-packages/sqlalchemy/engine/base.py", line 1419, in execute
    return meth(
           ^^^^^
  File "/media/icarus112/SharedUbuntuWin/python/projects/VisitAI/.venv/lib/python3.12/site-packages/sqlalchemy/sql/elements.py", line 527, in _execute_on_connection
    return connection._execute_clauseelement(
           ^^^^^^^^^^^^^^^^^^^^^^^^^^^^^^^^^^
  File "/media/icarus112/SharedUbuntuWin/python/projects/VisitAI/.venv/lib/python3.12/site-packages/sqlalchemy/engine/base.py", line 1641, in _execute_clauseelement
    ret = self._execute_context(
          ^^^^^^^^^^^^^^^^^^^^^^
  File "/media/icarus112/SharedUbuntuWin/python/projects/VisitAI/.venv/lib/python3.12/site-packages/sqlalchemy/engine/base.py", line 1846, in _execute_context
    return self._exec_single_context(
           ^^^^^^^^^^^^^^^^^^^^^^^^^^
  File "/media/icarus112/SharedUbuntuWin/python/projects/VisitAI/.venv/lib/python3.12/site-packages/sqlalchemy/engine/base.py", line 1986, in _exec_single_context
    self._handle_dbapi_exception(
  File "/media/icarus112/SharedUbuntuWin/python/projects/VisitAI/.venv/lib/python3.12/site-packages/sqlalchemy/engine/base.py", line 2363, in _handle_dbapi_exception
    raise sqlalchemy_exception.with_traceback(exc_info[2]) from e
  File "/media/icarus112/SharedUbuntuWin/python/projects/VisitAI/.venv/lib/python3.12/site-packages/sqlalchemy/engine/base.py", line 1967, in _exec_single_context
    self.dialect.do_execute(
  File "/media/icarus112/SharedUbuntuWin/python/projects/VisitAI/.venv/lib/python3.12/site-packages/sqlalchemy/engine/default.py", line 952, in do_execute
    cursor.execute(statement, parameters)
  File "/media/icarus112/SharedUbuntuWin/python/projects/VisitAI/.venv/lib/python3.12/site-packages/sqlalchemy/dialects/postgresql/asyncpg.py", line 585, in execute
    self._adapt_connection.await_(
  File "/media/icarus112/SharedUbuntuWin/python/projects/VisitAI/.venv/lib/python3.12/site-packages/sqlalchemy/util/_concurrency_py3k.py", line 132, in await_only
    return current.parent.switch(awaitable)  # type: ignore[no-any-return,attr-defined] # noqa: E501
           ^^^^^^^^^^^^^^^^^^^^^^^^^^^^^^^^
  File "/media/icarus112/SharedUbuntuWin/python/projects/VisitAI/.venv/lib/python3.12/site-packages/sqlalchemy/util/_concurrency_py3k.py", line 196, in greenlet_spawn
    value = await result
            ^^^^^^^^^^^^
  File "/media/icarus112/SharedUbuntuWin/python/projects/VisitAI/.venv/lib/python3.12/site-packages/sqlalchemy/dialects/postgresql/asyncpg.py", line 563, in _prepare_and_execute
    self._handle_exception(error)
  File "/media/icarus112/SharedUbuntuWin/python/projects/VisitAI/.venv/lib/python3.12/site-packages/sqlalchemy/dialects/postgresql/asyncpg.py", line 513, in _handle_exception
    self._adapt_connection._handle_exception(error)
  File "/media/icarus112/SharedUbuntuWin/python/projects/VisitAI/.venv/lib/python3.12/site-packages/sqlalchemy/dialects/postgresql/asyncpg.py", line 797, in _handle_exception
    raise translated_error from error
sqlalchemy.exc.ProgrammingError: (sqlalchemy.dialects.postgresql.asyncpg.ProgrammingError) <class 'asyncpg.exceptions.UndefinedFunctionError'>: function similarity(text, character varying) does not exist
HINT:  No function matches the given name and argument types. You might need to add explicit type casts.
[SQL: SELECT faqs.id, faqs.question, faqs.keywords, faqs.answer, faqs.search_text 
FROM faqs 
WHERE similarity(faqs.search_text, $1::VARCHAR) > $2::FLOAT ORDER BY similarity(faqs.search_text, $1::VARCHAR) DESC]
[parameters: ('могу ли я узнать какой у вас график работы  график работы часы работы режим', 0.3)]
(Background on this error at: https://sqlalche.me/e/20/f405)
2026-06-16 00:08:37,234 | ERROR | aiogram.event | Cause exception while process update id=78298931 by bot id=8635000285
ValidationError: 13 validation errors for InlineKeyboardMarkup
inline_keyboard.6.0
  Input should be a valid dictionary or instance of InlineKeyboardButton [type=model_type, input_value=('text', '☰ Главное меню'), input_type=tuple]
    For further information visit https://errors.pydantic.dev/2.12/v/model_type
inline_keyboard.6.1
  Input should be a valid dictionary or instance of InlineKeyboardButton [type=model_type, input_value=('icon_custom_emoji_id', None), input_type=tuple]
    For further information visit https://errors.pydantic.dev/2.12/v/model_type
inline_keyboard.6.2
  Input should be a valid dictionary or instance of InlineKeyboardButton [type=model_type, input_value=('style', None), input_type=tuple]
    For further information visit https://errors.pydantic.dev/2.12/v/model_type
inline_keyboard.6.3
  Input should be a valid dictionary or instance of InlineKeyboardButton [type=model_type, input_value=('url', None), input_type=tuple]
    For further information visit https://errors.pydantic.dev/2.12/v/model_type
inline_keyboard.6.4
  Input should be a valid dictionary or instance of InlineKeyboardButton [type=model_type, input_value=('callback_data', 'to_main'), input_type=tuple]
    For further information visit https://errors.pydantic.dev/2.12/v/model_type
inline_keyboard.6.5
  Input should be a valid dictionary or instance of InlineKeyboardButton [type=model_type, input_value=('web_app', None), input_type=tuple]
    For further information visit https://errors.pydantic.dev/2.12/v/model_type
inline_keyboard.6.6
  Input should be a valid dictionary or instance of InlineKeyboardButton [type=model_type, input_value=('login_url', None), input_type=tuple]
    For further information visit https://errors.pydantic.dev/2.12/v/model_type
inline_keyboard.6.7
  Input should be a valid dictionary or instance of InlineKeyboardButton [type=model_type, input_value=('switch_inline_query', None), input_type=tuple]
    For further information visit https://errors.pydantic.dev/2.12/v/model_type
inline_keyboard.6.8
  Input should be a valid dictionary or instance of InlineKeyboardButton [type=model_type, input_value=('switch_inline_query_current_chat', None), input_type=tuple]
    For further information visit https://errors.pydantic.dev/2.12/v/model_type
inline_keyboard.6.9
  Input should be a valid dictionary or instance of InlineKeyboardButton [type=model_type, input_value=('switch_inline_query_chosen_chat', None), input_type=tuple]
    For further information visit https://errors.pydantic.dev/2.12/v/model_type
inline_keyboard.6.10
  Input should be a valid dictionary or instance of InlineKeyboardButton [type=model_type, input_value=('copy_text', None), input_type=tuple]
    For further information visit https://errors.pydantic.dev/2.12/v/model_type
inline_keyboard.6.11
  Input should be a valid dictionary or instance of InlineKeyboardButton [type=model_type, input_value=('callback_game', None), input_type=tuple]
    For further information visit https://errors.pydantic.dev/2.12/v/model_type
inline_keyboard.6.12
  Input should be a valid dictionary or instance of InlineKeyboardButton [type=model_type, input_value=('pay', None), input_type=tuple]
    For further information visit https://errors.pydantic.dev/2.12/v/model_type
Traceback (most recent call last):
  File "/media/icarus112/SharedUbuntuWin/python/projects/VisitAI/.venv/lib/python3.12/site-packages/aiogram/dispatcher/dispatcher.py", line 320, in _process_update
    response = await self.feed_update(bot, update, **kwargs)
               ^^^^^^^^^^^^^^^^^^^^^^^^^^^^^^^^^^^^^^^^^^^^^
  File "/media/icarus112/SharedUbuntuWin/python/projects/VisitAI/.venv/lib/python3.12/site-packages/aiogram/dispatcher/dispatcher.py", line 164, in feed_update
    response = await self.update.wrap_outer_middleware(
               ^^^^^^^^^^^^^^^^^^^^^^^^^^^^^^^^^^^^^^^^
  File "/media/icarus112/SharedUbuntuWin/python/projects/VisitAI/.venv/lib/python3.12/site-packages/aiogram/dispatcher/middlewares/error.py", line 27, in __call__
    return await handler(event, data)
           ^^^^^^^^^^^^^^^^^^^^^^^^^^
  File "/media/icarus112/SharedUbuntuWin/python/projects/VisitAI/.venv/lib/python3.12/site-packages/aiogram/dispatcher/middlewares/user_context.py", line 58, in __call__
    return await handler(event, data)
           ^^^^^^^^^^^^^^^^^^^^^^^^^^
  File "/media/icarus112/SharedUbuntuWin/python/projects/VisitAI/.venv/lib/python3.12/site-packages/aiogram/fsm/middleware.py", line 43, in __call__
    return await handler(event, data)
           ^^^^^^^^^^^^^^^^^^^^^^^^^^
  File "/media/icarus112/SharedUbuntuWin/python/projects/VisitAI/.venv/lib/python3.12/site-packages/aiogram/dispatcher/event/telegram.py", line 126, in trigger
    return await wrapped_inner(event, kwargs)
           ^^^^^^^^^^^^^^^^^^^^^^^^^^^^^^^^^^
  File "/media/icarus112/SharedUbuntuWin/python/projects/VisitAI/.venv/lib/python3.12/site-packages/aiogram/dispatcher/event/handler.py", line 71, in call
    return await wrapped()
           ^^^^^^^^^^^^^^^
  File "/media/icarus112/SharedUbuntuWin/python/projects/VisitAI/.venv/lib/python3.12/site-packages/aiogram/dispatcher/dispatcher.py", line 283, in _listen_update
    return await self.propagate_event(update_type=update_type, event=event, **kwargs)
           ^^^^^^^^^^^^^^^^^^^^^^^^^^^^^^^^^^^^^^^^^^^^^^^^^^^^^^^^^^^^^^^^^^^^^^^^^^
  File "/media/icarus112/SharedUbuntuWin/python/projects/VisitAI/.venv/lib/python3.12/site-packages/aiogram/dispatcher/router.py", line 163, in propagate_event
    return await observer.wrap_outer_middleware(_wrapped, event=event, data=kwargs)
           ^^^^^^^^^^^^^^^^^^^^^^^^^^^^^^^^^^^^^^^^^^^^^^^^^^^^^^^^^^^^^^^^^^^^^^^^
  File "/media/icarus112/SharedUbuntuWin/python/projects/VisitAI/app/core/middlewares.py", line 54, in __call__
    result = await handler(event, data)
             ^^^^^^^^^^^^^^^^^^^^^^^^^^
  File "/media/icarus112/SharedUbuntuWin/python/projects/VisitAI/.venv/lib/python3.12/site-packages/aiogram/dispatcher/router.py", line 155, in _wrapped
    return await self._propagate_event(
           ^^^^^^^^^^^^^^^^^^^^^^^^^^^^
  File "/media/icarus112/SharedUbuntuWin/python/projects/VisitAI/.venv/lib/python3.12/site-packages/aiogram/dispatcher/router.py", line 191, in _propagate_event
    response = await router.propagate_event(update_type=update_type, event=event, **kwargs)
               ^^^^^^^^^^^^^^^^^^^^^^^^^^^^^^^^^^^^^^^^^^^^^^^^^^^^^^^^^^^^^^^^^^^^^^^^^^^^
  File "/media/icarus112/SharedUbuntuWin/python/projects/VisitAI/.venv/lib/python3.12/site-packages/aiogram/dispatcher/router.py", line 163, in propagate_event
    return await observer.wrap_outer_middleware(_wrapped, event=event, data=kwargs)
           ^^^^^^^^^^^^^^^^^^^^^^^^^^^^^^^^^^^^^^^^^^^^^^^^^^^^^^^^^^^^^^^^^^^^^^^^
  File "/media/icarus112/SharedUbuntuWin/python/projects/VisitAI/.venv/lib/python3.12/site-packages/aiogram/dispatcher/router.py", line 155, in _wrapped
    return await self._propagate_event(
           ^^^^^^^^^^^^^^^^^^^^^^^^^^^^
  File "/media/icarus112/SharedUbuntuWin/python/projects/VisitAI/.venv/lib/python3.12/site-packages/aiogram/dispatcher/router.py", line 191, in _propagate_event
    response = await router.propagate_event(update_type=update_type, event=event, **kwargs)
               ^^^^^^^^^^^^^^^^^^^^^^^^^^^^^^^^^^^^^^^^^^^^^^^^^^^^^^^^^^^^^^^^^^^^^^^^^^^^
  File "/media/icarus112/SharedUbuntuWin/python/projects/VisitAI/.venv/lib/python3.12/site-packages/aiogram/dispatcher/router.py", line 163, in propagate_event
    return await observer.wrap_outer_middleware(_wrapped, event=event, data=kwargs)
           ^^^^^^^^^^^^^^^^^^^^^^^^^^^^^^^^^^^^^^^^^^^^^^^^^^^^^^^^^^^^^^^^^^^^^^^^
  File "/media/icarus112/SharedUbuntuWin/python/projects/VisitAI/.venv/lib/python3.12/site-packages/aiogram/dispatcher/router.py", line 155, in _wrapped
    return await self._propagate_event(
           ^^^^^^^^^^^^^^^^^^^^^^^^^^^^
  File "/media/icarus112/SharedUbuntuWin/python/projects/VisitAI/.venv/lib/python3.12/site-packages/aiogram/dispatcher/router.py", line 183, in _propagate_event
    response = await observer.trigger(event, **kwargs)
               ^^^^^^^^^^^^^^^^^^^^^^^^^^^^^^^^^^^^^^^
  File "/media/icarus112/SharedUbuntuWin/python/projects/VisitAI/.venv/lib/python3.12/site-packages/aiogram/dispatcher/event/telegram.py", line 126, in trigger
    return await wrapped_inner(event, kwargs)
           ^^^^^^^^^^^^^^^^^^^^^^^^^^^^^^^^^^
  File "/media/icarus112/SharedUbuntuWin/python/projects/VisitAI/.venv/lib/python3.12/site-packages/aiogram/dispatcher/event/handler.py", line 71, in call
    return await wrapped()
           ^^^^^^^^^^^^^^^
  File "/media/icarus112/SharedUbuntuWin/python/projects/VisitAI/app/handlers/record.py", line 345, in open_ct
    reply_markup=kb.ct_page_kb(cts, page, total_pages)
                 ^^^^^^^^^^^^^^^^^^^^^^^^^^^^^^^^^^^^^
  File "/media/icarus112/SharedUbuntuWin/python/projects/VisitAI/app/core/keyboards.py", line 159, in ct_page_kb
    return InlineKeyboardMarkup(inline_keyboard=buttons)
           ^^^^^^^^^^^^^^^^^^^^^^^^^^^^^^^^^^^^^^^^^^^^^
  File "/media/icarus112/SharedUbuntuWin/python/projects/VisitAI/.venv/lib/python3.12/site-packages/pydantic/main.py", line 250, in __init__
    validated_self = self.__pydantic_validator__.validate_python(data, self_instance=self)
                     ^^^^^^^^^^^^^^^^^^^^^^^^^^^^^^^^^^^^^^^^^^^^^^^^^^^^^^^^^^^^^^^^^^^^^
pydantic_core._pydantic_core.ValidationError: 13 validation errors for InlineKeyboardMarkup
inline_keyboard.6.0
  Input should be a valid dictionary or instance of InlineKeyboardButton [type=model_type, input_value=('text', '☰ Главное меню'), input_type=tuple]
    For further information visit https://errors.pydantic.dev/2.12/v/model_type
inline_keyboard.6.1
  Input should be a valid dictionary or instance of InlineKeyboardButton [type=model_type, input_value=('icon_custom_emoji_id', None), input_type=tuple]
    For further information visit https://errors.pydantic.dev/2.12/v/model_type
inline_keyboard.6.2
  Input should be a valid dictionary or instance of InlineKeyboardButton [type=model_type, input_value=('style', None), input_type=tuple]
    For further information visit https://errors.pydantic.dev/2.12/v/model_type
inline_keyboard.6.3
  Input should be a valid dictionary or instance of InlineKeyboardButton [type=model_type, input_value=('url', None), input_type=tuple]
    For further information visit https://errors.pydantic.dev/2.12/v/model_type
inline_keyboard.6.4
  Input should be a valid dictionary or instance of InlineKeyboardButton [type=model_type, input_value=('callback_data', 'to_main'), input_type=tuple]
    For further information visit https://errors.pydantic.dev/2.12/v/model_type
inline_keyboard.6.5
  Input should be a valid dictionary or instance of InlineKeyboardButton [type=model_type, input_value=('web_app', None), input_type=tuple]
    For further information visit https://errors.pydantic.dev/2.12/v/model_type
inline_keyboard.6.6
  Input should be a valid dictionary or instance of InlineKeyboardButton [type=model_type, input_value=('login_url', None), input_type=tuple]
    For further information visit https://errors.pydantic.dev/2.12/v/model_type
inline_keyboard.6.7
  Input should be a valid dictionary or instance of InlineKeyboardButton [type=model_type, input_value=('switch_inline_query', None), input_type=tuple]
    For further information visit https://errors.pydantic.dev/2.12/v/model_type
inline_keyboard.6.8
  Input should be a valid dictionary or instance of InlineKeyboardButton [type=model_type, input_value=('switch_inline_query_current_chat', None), input_type=tuple]
    For further information visit https://errors.pydantic.dev/2.12/v/model_type
inline_keyboard.6.9
  Input should be a valid dictionary or instance of InlineKeyboardButton [type=model_type, input_value=('switch_inline_query_chosen_chat', None), input_type=tuple]
    For further information visit https://errors.pydantic.dev/2.12/v/model_type
inline_keyboard.6.10
  Input should be a valid dictionary or instance of InlineKeyboardButton [type=model_type, input_value=('copy_text', None), input_type=tuple]
    For further information visit https://errors.pydantic.dev/2.12/v/model_type
inline_keyboard.6.11
  Input should be a valid dictionary or instance of InlineKeyboardButton [type=model_type, input_value=('callback_game', None), input_type=tuple]
    For further information visit https://errors.pydantic.dev/2.12/v/model_type
inline_keyboard.6.12
  Input should be a valid dictionary or instance of InlineKeyboardButton [type=model_type, input_value=('pay', None), input_type=tuple]
    For further information visit https://errors.pydantic.dev/2.12/v/model_type
2026-06-16 20:56:00,202 | ERROR | app.handlers.record | can't create booking tg_id=6480514308, ct_id=4, date_str: date_str=2026-06-13,time_str=14 00, e: Дата и время не должно быть в прошлом времени
Traceback (most recent call last):
  File "/media/icarus112/SharedUbuntuWin/python/projects/VisitAI/app/handlers/record.py", line 248, in send_booking_request
    result = await bk_sv.create_booking(
             ^^^^^^^^^^^^^^^^^^^^^^^^^^^
  File "/media/icarus112/SharedUbuntuWin/python/projects/VisitAI/app/service/booking.py", line 49, in create_booking
    raise ValueError("Дата и время не должно быть в прошлом времени")
ValueError: Дата и время не должно быть в прошлом времени
2026-06-16 20:57:11,835 | ERROR | aiogram.event | Cause exception while process update id=78298959 by bot id=8635000285
TypeError: ai_create_bk() takes 5 positional arguments but 7 were given
Traceback (most recent call last):
  File "/media/icarus112/SharedUbuntuWin/python/projects/VisitAI/.venv/lib/python3.12/site-packages/aiogram/dispatcher/dispatcher.py", line 320, in _process_update
    response = await self.feed_update(bot, update, **kwargs)
               ^^^^^^^^^^^^^^^^^^^^^^^^^^^^^^^^^^^^^^^^^^^^^
  File "/media/icarus112/SharedUbuntuWin/python/projects/VisitAI/.venv/lib/python3.12/site-packages/aiogram/dispatcher/dispatcher.py", line 164, in feed_update
    response = await self.update.wrap_outer_middleware(
               ^^^^^^^^^^^^^^^^^^^^^^^^^^^^^^^^^^^^^^^^
  File "/media/icarus112/SharedUbuntuWin/python/projects/VisitAI/.venv/lib/python3.12/site-packages/aiogram/dispatcher/middlewares/error.py", line 27, in __call__
    return await handler(event, data)
           ^^^^^^^^^^^^^^^^^^^^^^^^^^
  File "/media/icarus112/SharedUbuntuWin/python/projects/VisitAI/.venv/lib/python3.12/site-packages/aiogram/dispatcher/middlewares/user_context.py", line 58, in __call__
    return await handler(event, data)
           ^^^^^^^^^^^^^^^^^^^^^^^^^^
  File "/media/icarus112/SharedUbuntuWin/python/projects/VisitAI/.venv/lib/python3.12/site-packages/aiogram/fsm/middleware.py", line 43, in __call__
    return await handler(event, data)
           ^^^^^^^^^^^^^^^^^^^^^^^^^^
  File "/media/icarus112/SharedUbuntuWin/python/projects/VisitAI/.venv/lib/python3.12/site-packages/aiogram/dispatcher/event/telegram.py", line 126, in trigger
    return await wrapped_inner(event, kwargs)
           ^^^^^^^^^^^^^^^^^^^^^^^^^^^^^^^^^^
  File "/media/icarus112/SharedUbuntuWin/python/projects/VisitAI/.venv/lib/python3.12/site-packages/aiogram/dispatcher/event/handler.py", line 71, in call
    return await wrapped()
           ^^^^^^^^^^^^^^^
  File "/media/icarus112/SharedUbuntuWin/python/projects/VisitAI/.venv/lib/python3.12/site-packages/aiogram/dispatcher/dispatcher.py", line 283, in _listen_update
    return await self.propagate_event(update_type=update_type, event=event, **kwargs)
           ^^^^^^^^^^^^^^^^^^^^^^^^^^^^^^^^^^^^^^^^^^^^^^^^^^^^^^^^^^^^^^^^^^^^^^^^^^
  File "/media/icarus112/SharedUbuntuWin/python/projects/VisitAI/.venv/lib/python3.12/site-packages/aiogram/dispatcher/router.py", line 163, in propagate_event
    return await observer.wrap_outer_middleware(_wrapped, event=event, data=kwargs)
           ^^^^^^^^^^^^^^^^^^^^^^^^^^^^^^^^^^^^^^^^^^^^^^^^^^^^^^^^^^^^^^^^^^^^^^^^
  File "/media/icarus112/SharedUbuntuWin/python/projects/VisitAI/app/core/middlewares.py", line 54, in __call__
    result = await handler(event, data)
             ^^^^^^^^^^^^^^^^^^^^^^^^^^
  File "/media/icarus112/SharedUbuntuWin/python/projects/VisitAI/.venv/lib/python3.12/site-packages/aiogram/dispatcher/router.py", line 155, in _wrapped
    return await self._propagate_event(
           ^^^^^^^^^^^^^^^^^^^^^^^^^^^^
  File "/media/icarus112/SharedUbuntuWin/python/projects/VisitAI/.venv/lib/python3.12/site-packages/aiogram/dispatcher/router.py", line 191, in _propagate_event
    response = await router.propagate_event(update_type=update_type, event=event, **kwargs)
               ^^^^^^^^^^^^^^^^^^^^^^^^^^^^^^^^^^^^^^^^^^^^^^^^^^^^^^^^^^^^^^^^^^^^^^^^^^^^
  File "/media/icarus112/SharedUbuntuWin/python/projects/VisitAI/.venv/lib/python3.12/site-packages/aiogram/dispatcher/router.py", line 163, in propagate_event
    return await observer.wrap_outer_middleware(_wrapped, event=event, data=kwargs)
           ^^^^^^^^^^^^^^^^^^^^^^^^^^^^^^^^^^^^^^^^^^^^^^^^^^^^^^^^^^^^^^^^^^^^^^^^
  File "/media/icarus112/SharedUbuntuWin/python/projects/VisitAI/.venv/lib/python3.12/site-packages/aiogram/dispatcher/router.py", line 155, in _wrapped
    return await self._propagate_event(
           ^^^^^^^^^^^^^^^^^^^^^^^^^^^^
  File "/media/icarus112/SharedUbuntuWin/python/projects/VisitAI/.venv/lib/python3.12/site-packages/aiogram/dispatcher/router.py", line 191, in _propagate_event
    response = await router.propagate_event(update_type=update_type, event=event, **kwargs)
               ^^^^^^^^^^^^^^^^^^^^^^^^^^^^^^^^^^^^^^^^^^^^^^^^^^^^^^^^^^^^^^^^^^^^^^^^^^^^
  File "/media/icarus112/SharedUbuntuWin/python/projects/VisitAI/.venv/lib/python3.12/site-packages/aiogram/dispatcher/router.py", line 163, in propagate_event
    return await observer.wrap_outer_middleware(_wrapped, event=event, data=kwargs)
           ^^^^^^^^^^^^^^^^^^^^^^^^^^^^^^^^^^^^^^^^^^^^^^^^^^^^^^^^^^^^^^^^^^^^^^^^
  File "/media/icarus112/SharedUbuntuWin/python/projects/VisitAI/.venv/lib/python3.12/site-packages/aiogram/dispatcher/router.py", line 155, in _wrapped
    return await self._propagate_event(
           ^^^^^^^^^^^^^^^^^^^^^^^^^^^^
  File "/media/icarus112/SharedUbuntuWin/python/projects/VisitAI/.venv/lib/python3.12/site-packages/aiogram/dispatcher/router.py", line 183, in _propagate_event
    response = await observer.trigger(event, **kwargs)
               ^^^^^^^^^^^^^^^^^^^^^^^^^^^^^^^^^^^^^^^
  File "/media/icarus112/SharedUbuntuWin/python/projects/VisitAI/.venv/lib/python3.12/site-packages/aiogram/dispatcher/event/telegram.py", line 126, in trigger
    return await wrapped_inner(event, kwargs)
           ^^^^^^^^^^^^^^^^^^^^^^^^^^^^^^^^^^
  File "/media/icarus112/SharedUbuntuWin/python/projects/VisitAI/.venv/lib/python3.12/site-packages/aiogram/dispatcher/event/handler.py", line 71, in call
    return await wrapped()
           ^^^^^^^^^^^^^^^
  File "/media/icarus112/SharedUbuntuWin/python/projects/VisitAI/app/handlers/ai_user.py", line 153, in ai_record_handler
    await ai_create_bk(message, state, result,
          ^^^^^^^^^^^^^^^^^^^^^^^^^^^^^^^^^^^^
TypeError: ai_create_bk() takes 5 positional arguments but 7 were given
2026-06-16 21:02:04,732 | ERROR | aiogram.event | Cause exception while process update id=78298966 by bot id=8635000285
TypeError: ai_create_bk() takes 5 positional arguments but 7 were given
Traceback (most recent call last):
  File "/media/icarus112/SharedUbuntuWin/python/projects/VisitAI/.venv/lib/python3.12/site-packages/aiogram/dispatcher/dispatcher.py", line 320, in _process_update
    response = await self.feed_update(bot, update, **kwargs)
               ^^^^^^^^^^^^^^^^^^^^^^^^^^^^^^^^^^^^^^^^^^^^^
  File "/media/icarus112/SharedUbuntuWin/python/projects/VisitAI/.venv/lib/python3.12/site-packages/aiogram/dispatcher/dispatcher.py", line 164, in feed_update
    response = await self.update.wrap_outer_middleware(
               ^^^^^^^^^^^^^^^^^^^^^^^^^^^^^^^^^^^^^^^^
  File "/media/icarus112/SharedUbuntuWin/python/projects/VisitAI/.venv/lib/python3.12/site-packages/aiogram/dispatcher/middlewares/error.py", line 27, in __call__
    return await handler(event, data)
           ^^^^^^^^^^^^^^^^^^^^^^^^^^
  File "/media/icarus112/SharedUbuntuWin/python/projects/VisitAI/.venv/lib/python3.12/site-packages/aiogram/dispatcher/middlewares/user_context.py", line 58, in __call__
    return await handler(event, data)
           ^^^^^^^^^^^^^^^^^^^^^^^^^^
  File "/media/icarus112/SharedUbuntuWin/python/projects/VisitAI/.venv/lib/python3.12/site-packages/aiogram/fsm/middleware.py", line 43, in __call__
    return await handler(event, data)
           ^^^^^^^^^^^^^^^^^^^^^^^^^^
  File "/media/icarus112/SharedUbuntuWin/python/projects/VisitAI/.venv/lib/python3.12/site-packages/aiogram/dispatcher/event/telegram.py", line 126, in trigger
    return await wrapped_inner(event, kwargs)
           ^^^^^^^^^^^^^^^^^^^^^^^^^^^^^^^^^^
  File "/media/icarus112/SharedUbuntuWin/python/projects/VisitAI/.venv/lib/python3.12/site-packages/aiogram/dispatcher/event/handler.py", line 71, in call
    return await wrapped()
           ^^^^^^^^^^^^^^^
  File "/media/icarus112/SharedUbuntuWin/python/projects/VisitAI/.venv/lib/python3.12/site-packages/aiogram/dispatcher/dispatcher.py", line 283, in _listen_update
    return await self.propagate_event(update_type=update_type, event=event, **kwargs)
           ^^^^^^^^^^^^^^^^^^^^^^^^^^^^^^^^^^^^^^^^^^^^^^^^^^^^^^^^^^^^^^^^^^^^^^^^^^
  File "/media/icarus112/SharedUbuntuWin/python/projects/VisitAI/.venv/lib/python3.12/site-packages/aiogram/dispatcher/router.py", line 163, in propagate_event
    return await observer.wrap_outer_middleware(_wrapped, event=event, data=kwargs)
           ^^^^^^^^^^^^^^^^^^^^^^^^^^^^^^^^^^^^^^^^^^^^^^^^^^^^^^^^^^^^^^^^^^^^^^^^
  File "/media/icarus112/SharedUbuntuWin/python/projects/VisitAI/app/core/middlewares.py", line 54, in __call__
    result = await handler(event, data)
             ^^^^^^^^^^^^^^^^^^^^^^^^^^
  File "/media/icarus112/SharedUbuntuWin/python/projects/VisitAI/.venv/lib/python3.12/site-packages/aiogram/dispatcher/router.py", line 155, in _wrapped
    return await self._propagate_event(
           ^^^^^^^^^^^^^^^^^^^^^^^^^^^^
  File "/media/icarus112/SharedUbuntuWin/python/projects/VisitAI/.venv/lib/python3.12/site-packages/aiogram/dispatcher/router.py", line 191, in _propagate_event
    response = await router.propagate_event(update_type=update_type, event=event, **kwargs)
               ^^^^^^^^^^^^^^^^^^^^^^^^^^^^^^^^^^^^^^^^^^^^^^^^^^^^^^^^^^^^^^^^^^^^^^^^^^^^
  File "/media/icarus112/SharedUbuntuWin/python/projects/VisitAI/.venv/lib/python3.12/site-packages/aiogram/dispatcher/router.py", line 163, in propagate_event
    return await observer.wrap_outer_middleware(_wrapped, event=event, data=kwargs)
           ^^^^^^^^^^^^^^^^^^^^^^^^^^^^^^^^^^^^^^^^^^^^^^^^^^^^^^^^^^^^^^^^^^^^^^^^
  File "/media/icarus112/SharedUbuntuWin/python/projects/VisitAI/.venv/lib/python3.12/site-packages/aiogram/dispatcher/router.py", line 155, in _wrapped
    return await self._propagate_event(
           ^^^^^^^^^^^^^^^^^^^^^^^^^^^^
  File "/media/icarus112/SharedUbuntuWin/python/projects/VisitAI/.venv/lib/python3.12/site-packages/aiogram/dispatcher/router.py", line 191, in _propagate_event
    response = await router.propagate_event(update_type=update_type, event=event, **kwargs)
               ^^^^^^^^^^^^^^^^^^^^^^^^^^^^^^^^^^^^^^^^^^^^^^^^^^^^^^^^^^^^^^^^^^^^^^^^^^^^
  File "/media/icarus112/SharedUbuntuWin/python/projects/VisitAI/.venv/lib/python3.12/site-packages/aiogram/dispatcher/router.py", line 163, in propagate_event
    return await observer.wrap_outer_middleware(_wrapped, event=event, data=kwargs)
           ^^^^^^^^^^^^^^^^^^^^^^^^^^^^^^^^^^^^^^^^^^^^^^^^^^^^^^^^^^^^^^^^^^^^^^^^
  File "/media/icarus112/SharedUbuntuWin/python/projects/VisitAI/.venv/lib/python3.12/site-packages/aiogram/dispatcher/router.py", line 155, in _wrapped
    return await self._propagate_event(
           ^^^^^^^^^^^^^^^^^^^^^^^^^^^^
  File "/media/icarus112/SharedUbuntuWin/python/projects/VisitAI/.venv/lib/python3.12/site-packages/aiogram/dispatcher/router.py", line 183, in _propagate_event
    response = await observer.trigger(event, **kwargs)
               ^^^^^^^^^^^^^^^^^^^^^^^^^^^^^^^^^^^^^^^
  File "/media/icarus112/SharedUbuntuWin/python/projects/VisitAI/.venv/lib/python3.12/site-packages/aiogram/dispatcher/event/telegram.py", line 126, in trigger
    return await wrapped_inner(event, kwargs)
           ^^^^^^^^^^^^^^^^^^^^^^^^^^^^^^^^^^
  File "/media/icarus112/SharedUbuntuWin/python/projects/VisitAI/.venv/lib/python3.12/site-packages/aiogram/dispatcher/event/handler.py", line 71, in call
    return await wrapped()
           ^^^^^^^^^^^^^^^
  File "/media/icarus112/SharedUbuntuWin/python/projects/VisitAI/app/handlers/ai_user.py", line 153, in ai_record_handler
    await ai_create_bk(message, state, result,
          ^^^^^^^^^^^^^^^^^^^^^^^^^^^^^^^^^^^^
TypeError: ai_create_bk() takes 5 positional arguments but 7 were given
2026-06-17 13:23:09,054 | ERROR | aiogram.event | Cause exception while process update id=78298988 by bot id=8635000285
TypeError: remove_bk() missing 1 required positional argument: 'ct_rp'
Traceback (most recent call last):
  File "/media/icarus112/SharedUbuntuWin/python/projects/VisitAI/.venv/lib/python3.12/site-packages/aiogram/dispatcher/dispatcher.py", line 320, in _process_update
    response = await self.feed_update(bot, update, **kwargs)
               ^^^^^^^^^^^^^^^^^^^^^^^^^^^^^^^^^^^^^^^^^^^^^
  File "/media/icarus112/SharedUbuntuWin/python/projects/VisitAI/.venv/lib/python3.12/site-packages/aiogram/dispatcher/dispatcher.py", line 164, in feed_update
    response = await self.update.wrap_outer_middleware(
               ^^^^^^^^^^^^^^^^^^^^^^^^^^^^^^^^^^^^^^^^
  File "/media/icarus112/SharedUbuntuWin/python/projects/VisitAI/.venv/lib/python3.12/site-packages/aiogram/dispatcher/middlewares/error.py", line 27, in __call__
    return await handler(event, data)
           ^^^^^^^^^^^^^^^^^^^^^^^^^^
  File "/media/icarus112/SharedUbuntuWin/python/projects/VisitAI/.venv/lib/python3.12/site-packages/aiogram/dispatcher/middlewares/user_context.py", line 58, in __call__
    return await handler(event, data)
           ^^^^^^^^^^^^^^^^^^^^^^^^^^
  File "/media/icarus112/SharedUbuntuWin/python/projects/VisitAI/.venv/lib/python3.12/site-packages/aiogram/fsm/middleware.py", line 43, in __call__
    return await handler(event, data)
           ^^^^^^^^^^^^^^^^^^^^^^^^^^
  File "/media/icarus112/SharedUbuntuWin/python/projects/VisitAI/.venv/lib/python3.12/site-packages/aiogram/dispatcher/event/telegram.py", line 126, in trigger
    return await wrapped_inner(event, kwargs)
           ^^^^^^^^^^^^^^^^^^^^^^^^^^^^^^^^^^
  File "/media/icarus112/SharedUbuntuWin/python/projects/VisitAI/.venv/lib/python3.12/site-packages/aiogram/dispatcher/event/handler.py", line 71, in call
    return await wrapped()
           ^^^^^^^^^^^^^^^
  File "/media/icarus112/SharedUbuntuWin/python/projects/VisitAI/.venv/lib/python3.12/site-packages/aiogram/dispatcher/dispatcher.py", line 283, in _listen_update
    return await self.propagate_event(update_type=update_type, event=event, **kwargs)
           ^^^^^^^^^^^^^^^^^^^^^^^^^^^^^^^^^^^^^^^^^^^^^^^^^^^^^^^^^^^^^^^^^^^^^^^^^^
  File "/media/icarus112/SharedUbuntuWin/python/projects/VisitAI/.venv/lib/python3.12/site-packages/aiogram/dispatcher/router.py", line 163, in propagate_event
    return await observer.wrap_outer_middleware(_wrapped, event=event, data=kwargs)
           ^^^^^^^^^^^^^^^^^^^^^^^^^^^^^^^^^^^^^^^^^^^^^^^^^^^^^^^^^^^^^^^^^^^^^^^^
  File "/media/icarus112/SharedUbuntuWin/python/projects/VisitAI/app/core/middlewares.py", line 54, in __call__
    result = await handler(event, data)
             ^^^^^^^^^^^^^^^^^^^^^^^^^^
  File "/media/icarus112/SharedUbuntuWin/python/projects/VisitAI/.venv/lib/python3.12/site-packages/aiogram/dispatcher/router.py", line 155, in _wrapped
    return await self._propagate_event(
           ^^^^^^^^^^^^^^^^^^^^^^^^^^^^
  File "/media/icarus112/SharedUbuntuWin/python/projects/VisitAI/.venv/lib/python3.12/site-packages/aiogram/dispatcher/router.py", line 191, in _propagate_event
    response = await router.propagate_event(update_type=update_type, event=event, **kwargs)
               ^^^^^^^^^^^^^^^^^^^^^^^^^^^^^^^^^^^^^^^^^^^^^^^^^^^^^^^^^^^^^^^^^^^^^^^^^^^^
  File "/media/icarus112/SharedUbuntuWin/python/projects/VisitAI/.venv/lib/python3.12/site-packages/aiogram/dispatcher/router.py", line 163, in propagate_event
    return await observer.wrap_outer_middleware(_wrapped, event=event, data=kwargs)
           ^^^^^^^^^^^^^^^^^^^^^^^^^^^^^^^^^^^^^^^^^^^^^^^^^^^^^^^^^^^^^^^^^^^^^^^^
  File "/media/icarus112/SharedUbuntuWin/python/projects/VisitAI/.venv/lib/python3.12/site-packages/aiogram/dispatcher/router.py", line 155, in _wrapped
    return await self._propagate_event(
           ^^^^^^^^^^^^^^^^^^^^^^^^^^^^
  File "/media/icarus112/SharedUbuntuWin/python/projects/VisitAI/.venv/lib/python3.12/site-packages/aiogram/dispatcher/router.py", line 191, in _propagate_event
    response = await router.propagate_event(update_type=update_type, event=event, **kwargs)
               ^^^^^^^^^^^^^^^^^^^^^^^^^^^^^^^^^^^^^^^^^^^^^^^^^^^^^^^^^^^^^^^^^^^^^^^^^^^^
  File "/media/icarus112/SharedUbuntuWin/python/projects/VisitAI/.venv/lib/python3.12/site-packages/aiogram/dispatcher/router.py", line 163, in propagate_event
    return await observer.wrap_outer_middleware(_wrapped, event=event, data=kwargs)
           ^^^^^^^^^^^^^^^^^^^^^^^^^^^^^^^^^^^^^^^^^^^^^^^^^^^^^^^^^^^^^^^^^^^^^^^^
  File "/media/icarus112/SharedUbuntuWin/python/projects/VisitAI/.venv/lib/python3.12/site-packages/aiogram/dispatcher/router.py", line 155, in _wrapped
    return await self._propagate_event(
           ^^^^^^^^^^^^^^^^^^^^^^^^^^^^
  File "/media/icarus112/SharedUbuntuWin/python/projects/VisitAI/.venv/lib/python3.12/site-packages/aiogram/dispatcher/router.py", line 183, in _propagate_event
    response = await observer.trigger(event, **kwargs)
               ^^^^^^^^^^^^^^^^^^^^^^^^^^^^^^^^^^^^^^^
  File "/media/icarus112/SharedUbuntuWin/python/projects/VisitAI/.venv/lib/python3.12/site-packages/aiogram/dispatcher/event/telegram.py", line 126, in trigger
    return await wrapped_inner(event, kwargs)
           ^^^^^^^^^^^^^^^^^^^^^^^^^^^^^^^^^^
  File "/media/icarus112/SharedUbuntuWin/python/projects/VisitAI/.venv/lib/python3.12/site-packages/aiogram/dispatcher/event/handler.py", line 71, in call
    return await wrapped()
                 ^^^^^^^^^
TypeError: remove_bk() missing 1 required positional argument: 'ct_rp'
2026-06-17 13:25:40,192 | ERROR | app.handlers.record | Failed to open booking delete page: tg_id=6480514308 user_id=1 text='❗ Удалить'
Traceback (most recent call last):
  File "/media/icarus112/SharedUbuntuWin/python/projects/VisitAI/app/handlers/record.py", line 410, in remove_bk
    bk, page, total = await bk_sv.page_data(page=0)
                      ^^^^^^^^^^^^^^^^^^^^^^^^^^^^^
  File "/media/icarus112/SharedUbuntuWin/python/projects/VisitAI/app/service/booking.py", line 103, in page_data
    bk = await self.bk_rp.page_data(page)
               ^^^^^^^^^^^^^^^^^^^^
AttributeError: 'BookingRepos' object has no attribute 'page_data'
2026-06-17 13:25:40,926 | ERROR | aiogram.event | Cause exception while process update id=78298989 by bot id=8635000285
AttributeError: 'BookingRepos' object has no attribute 'page_data'
Traceback (most recent call last):
  File "/media/icarus112/SharedUbuntuWin/python/projects/VisitAI/.venv/lib/python3.12/site-packages/aiogram/dispatcher/dispatcher.py", line 320, in _process_update
    response = await self.feed_update(bot, update, **kwargs)
               ^^^^^^^^^^^^^^^^^^^^^^^^^^^^^^^^^^^^^^^^^^^^^
  File "/media/icarus112/SharedUbuntuWin/python/projects/VisitAI/.venv/lib/python3.12/site-packages/aiogram/dispatcher/dispatcher.py", line 164, in feed_update
    response = await self.update.wrap_outer_middleware(
               ^^^^^^^^^^^^^^^^^^^^^^^^^^^^^^^^^^^^^^^^
  File "/media/icarus112/SharedUbuntuWin/python/projects/VisitAI/.venv/lib/python3.12/site-packages/aiogram/dispatcher/middlewares/error.py", line 27, in __call__
    return await handler(event, data)
           ^^^^^^^^^^^^^^^^^^^^^^^^^^
  File "/media/icarus112/SharedUbuntuWin/python/projects/VisitAI/.venv/lib/python3.12/site-packages/aiogram/dispatcher/middlewares/user_context.py", line 58, in __call__
    return await handler(event, data)
           ^^^^^^^^^^^^^^^^^^^^^^^^^^
  File "/media/icarus112/SharedUbuntuWin/python/projects/VisitAI/.venv/lib/python3.12/site-packages/aiogram/fsm/middleware.py", line 43, in __call__
    return await handler(event, data)
           ^^^^^^^^^^^^^^^^^^^^^^^^^^
  File "/media/icarus112/SharedUbuntuWin/python/projects/VisitAI/.venv/lib/python3.12/site-packages/aiogram/dispatcher/event/telegram.py", line 126, in trigger
    return await wrapped_inner(event, kwargs)
           ^^^^^^^^^^^^^^^^^^^^^^^^^^^^^^^^^^
  File "/media/icarus112/SharedUbuntuWin/python/projects/VisitAI/.venv/lib/python3.12/site-packages/aiogram/dispatcher/event/handler.py", line 71, in call
    return await wrapped()
           ^^^^^^^^^^^^^^^
  File "/media/icarus112/SharedUbuntuWin/python/projects/VisitAI/.venv/lib/python3.12/site-packages/aiogram/dispatcher/dispatcher.py", line 283, in _listen_update
    return await self.propagate_event(update_type=update_type, event=event, **kwargs)
           ^^^^^^^^^^^^^^^^^^^^^^^^^^^^^^^^^^^^^^^^^^^^^^^^^^^^^^^^^^^^^^^^^^^^^^^^^^
  File "/media/icarus112/SharedUbuntuWin/python/projects/VisitAI/.venv/lib/python3.12/site-packages/aiogram/dispatcher/router.py", line 163, in propagate_event
    return await observer.wrap_outer_middleware(_wrapped, event=event, data=kwargs)
           ^^^^^^^^^^^^^^^^^^^^^^^^^^^^^^^^^^^^^^^^^^^^^^^^^^^^^^^^^^^^^^^^^^^^^^^^
  File "/media/icarus112/SharedUbuntuWin/python/projects/VisitAI/app/core/middlewares.py", line 54, in __call__
    result = await handler(event, data)
             ^^^^^^^^^^^^^^^^^^^^^^^^^^
  File "/media/icarus112/SharedUbuntuWin/python/projects/VisitAI/.venv/lib/python3.12/site-packages/aiogram/dispatcher/router.py", line 155, in _wrapped
    return await self._propagate_event(
           ^^^^^^^^^^^^^^^^^^^^^^^^^^^^
  File "/media/icarus112/SharedUbuntuWin/python/projects/VisitAI/.venv/lib/python3.12/site-packages/aiogram/dispatcher/router.py", line 191, in _propagate_event
    response = await router.propagate_event(update_type=update_type, event=event, **kwargs)
               ^^^^^^^^^^^^^^^^^^^^^^^^^^^^^^^^^^^^^^^^^^^^^^^^^^^^^^^^^^^^^^^^^^^^^^^^^^^^
  File "/media/icarus112/SharedUbuntuWin/python/projects/VisitAI/.venv/lib/python3.12/site-packages/aiogram/dispatcher/router.py", line 163, in propagate_event
    return await observer.wrap_outer_middleware(_wrapped, event=event, data=kwargs)
           ^^^^^^^^^^^^^^^^^^^^^^^^^^^^^^^^^^^^^^^^^^^^^^^^^^^^^^^^^^^^^^^^^^^^^^^^
  File "/media/icarus112/SharedUbuntuWin/python/projects/VisitAI/.venv/lib/python3.12/site-packages/aiogram/dispatcher/router.py", line 155, in _wrapped
    return await self._propagate_event(
           ^^^^^^^^^^^^^^^^^^^^^^^^^^^^
  File "/media/icarus112/SharedUbuntuWin/python/projects/VisitAI/.venv/lib/python3.12/site-packages/aiogram/dispatcher/router.py", line 191, in _propagate_event
    response = await router.propagate_event(update_type=update_type, event=event, **kwargs)
               ^^^^^^^^^^^^^^^^^^^^^^^^^^^^^^^^^^^^^^^^^^^^^^^^^^^^^^^^^^^^^^^^^^^^^^^^^^^^
  File "/media/icarus112/SharedUbuntuWin/python/projects/VisitAI/.venv/lib/python3.12/site-packages/aiogram/dispatcher/router.py", line 163, in propagate_event
    return await observer.wrap_outer_middleware(_wrapped, event=event, data=kwargs)
           ^^^^^^^^^^^^^^^^^^^^^^^^^^^^^^^^^^^^^^^^^^^^^^^^^^^^^^^^^^^^^^^^^^^^^^^^
  File "/media/icarus112/SharedUbuntuWin/python/projects/VisitAI/.venv/lib/python3.12/site-packages/aiogram/dispatcher/router.py", line 155, in _wrapped
    return await self._propagate_event(
           ^^^^^^^^^^^^^^^^^^^^^^^^^^^^
  File "/media/icarus112/SharedUbuntuWin/python/projects/VisitAI/.venv/lib/python3.12/site-packages/aiogram/dispatcher/router.py", line 183, in _propagate_event
    response = await observer.trigger(event, **kwargs)
               ^^^^^^^^^^^^^^^^^^^^^^^^^^^^^^^^^^^^^^^
  File "/media/icarus112/SharedUbuntuWin/python/projects/VisitAI/.venv/lib/python3.12/site-packages/aiogram/dispatcher/event/telegram.py", line 126, in trigger
    return await wrapped_inner(event, kwargs)
           ^^^^^^^^^^^^^^^^^^^^^^^^^^^^^^^^^^
  File "/media/icarus112/SharedUbuntuWin/python/projects/VisitAI/.venv/lib/python3.12/site-packages/aiogram/dispatcher/event/handler.py", line 71, in call
    return await wrapped()
           ^^^^^^^^^^^^^^^
  File "/media/icarus112/SharedUbuntuWin/python/projects/VisitAI/app/handlers/record.py", line 410, in remove_bk
    bk, page, total = await bk_sv.page_data(page=0)
                      ^^^^^^^^^^^^^^^^^^^^^^^^^^^^^
  File "/media/icarus112/SharedUbuntuWin/python/projects/VisitAI/app/service/booking.py", line 103, in page_data
    bk = await self.bk_rp.page_data(page)
               ^^^^^^^^^^^^^^^^^^^^
AttributeError: 'BookingRepos' object has no attribute 'page_data'
2026-06-17 16:37:29,610 | ERROR | app.handlers.record | Failed to open booking delete page: tg_id=6480514308 user_id=1 text='❗ Удалить'
Traceback (most recent call last):
  File "/media/icarus112/SharedUbuntuWin/python/projects/VisitAI/app/handlers/record.py", line 410, in remove_bk
    bk, page, total = await bk_sv.page_data(page=0)
                      ^^^^^^^^^^^^^^^^^^^^^^^^^^^^^
  File "/media/icarus112/SharedUbuntuWin/python/projects/VisitAI/app/service/booking.py", line 103, in page_data
    bk = await self.bk_rp.get_bk_page(page)
         ^^^^^^^^^^^^^^^^^^^^^^^^^^^^^^^^^^
  File "/media/icarus112/SharedUbuntuWin/python/projects/VisitAI/app/repository/booking.py", line 54, in get_bk_page
    return result.scalar_one_or_none()
           ^^^^^^^^^^^^^^^^^^^^^^^^^^^
  File "/media/icarus112/SharedUbuntuWin/python/projects/VisitAI/.venv/lib/python3.12/site-packages/sqlalchemy/engine/result.py", line 1514, in scalar_one_or_none
    return self._only_one_row(
           ^^^^^^^^^^^^^^^^^^^
  File "/media/icarus112/SharedUbuntuWin/python/projects/VisitAI/.venv/lib/python3.12/site-packages/sqlalchemy/engine/result.py", line 825, in _only_one_row
    raise exc.MultipleResultsFound(
sqlalchemy.exc.MultipleResultsFound: Multiple rows were found when one or none was required
2026-06-17 16:37:31,969 | ERROR | aiogram.event | Cause exception while process update id=78298991 by bot id=8635000285
MultipleResultsFound: Multiple rows were found when one or none was required
Traceback (most recent call last):
  File "/media/icarus112/SharedUbuntuWin/python/projects/VisitAI/.venv/lib/python3.12/site-packages/aiogram/dispatcher/dispatcher.py", line 320, in _process_update
    response = await self.feed_update(bot, update, **kwargs)
               ^^^^^^^^^^^^^^^^^^^^^^^^^^^^^^^^^^^^^^^^^^^^^
  File "/media/icarus112/SharedUbuntuWin/python/projects/VisitAI/.venv/lib/python3.12/site-packages/aiogram/dispatcher/dispatcher.py", line 164, in feed_update
    response = await self.update.wrap_outer_middleware(
               ^^^^^^^^^^^^^^^^^^^^^^^^^^^^^^^^^^^^^^^^
  File "/media/icarus112/SharedUbuntuWin/python/projects/VisitAI/.venv/lib/python3.12/site-packages/aiogram/dispatcher/middlewares/error.py", line 27, in __call__
    return await handler(event, data)
           ^^^^^^^^^^^^^^^^^^^^^^^^^^
  File "/media/icarus112/SharedUbuntuWin/python/projects/VisitAI/.venv/lib/python3.12/site-packages/aiogram/dispatcher/middlewares/user_context.py", line 58, in __call__
    return await handler(event, data)
           ^^^^^^^^^^^^^^^^^^^^^^^^^^
  File "/media/icarus112/SharedUbuntuWin/python/projects/VisitAI/.venv/lib/python3.12/site-packages/aiogram/fsm/middleware.py", line 43, in __call__
    return await handler(event, data)
           ^^^^^^^^^^^^^^^^^^^^^^^^^^
  File "/media/icarus112/SharedUbuntuWin/python/projects/VisitAI/.venv/lib/python3.12/site-packages/aiogram/dispatcher/event/telegram.py", line 126, in trigger
    return await wrapped_inner(event, kwargs)
           ^^^^^^^^^^^^^^^^^^^^^^^^^^^^^^^^^^
  File "/media/icarus112/SharedUbuntuWin/python/projects/VisitAI/.venv/lib/python3.12/site-packages/aiogram/dispatcher/event/handler.py", line 71, in call
    return await wrapped()
           ^^^^^^^^^^^^^^^
  File "/media/icarus112/SharedUbuntuWin/python/projects/VisitAI/.venv/lib/python3.12/site-packages/aiogram/dispatcher/dispatcher.py", line 283, in _listen_update
    return await self.propagate_event(update_type=update_type, event=event, **kwargs)
           ^^^^^^^^^^^^^^^^^^^^^^^^^^^^^^^^^^^^^^^^^^^^^^^^^^^^^^^^^^^^^^^^^^^^^^^^^^
  File "/media/icarus112/SharedUbuntuWin/python/projects/VisitAI/.venv/lib/python3.12/site-packages/aiogram/dispatcher/router.py", line 163, in propagate_event
    return await observer.wrap_outer_middleware(_wrapped, event=event, data=kwargs)
           ^^^^^^^^^^^^^^^^^^^^^^^^^^^^^^^^^^^^^^^^^^^^^^^^^^^^^^^^^^^^^^^^^^^^^^^^
  File "/media/icarus112/SharedUbuntuWin/python/projects/VisitAI/app/core/middlewares.py", line 54, in __call__
    result = await handler(event, data)
             ^^^^^^^^^^^^^^^^^^^^^^^^^^
  File "/media/icarus112/SharedUbuntuWin/python/projects/VisitAI/.venv/lib/python3.12/site-packages/aiogram/dispatcher/router.py", line 155, in _wrapped
    return await self._propagate_event(
           ^^^^^^^^^^^^^^^^^^^^^^^^^^^^
  File "/media/icarus112/SharedUbuntuWin/python/projects/VisitAI/.venv/lib/python3.12/site-packages/aiogram/dispatcher/router.py", line 191, in _propagate_event
    response = await router.propagate_event(update_type=update_type, event=event, **kwargs)
               ^^^^^^^^^^^^^^^^^^^^^^^^^^^^^^^^^^^^^^^^^^^^^^^^^^^^^^^^^^^^^^^^^^^^^^^^^^^^
  File "/media/icarus112/SharedUbuntuWin/python/projects/VisitAI/.venv/lib/python3.12/site-packages/aiogram/dispatcher/router.py", line 163, in propagate_event
    return await observer.wrap_outer_middleware(_wrapped, event=event, data=kwargs)
           ^^^^^^^^^^^^^^^^^^^^^^^^^^^^^^^^^^^^^^^^^^^^^^^^^^^^^^^^^^^^^^^^^^^^^^^^
  File "/media/icarus112/SharedUbuntuWin/python/projects/VisitAI/.venv/lib/python3.12/site-packages/aiogram/dispatcher/router.py", line 155, in _wrapped
    return await self._propagate_event(
           ^^^^^^^^^^^^^^^^^^^^^^^^^^^^
  File "/media/icarus112/SharedUbuntuWin/python/projects/VisitAI/.venv/lib/python3.12/site-packages/aiogram/dispatcher/router.py", line 191, in _propagate_event
    response = await router.propagate_event(update_type=update_type, event=event, **kwargs)
               ^^^^^^^^^^^^^^^^^^^^^^^^^^^^^^^^^^^^^^^^^^^^^^^^^^^^^^^^^^^^^^^^^^^^^^^^^^^^
  File "/media/icarus112/SharedUbuntuWin/python/projects/VisitAI/.venv/lib/python3.12/site-packages/aiogram/dispatcher/router.py", line 163, in propagate_event
    return await observer.wrap_outer_middleware(_wrapped, event=event, data=kwargs)
           ^^^^^^^^^^^^^^^^^^^^^^^^^^^^^^^^^^^^^^^^^^^^^^^^^^^^^^^^^^^^^^^^^^^^^^^^
  File "/media/icarus112/SharedUbuntuWin/python/projects/VisitAI/.venv/lib/python3.12/site-packages/aiogram/dispatcher/router.py", line 155, in _wrapped
    return await self._propagate_event(
           ^^^^^^^^^^^^^^^^^^^^^^^^^^^^
  File "/media/icarus112/SharedUbuntuWin/python/projects/VisitAI/.venv/lib/python3.12/site-packages/aiogram/dispatcher/router.py", line 183, in _propagate_event
    response = await observer.trigger(event, **kwargs)
               ^^^^^^^^^^^^^^^^^^^^^^^^^^^^^^^^^^^^^^^
  File "/media/icarus112/SharedUbuntuWin/python/projects/VisitAI/.venv/lib/python3.12/site-packages/aiogram/dispatcher/event/telegram.py", line 126, in trigger
    return await wrapped_inner(event, kwargs)
           ^^^^^^^^^^^^^^^^^^^^^^^^^^^^^^^^^^
  File "/media/icarus112/SharedUbuntuWin/python/projects/VisitAI/.venv/lib/python3.12/site-packages/aiogram/dispatcher/event/handler.py", line 71, in call
    return await wrapped()
           ^^^^^^^^^^^^^^^
  File "/media/icarus112/SharedUbuntuWin/python/projects/VisitAI/app/handlers/record.py", line 410, in remove_bk
    bk, page, total = await bk_sv.page_data(page=0)
                      ^^^^^^^^^^^^^^^^^^^^^^^^^^^^^
  File "/media/icarus112/SharedUbuntuWin/python/projects/VisitAI/app/service/booking.py", line 103, in page_data
    bk = await self.bk_rp.get_bk_page(page)
         ^^^^^^^^^^^^^^^^^^^^^^^^^^^^^^^^^^
  File "/media/icarus112/SharedUbuntuWin/python/projects/VisitAI/app/repository/booking.py", line 54, in get_bk_page
    return result.scalar_one_or_none()
           ^^^^^^^^^^^^^^^^^^^^^^^^^^^
  File "/media/icarus112/SharedUbuntuWin/python/projects/VisitAI/.venv/lib/python3.12/site-packages/sqlalchemy/engine/result.py", line 1514, in scalar_one_or_none
    return self._only_one_row(
           ^^^^^^^^^^^^^^^^^^^
  File "/media/icarus112/SharedUbuntuWin/python/projects/VisitAI/.venv/lib/python3.12/site-packages/sqlalchemy/engine/result.py", line 825, in _only_one_row
    raise exc.MultipleResultsFound(
sqlalchemy.exc.MultipleResultsFound: Multiple rows were found when one or none was required
2026-06-17 16:37:43,754 | ERROR | app.handlers.record | Failed to open booking delete page: tg_id=6480514308 user_id=1 text='❗ Удалить'
Traceback (most recent call last):
  File "/media/icarus112/SharedUbuntuWin/python/projects/VisitAI/app/handlers/record.py", line 410, in remove_bk
    bk, page, total = await bk_sv.page_data(page=0)
                      ^^^^^^^^^^^^^^^^^^^^^^^^^^^^^
  File "/media/icarus112/SharedUbuntuWin/python/projects/VisitAI/app/service/booking.py", line 103, in page_data
    bk = await self.bk_rp.get_bk_page(page)
         ^^^^^^^^^^^^^^^^^^^^^^^^^^^^^^^^^^
  File "/media/icarus112/SharedUbuntuWin/python/projects/VisitAI/app/repository/booking.py", line 54, in get_bk_page
    return result.scalar_one_or_none()
           ^^^^^^^^^^^^^^^^^^^^^^^^^^^
  File "/media/icarus112/SharedUbuntuWin/python/projects/VisitAI/.venv/lib/python3.12/site-packages/sqlalchemy/engine/result.py", line 1514, in scalar_one_or_none
    return self._only_one_row(
           ^^^^^^^^^^^^^^^^^^^
  File "/media/icarus112/SharedUbuntuWin/python/projects/VisitAI/.venv/lib/python3.12/site-packages/sqlalchemy/engine/result.py", line 825, in _only_one_row
    raise exc.MultipleResultsFound(
sqlalchemy.exc.MultipleResultsFound: Multiple rows were found when one or none was required
2026-06-17 16:37:43,934 | ERROR | aiogram.event | Cause exception while process update id=78298993 by bot id=8635000285
MultipleResultsFound: Multiple rows were found when one or none was required
Traceback (most recent call last):
  File "/media/icarus112/SharedUbuntuWin/python/projects/VisitAI/.venv/lib/python3.12/site-packages/aiogram/dispatcher/dispatcher.py", line 320, in _process_update
    response = await self.feed_update(bot, update, **kwargs)
               ^^^^^^^^^^^^^^^^^^^^^^^^^^^^^^^^^^^^^^^^^^^^^
  File "/media/icarus112/SharedUbuntuWin/python/projects/VisitAI/.venv/lib/python3.12/site-packages/aiogram/dispatcher/dispatcher.py", line 164, in feed_update
    response = await self.update.wrap_outer_middleware(
               ^^^^^^^^^^^^^^^^^^^^^^^^^^^^^^^^^^^^^^^^
  File "/media/icarus112/SharedUbuntuWin/python/projects/VisitAI/.venv/lib/python3.12/site-packages/aiogram/dispatcher/middlewares/error.py", line 27, in __call__
    return await handler(event, data)
           ^^^^^^^^^^^^^^^^^^^^^^^^^^
  File "/media/icarus112/SharedUbuntuWin/python/projects/VisitAI/.venv/lib/python3.12/site-packages/aiogram/dispatcher/middlewares/user_context.py", line 58, in __call__
    return await handler(event, data)
           ^^^^^^^^^^^^^^^^^^^^^^^^^^
  File "/media/icarus112/SharedUbuntuWin/python/projects/VisitAI/.venv/lib/python3.12/site-packages/aiogram/fsm/middleware.py", line 43, in __call__
    return await handler(event, data)
           ^^^^^^^^^^^^^^^^^^^^^^^^^^
  File "/media/icarus112/SharedUbuntuWin/python/projects/VisitAI/.venv/lib/python3.12/site-packages/aiogram/dispatcher/event/telegram.py", line 126, in trigger
    return await wrapped_inner(event, kwargs)
           ^^^^^^^^^^^^^^^^^^^^^^^^^^^^^^^^^^
  File "/media/icarus112/SharedUbuntuWin/python/projects/VisitAI/.venv/lib/python3.12/site-packages/aiogram/dispatcher/event/handler.py", line 71, in call
    return await wrapped()
           ^^^^^^^^^^^^^^^
  File "/media/icarus112/SharedUbuntuWin/python/projects/VisitAI/.venv/lib/python3.12/site-packages/aiogram/dispatcher/dispatcher.py", line 283, in _listen_update
    return await self.propagate_event(update_type=update_type, event=event, **kwargs)
           ^^^^^^^^^^^^^^^^^^^^^^^^^^^^^^^^^^^^^^^^^^^^^^^^^^^^^^^^^^^^^^^^^^^^^^^^^^
  File "/media/icarus112/SharedUbuntuWin/python/projects/VisitAI/.venv/lib/python3.12/site-packages/aiogram/dispatcher/router.py", line 163, in propagate_event
    return await observer.wrap_outer_middleware(_wrapped, event=event, data=kwargs)
           ^^^^^^^^^^^^^^^^^^^^^^^^^^^^^^^^^^^^^^^^^^^^^^^^^^^^^^^^^^^^^^^^^^^^^^^^
  File "/media/icarus112/SharedUbuntuWin/python/projects/VisitAI/app/core/middlewares.py", line 54, in __call__
    result = await handler(event, data)
             ^^^^^^^^^^^^^^^^^^^^^^^^^^
  File "/media/icarus112/SharedUbuntuWin/python/projects/VisitAI/.venv/lib/python3.12/site-packages/aiogram/dispatcher/router.py", line 155, in _wrapped
    return await self._propagate_event(
           ^^^^^^^^^^^^^^^^^^^^^^^^^^^^
  File "/media/icarus112/SharedUbuntuWin/python/projects/VisitAI/.venv/lib/python3.12/site-packages/aiogram/dispatcher/router.py", line 191, in _propagate_event
    response = await router.propagate_event(update_type=update_type, event=event, **kwargs)
               ^^^^^^^^^^^^^^^^^^^^^^^^^^^^^^^^^^^^^^^^^^^^^^^^^^^^^^^^^^^^^^^^^^^^^^^^^^^^
  File "/media/icarus112/SharedUbuntuWin/python/projects/VisitAI/.venv/lib/python3.12/site-packages/aiogram/dispatcher/router.py", line 163, in propagate_event
    return await observer.wrap_outer_middleware(_wrapped, event=event, data=kwargs)
           ^^^^^^^^^^^^^^^^^^^^^^^^^^^^^^^^^^^^^^^^^^^^^^^^^^^^^^^^^^^^^^^^^^^^^^^^
  File "/media/icarus112/SharedUbuntuWin/python/projects/VisitAI/.venv/lib/python3.12/site-packages/aiogram/dispatcher/router.py", line 155, in _wrapped
    return await self._propagate_event(
           ^^^^^^^^^^^^^^^^^^^^^^^^^^^^
  File "/media/icarus112/SharedUbuntuWin/python/projects/VisitAI/.venv/lib/python3.12/site-packages/aiogram/dispatcher/router.py", line 191, in _propagate_event
    response = await router.propagate_event(update_type=update_type, event=event, **kwargs)
               ^^^^^^^^^^^^^^^^^^^^^^^^^^^^^^^^^^^^^^^^^^^^^^^^^^^^^^^^^^^^^^^^^^^^^^^^^^^^
  File "/media/icarus112/SharedUbuntuWin/python/projects/VisitAI/.venv/lib/python3.12/site-packages/aiogram/dispatcher/router.py", line 163, in propagate_event
    return await observer.wrap_outer_middleware(_wrapped, event=event, data=kwargs)
           ^^^^^^^^^^^^^^^^^^^^^^^^^^^^^^^^^^^^^^^^^^^^^^^^^^^^^^^^^^^^^^^^^^^^^^^^
  File "/media/icarus112/SharedUbuntuWin/python/projects/VisitAI/.venv/lib/python3.12/site-packages/aiogram/dispatcher/router.py", line 155, in _wrapped
    return await self._propagate_event(
           ^^^^^^^^^^^^^^^^^^^^^^^^^^^^
  File "/media/icarus112/SharedUbuntuWin/python/projects/VisitAI/.venv/lib/python3.12/site-packages/aiogram/dispatcher/router.py", line 183, in _propagate_event
    response = await observer.trigger(event, **kwargs)
               ^^^^^^^^^^^^^^^^^^^^^^^^^^^^^^^^^^^^^^^
  File "/media/icarus112/SharedUbuntuWin/python/projects/VisitAI/.venv/lib/python3.12/site-packages/aiogram/dispatcher/event/telegram.py", line 126, in trigger
    return await wrapped_inner(event, kwargs)
           ^^^^^^^^^^^^^^^^^^^^^^^^^^^^^^^^^^
  File "/media/icarus112/SharedUbuntuWin/python/projects/VisitAI/.venv/lib/python3.12/site-packages/aiogram/dispatcher/event/handler.py", line 71, in call
    return await wrapped()
           ^^^^^^^^^^^^^^^
  File "/media/icarus112/SharedUbuntuWin/python/projects/VisitAI/app/handlers/record.py", line 410, in remove_bk
    bk, page, total = await bk_sv.page_data(page=0)
                      ^^^^^^^^^^^^^^^^^^^^^^^^^^^^^
  File "/media/icarus112/SharedUbuntuWin/python/projects/VisitAI/app/service/booking.py", line 103, in page_data
    bk = await self.bk_rp.get_bk_page(page)
         ^^^^^^^^^^^^^^^^^^^^^^^^^^^^^^^^^^
  File "/media/icarus112/SharedUbuntuWin/python/projects/VisitAI/app/repository/booking.py", line 54, in get_bk_page
    return result.scalar_one_or_none()
           ^^^^^^^^^^^^^^^^^^^^^^^^^^^
  File "/media/icarus112/SharedUbuntuWin/python/projects/VisitAI/.venv/lib/python3.12/site-packages/sqlalchemy/engine/result.py", line 1514, in scalar_one_or_none
    return self._only_one_row(
           ^^^^^^^^^^^^^^^^^^^
  File "/media/icarus112/SharedUbuntuWin/python/projects/VisitAI/.venv/lib/python3.12/site-packages/sqlalchemy/engine/result.py", line 825, in _only_one_row
    raise exc.MultipleResultsFound(
sqlalchemy.exc.MultipleResultsFound: Multiple rows were found when one or none was required
2026-06-17 16:39:32,404 | ERROR | app.handlers.record | Failed to open booking delete page: tg_id=6480514308 user_id=1 text='❗ Удалить'
Traceback (most recent call last):
  File "/media/icarus112/SharedUbuntuWin/python/projects/VisitAI/app/handlers/record.py", line 410, in remove_bk
    bk, page, total = await bk_sv.page_data(page=1)
                      ^^^^^^^^^^^^^^^^^^^^^^^^^^^^^
  File "/media/icarus112/SharedUbuntuWin/python/projects/VisitAI/app/service/booking.py", line 103, in page_data
    bk = await self.bk_rp.get_bk_page(page)
         ^^^^^^^^^^^^^^^^^^^^^^^^^^^^^^^^^^
  File "/media/icarus112/SharedUbuntuWin/python/projects/VisitAI/app/repository/booking.py", line 54, in get_bk_page
    return result.scalar_one_or_none()
           ^^^^^^^^^^^^^^^^^^^^^^^^^^^
  File "/media/icarus112/SharedUbuntuWin/python/projects/VisitAI/.venv/lib/python3.12/site-packages/sqlalchemy/engine/result.py", line 1514, in scalar_one_or_none
    return self._only_one_row(
           ^^^^^^^^^^^^^^^^^^^
  File "/media/icarus112/SharedUbuntuWin/python/projects/VisitAI/.venv/lib/python3.12/site-packages/sqlalchemy/engine/result.py", line 825, in _only_one_row
    raise exc.MultipleResultsFound(
sqlalchemy.exc.MultipleResultsFound: Multiple rows were found when one or none was required
2026-06-17 16:39:32,547 | ERROR | aiogram.event | Cause exception while process update id=78298997 by bot id=8635000285
MultipleResultsFound: Multiple rows were found when one or none was required
Traceback (most recent call last):
  File "/media/icarus112/SharedUbuntuWin/python/projects/VisitAI/.venv/lib/python3.12/site-packages/aiogram/dispatcher/dispatcher.py", line 320, in _process_update
    response = await self.feed_update(bot, update, **kwargs)
               ^^^^^^^^^^^^^^^^^^^^^^^^^^^^^^^^^^^^^^^^^^^^^
  File "/media/icarus112/SharedUbuntuWin/python/projects/VisitAI/.venv/lib/python3.12/site-packages/aiogram/dispatcher/dispatcher.py", line 164, in feed_update
    response = await self.update.wrap_outer_middleware(
               ^^^^^^^^^^^^^^^^^^^^^^^^^^^^^^^^^^^^^^^^
  File "/media/icarus112/SharedUbuntuWin/python/projects/VisitAI/.venv/lib/python3.12/site-packages/aiogram/dispatcher/middlewares/error.py", line 27, in __call__
    return await handler(event, data)
           ^^^^^^^^^^^^^^^^^^^^^^^^^^
  File "/media/icarus112/SharedUbuntuWin/python/projects/VisitAI/.venv/lib/python3.12/site-packages/aiogram/dispatcher/middlewares/user_context.py", line 58, in __call__
    return await handler(event, data)
           ^^^^^^^^^^^^^^^^^^^^^^^^^^
  File "/media/icarus112/SharedUbuntuWin/python/projects/VisitAI/.venv/lib/python3.12/site-packages/aiogram/fsm/middleware.py", line 43, in __call__
    return await handler(event, data)
           ^^^^^^^^^^^^^^^^^^^^^^^^^^
  File "/media/icarus112/SharedUbuntuWin/python/projects/VisitAI/.venv/lib/python3.12/site-packages/aiogram/dispatcher/event/telegram.py", line 126, in trigger
    return await wrapped_inner(event, kwargs)
           ^^^^^^^^^^^^^^^^^^^^^^^^^^^^^^^^^^
  File "/media/icarus112/SharedUbuntuWin/python/projects/VisitAI/.venv/lib/python3.12/site-packages/aiogram/dispatcher/event/handler.py", line 71, in call
    return await wrapped()
           ^^^^^^^^^^^^^^^
  File "/media/icarus112/SharedUbuntuWin/python/projects/VisitAI/.venv/lib/python3.12/site-packages/aiogram/dispatcher/dispatcher.py", line 283, in _listen_update
    return await self.propagate_event(update_type=update_type, event=event, **kwargs)
           ^^^^^^^^^^^^^^^^^^^^^^^^^^^^^^^^^^^^^^^^^^^^^^^^^^^^^^^^^^^^^^^^^^^^^^^^^^
  File "/media/icarus112/SharedUbuntuWin/python/projects/VisitAI/.venv/lib/python3.12/site-packages/aiogram/dispatcher/router.py", line 163, in propagate_event
    return await observer.wrap_outer_middleware(_wrapped, event=event, data=kwargs)
           ^^^^^^^^^^^^^^^^^^^^^^^^^^^^^^^^^^^^^^^^^^^^^^^^^^^^^^^^^^^^^^^^^^^^^^^^
  File "/media/icarus112/SharedUbuntuWin/python/projects/VisitAI/app/core/middlewares.py", line 54, in __call__
    result = await handler(event, data)
             ^^^^^^^^^^^^^^^^^^^^^^^^^^
  File "/media/icarus112/SharedUbuntuWin/python/projects/VisitAI/.venv/lib/python3.12/site-packages/aiogram/dispatcher/router.py", line 155, in _wrapped
    return await self._propagate_event(
           ^^^^^^^^^^^^^^^^^^^^^^^^^^^^
  File "/media/icarus112/SharedUbuntuWin/python/projects/VisitAI/.venv/lib/python3.12/site-packages/aiogram/dispatcher/router.py", line 191, in _propagate_event
    response = await router.propagate_event(update_type=update_type, event=event, **kwargs)
               ^^^^^^^^^^^^^^^^^^^^^^^^^^^^^^^^^^^^^^^^^^^^^^^^^^^^^^^^^^^^^^^^^^^^^^^^^^^^
  File "/media/icarus112/SharedUbuntuWin/python/projects/VisitAI/.venv/lib/python3.12/site-packages/aiogram/dispatcher/router.py", line 163, in propagate_event
    return await observer.wrap_outer_middleware(_wrapped, event=event, data=kwargs)
           ^^^^^^^^^^^^^^^^^^^^^^^^^^^^^^^^^^^^^^^^^^^^^^^^^^^^^^^^^^^^^^^^^^^^^^^^
  File "/media/icarus112/SharedUbuntuWin/python/projects/VisitAI/.venv/lib/python3.12/site-packages/aiogram/dispatcher/router.py", line 155, in _wrapped
    return await self._propagate_event(
           ^^^^^^^^^^^^^^^^^^^^^^^^^^^^
  File "/media/icarus112/SharedUbuntuWin/python/projects/VisitAI/.venv/lib/python3.12/site-packages/aiogram/dispatcher/router.py", line 191, in _propagate_event
    response = await router.propagate_event(update_type=update_type, event=event, **kwargs)
               ^^^^^^^^^^^^^^^^^^^^^^^^^^^^^^^^^^^^^^^^^^^^^^^^^^^^^^^^^^^^^^^^^^^^^^^^^^^^
  File "/media/icarus112/SharedUbuntuWin/python/projects/VisitAI/.venv/lib/python3.12/site-packages/aiogram/dispatcher/router.py", line 163, in propagate_event
    return await observer.wrap_outer_middleware(_wrapped, event=event, data=kwargs)
           ^^^^^^^^^^^^^^^^^^^^^^^^^^^^^^^^^^^^^^^^^^^^^^^^^^^^^^^^^^^^^^^^^^^^^^^^
  File "/media/icarus112/SharedUbuntuWin/python/projects/VisitAI/.venv/lib/python3.12/site-packages/aiogram/dispatcher/router.py", line 155, in _wrapped
    return await self._propagate_event(
           ^^^^^^^^^^^^^^^^^^^^^^^^^^^^
  File "/media/icarus112/SharedUbuntuWin/python/projects/VisitAI/.venv/lib/python3.12/site-packages/aiogram/dispatcher/router.py", line 183, in _propagate_event
    response = await observer.trigger(event, **kwargs)
               ^^^^^^^^^^^^^^^^^^^^^^^^^^^^^^^^^^^^^^^
  File "/media/icarus112/SharedUbuntuWin/python/projects/VisitAI/.venv/lib/python3.12/site-packages/aiogram/dispatcher/event/telegram.py", line 126, in trigger
    return await wrapped_inner(event, kwargs)
           ^^^^^^^^^^^^^^^^^^^^^^^^^^^^^^^^^^
  File "/media/icarus112/SharedUbuntuWin/python/projects/VisitAI/.venv/lib/python3.12/site-packages/aiogram/dispatcher/event/handler.py", line 71, in call
    return await wrapped()
           ^^^^^^^^^^^^^^^
  File "/media/icarus112/SharedUbuntuWin/python/projects/VisitAI/app/handlers/record.py", line 410, in remove_bk
    bk, page, total = await bk_sv.page_data(page=1)
                      ^^^^^^^^^^^^^^^^^^^^^^^^^^^^^
  File "/media/icarus112/SharedUbuntuWin/python/projects/VisitAI/app/service/booking.py", line 103, in page_data
    bk = await self.bk_rp.get_bk_page(page)
         ^^^^^^^^^^^^^^^^^^^^^^^^^^^^^^^^^^
  File "/media/icarus112/SharedUbuntuWin/python/projects/VisitAI/app/repository/booking.py", line 54, in get_bk_page
    return result.scalar_one_or_none()
           ^^^^^^^^^^^^^^^^^^^^^^^^^^^
  File "/media/icarus112/SharedUbuntuWin/python/projects/VisitAI/.venv/lib/python3.12/site-packages/sqlalchemy/engine/result.py", line 1514, in scalar_one_or_none
    return self._only_one_row(
           ^^^^^^^^^^^^^^^^^^^
  File "/media/icarus112/SharedUbuntuWin/python/projects/VisitAI/.venv/lib/python3.12/site-packages/sqlalchemy/engine/result.py", line 825, in _only_one_row
    raise exc.MultipleResultsFound(
sqlalchemy.exc.MultipleResultsFound: Multiple rows were found when one or none was required
2026-06-17 16:44:11,655 | ERROR | aiogram.event | Cause exception while process update id=78299001 by bot id=8635000285
TelegramNetworkError: HTTP Client says - ClientConnectorError: Cannot connect to host api.telegram.org:443 ssl:default [None]
Traceback (most recent call last):
  File "/media/icarus112/SharedUbuntuWin/python/projects/VisitAI/.venv/lib/python3.12/site-packages/aiohttp/connector.py", line 1325, in _wrap_create_connection
    return await self._loop.create_connection(*args, **kwargs, sock=sock)
           ^^^^^^^^^^^^^^^^^^^^^^^^^^^^^^^^^^^^^^^^^^^^^^^^^^^^^^^^^^^^^^
  File "/usr/lib/python3.12/asyncio/base_events.py", line 1149, in create_connection
    transport, protocol = await self._create_connection_transport(
                          ^^^^^^^^^^^^^^^^^^^^^^^^^^^^^^^^^^^^^^^^
  File "/usr/lib/python3.12/asyncio/base_events.py", line 1182, in _create_connection_transport
    await waiter
ConnectionAbortedError: SSL handshake is taking longer than 60.0 seconds: aborting the connection

The above exception was the direct cause of the following exception:

Traceback (most recent call last):
  File "/media/icarus112/SharedUbuntuWin/python/projects/VisitAI/.venv/lib/python3.12/site-packages/aiogram/client/session/aiohttp.py", line 167, in make_request
    async with session.post(
  File "/media/icarus112/SharedUbuntuWin/python/projects/VisitAI/.venv/lib/python3.12/site-packages/aiohttp/client.py", line 1521, in __aenter__
    self._resp: _RetType = await self._coro
                           ^^^^^^^^^^^^^^^^
  File "/media/icarus112/SharedUbuntuWin/python/projects/VisitAI/.venv/lib/python3.12/site-packages/aiohttp/client.py", line 788, in _request
    resp = await handler(req)
           ^^^^^^^^^^^^^^^^^^
  File "/media/icarus112/SharedUbuntuWin/python/projects/VisitAI/.venv/lib/python3.12/site-packages/aiohttp/client.py", line 742, in _connect_and_send_request
    conn = await self._connector.connect(
           ^^^^^^^^^^^^^^^^^^^^^^^^^^^^^^
  File "/media/icarus112/SharedUbuntuWin/python/projects/VisitAI/.venv/lib/python3.12/site-packages/aiohttp/connector.py", line 672, in connect
    proto = await self._create_connection(req, traces, timeout)
            ^^^^^^^^^^^^^^^^^^^^^^^^^^^^^^^^^^^^^^^^^^^^^^^^^^^
  File "/media/icarus112/SharedUbuntuWin/python/projects/VisitAI/.venv/lib/python3.12/site-packages/aiohttp/connector.py", line 1251, in _create_connection
    _, proto = await self._create_direct_connection(req, traces, timeout)
               ^^^^^^^^^^^^^^^^^^^^^^^^^^^^^^^^^^^^^^^^^^^^^^^^^^^^^^^^^^
  File "/media/icarus112/SharedUbuntuWin/python/projects/VisitAI/.venv/lib/python3.12/site-packages/aiohttp/connector.py", line 1623, in _create_direct_connection
    raise last_exc
  File "/media/icarus112/SharedUbuntuWin/python/projects/VisitAI/.venv/lib/python3.12/site-packages/aiohttp/connector.py", line 1592, in _create_direct_connection
    transp, proto = await self._wrap_create_connection(
                    ^^^^^^^^^^^^^^^^^^^^^^^^^^^^^^^^^^^
  File "/media/icarus112/SharedUbuntuWin/python/projects/VisitAI/.venv/lib/python3.12/site-packages/aiohttp/connector.py", line 1333, in _wrap_create_connection
    raise client_error(req.connection_key, exc) from exc
aiohttp.client_exceptions.ClientConnectorError: Cannot connect to host api.telegram.org:443 ssl:default [None]

The above exception was the direct cause of the following exception:

Traceback (most recent call last):
  File "/media/icarus112/SharedUbuntuWin/python/projects/VisitAI/.venv/lib/python3.12/site-packages/aiogram/dispatcher/dispatcher.py", line 320, in _process_update
    response = await self.feed_update(bot, update, **kwargs)
               ^^^^^^^^^^^^^^^^^^^^^^^^^^^^^^^^^^^^^^^^^^^^^
  File "/media/icarus112/SharedUbuntuWin/python/projects/VisitAI/.venv/lib/python3.12/site-packages/aiogram/dispatcher/dispatcher.py", line 164, in feed_update
    response = await self.update.wrap_outer_middleware(
               ^^^^^^^^^^^^^^^^^^^^^^^^^^^^^^^^^^^^^^^^
  File "/media/icarus112/SharedUbuntuWin/python/projects/VisitAI/.venv/lib/python3.12/site-packages/aiogram/dispatcher/middlewares/error.py", line 27, in __call__
    return await handler(event, data)
           ^^^^^^^^^^^^^^^^^^^^^^^^^^
  File "/media/icarus112/SharedUbuntuWin/python/projects/VisitAI/.venv/lib/python3.12/site-packages/aiogram/dispatcher/middlewares/user_context.py", line 58, in __call__
    return await handler(event, data)
           ^^^^^^^^^^^^^^^^^^^^^^^^^^
  File "/media/icarus112/SharedUbuntuWin/python/projects/VisitAI/.venv/lib/python3.12/site-packages/aiogram/fsm/middleware.py", line 43, in __call__
    return await handler(event, data)
           ^^^^^^^^^^^^^^^^^^^^^^^^^^
  File "/media/icarus112/SharedUbuntuWin/python/projects/VisitAI/.venv/lib/python3.12/site-packages/aiogram/dispatcher/event/telegram.py", line 126, in trigger
    return await wrapped_inner(event, kwargs)
           ^^^^^^^^^^^^^^^^^^^^^^^^^^^^^^^^^^
  File "/media/icarus112/SharedUbuntuWin/python/projects/VisitAI/.venv/lib/python3.12/site-packages/aiogram/dispatcher/event/handler.py", line 71, in call
    return await wrapped()
           ^^^^^^^^^^^^^^^
  File "/media/icarus112/SharedUbuntuWin/python/projects/VisitAI/.venv/lib/python3.12/site-packages/aiogram/dispatcher/dispatcher.py", line 283, in _listen_update
    return await self.propagate_event(update_type=update_type, event=event, **kwargs)
           ^^^^^^^^^^^^^^^^^^^^^^^^^^^^^^^^^^^^^^^^^^^^^^^^^^^^^^^^^^^^^^^^^^^^^^^^^^
  File "/media/icarus112/SharedUbuntuWin/python/projects/VisitAI/.venv/lib/python3.12/site-packages/aiogram/dispatcher/router.py", line 163, in propagate_event
    return await observer.wrap_outer_middleware(_wrapped, event=event, data=kwargs)
           ^^^^^^^^^^^^^^^^^^^^^^^^^^^^^^^^^^^^^^^^^^^^^^^^^^^^^^^^^^^^^^^^^^^^^^^^
  File "/media/icarus112/SharedUbuntuWin/python/projects/VisitAI/app/core/middlewares.py", line 54, in __call__
    result = await handler(event, data)
             ^^^^^^^^^^^^^^^^^^^^^^^^^^
  File "/media/icarus112/SharedUbuntuWin/python/projects/VisitAI/.venv/lib/python3.12/site-packages/aiogram/dispatcher/router.py", line 155, in _wrapped
    return await self._propagate_event(
           ^^^^^^^^^^^^^^^^^^^^^^^^^^^^
  File "/media/icarus112/SharedUbuntuWin/python/projects/VisitAI/.venv/lib/python3.12/site-packages/aiogram/dispatcher/router.py", line 191, in _propagate_event
    response = await router.propagate_event(update_type=update_type, event=event, **kwargs)
               ^^^^^^^^^^^^^^^^^^^^^^^^^^^^^^^^^^^^^^^^^^^^^^^^^^^^^^^^^^^^^^^^^^^^^^^^^^^^
  File "/media/icarus112/SharedUbuntuWin/python/projects/VisitAI/.venv/lib/python3.12/site-packages/aiogram/dispatcher/router.py", line 163, in propagate_event
    return await observer.wrap_outer_middleware(_wrapped, event=event, data=kwargs)
           ^^^^^^^^^^^^^^^^^^^^^^^^^^^^^^^^^^^^^^^^^^^^^^^^^^^^^^^^^^^^^^^^^^^^^^^^
  File "/media/icarus112/SharedUbuntuWin/python/projects/VisitAI/.venv/lib/python3.12/site-packages/aiogram/dispatcher/router.py", line 155, in _wrapped
    return await self._propagate_event(
           ^^^^^^^^^^^^^^^^^^^^^^^^^^^^
  File "/media/icarus112/SharedUbuntuWin/python/projects/VisitAI/.venv/lib/python3.12/site-packages/aiogram/dispatcher/router.py", line 191, in _propagate_event
    response = await router.propagate_event(update_type=update_type, event=event, **kwargs)
               ^^^^^^^^^^^^^^^^^^^^^^^^^^^^^^^^^^^^^^^^^^^^^^^^^^^^^^^^^^^^^^^^^^^^^^^^^^^^
  File "/media/icarus112/SharedUbuntuWin/python/projects/VisitAI/.venv/lib/python3.12/site-packages/aiogram/dispatcher/router.py", line 163, in propagate_event
    return await observer.wrap_outer_middleware(_wrapped, event=event, data=kwargs)
           ^^^^^^^^^^^^^^^^^^^^^^^^^^^^^^^^^^^^^^^^^^^^^^^^^^^^^^^^^^^^^^^^^^^^^^^^
  File "/media/icarus112/SharedUbuntuWin/python/projects/VisitAI/.venv/lib/python3.12/site-packages/aiogram/dispatcher/router.py", line 155, in _wrapped
    return await self._propagate_event(
           ^^^^^^^^^^^^^^^^^^^^^^^^^^^^
  File "/media/icarus112/SharedUbuntuWin/python/projects/VisitAI/.venv/lib/python3.12/site-packages/aiogram/dispatcher/router.py", line 183, in _propagate_event
    response = await observer.trigger(event, **kwargs)
               ^^^^^^^^^^^^^^^^^^^^^^^^^^^^^^^^^^^^^^^
  File "/media/icarus112/SharedUbuntuWin/python/projects/VisitAI/.venv/lib/python3.12/site-packages/aiogram/dispatcher/event/telegram.py", line 126, in trigger
    return await wrapped_inner(event, kwargs)
           ^^^^^^^^^^^^^^^^^^^^^^^^^^^^^^^^^^
  File "/media/icarus112/SharedUbuntuWin/python/projects/VisitAI/.venv/lib/python3.12/site-packages/aiogram/dispatcher/event/handler.py", line 71, in call
    return await wrapped()
           ^^^^^^^^^^^^^^^
  File "/media/icarus112/SharedUbuntuWin/python/projects/VisitAI/app/handlers/start.py", line 16, in start_handler
    await message.answer(
  File "/media/icarus112/SharedUbuntuWin/python/projects/VisitAI/.venv/lib/python3.12/site-packages/aiogram/methods/base.py", line 82, in emit
    return await bot(self)
           ^^^^^^^^^^^^^^^
  File "/media/icarus112/SharedUbuntuWin/python/projects/VisitAI/.venv/lib/python3.12/site-packages/aiogram/client/bot.py", line 493, in __call__
    return await self.session(self, method, timeout=request_timeout)
           ^^^^^^^^^^^^^^^^^^^^^^^^^^^^^^^^^^^^^^^^^^^^^^^^^^^^^^^^^
  File "/media/icarus112/SharedUbuntuWin/python/projects/VisitAI/.venv/lib/python3.12/site-packages/aiogram/client/session/base.py", line 259, in __call__
    return cast(TelegramType, await middleware(bot, method))
                              ^^^^^^^^^^^^^^^^^^^^^^^^^^^^^
  File "/media/icarus112/SharedUbuntuWin/python/projects/VisitAI/.venv/lib/python3.12/site-packages/aiogram/client/session/aiohttp.py", line 176, in make_request
    raise TelegramNetworkError(method=method, message=f"{type(e).__name__}: {e}") from e
aiogram.exceptions.TelegramNetworkError: HTTP Client says - ClientConnectorError: Cannot connect to host api.telegram.org:443 ssl:default [None]
2026-06-17 16:44:35,464 | ERROR | app.handlers.record | Ошибка при удалени записей по записям: user_tg_id=6480514308 data='bk_page:3'
Traceback (most recent call last):
  File "/media/icarus112/SharedUbuntuWin/python/projects/VisitAI/app/handlers/record.py", line 462, in bk_nav_btn
    text = await bk_sv.page_text(bk)
           ^^^^^^^^^^^^^^^^^^^^^^^^^
  File "/media/icarus112/SharedUbuntuWin/python/projects/VisitAI/app/service/booking.py", line 80, in page_text
    tran_status = await self.trans_pay_status(bk.status)
                  ^^^^^^^^^^^^^^^^^^^^^^^^^^^^^^^^^^^^^^
  File "/media/icarus112/SharedUbuntuWin/python/projects/VisitAI/app/service/booking.py", line 221, in trans_pay_status
    raise ValueError(f"Ошибка при переводе trans_pay_status для статуса: %s", status)
ValueError: ('Ошибка при переводе trans_pay_status для статуса: %s', <BookStatus.COMPLETED: 'COMPLETED'>)
2026-06-17 16:44:35,581 | ERROR | aiogram.event | Cause exception while process update id=78299007 by bot id=8635000285
ValueError: ('Ошибка при переводе trans_pay_status для статуса: %s', <BookStatus.COMPLETED: 'COMPLETED'>)
Traceback (most recent call last):
  File "/media/icarus112/SharedUbuntuWin/python/projects/VisitAI/.venv/lib/python3.12/site-packages/aiogram/dispatcher/dispatcher.py", line 320, in _process_update
    response = await self.feed_update(bot, update, **kwargs)
               ^^^^^^^^^^^^^^^^^^^^^^^^^^^^^^^^^^^^^^^^^^^^^
  File "/media/icarus112/SharedUbuntuWin/python/projects/VisitAI/.venv/lib/python3.12/site-packages/aiogram/dispatcher/dispatcher.py", line 164, in feed_update
    response = await self.update.wrap_outer_middleware(
               ^^^^^^^^^^^^^^^^^^^^^^^^^^^^^^^^^^^^^^^^
  File "/media/icarus112/SharedUbuntuWin/python/projects/VisitAI/.venv/lib/python3.12/site-packages/aiogram/dispatcher/middlewares/error.py", line 27, in __call__
    return await handler(event, data)
           ^^^^^^^^^^^^^^^^^^^^^^^^^^
  File "/media/icarus112/SharedUbuntuWin/python/projects/VisitAI/.venv/lib/python3.12/site-packages/aiogram/dispatcher/middlewares/user_context.py", line 58, in __call__
    return await handler(event, data)
           ^^^^^^^^^^^^^^^^^^^^^^^^^^
  File "/media/icarus112/SharedUbuntuWin/python/projects/VisitAI/.venv/lib/python3.12/site-packages/aiogram/fsm/middleware.py", line 43, in __call__
    return await handler(event, data)
           ^^^^^^^^^^^^^^^^^^^^^^^^^^
  File "/media/icarus112/SharedUbuntuWin/python/projects/VisitAI/.venv/lib/python3.12/site-packages/aiogram/dispatcher/event/telegram.py", line 126, in trigger
    return await wrapped_inner(event, kwargs)
           ^^^^^^^^^^^^^^^^^^^^^^^^^^^^^^^^^^
  File "/media/icarus112/SharedUbuntuWin/python/projects/VisitAI/.venv/lib/python3.12/site-packages/aiogram/dispatcher/event/handler.py", line 71, in call
    return await wrapped()
           ^^^^^^^^^^^^^^^
  File "/media/icarus112/SharedUbuntuWin/python/projects/VisitAI/.venv/lib/python3.12/site-packages/aiogram/dispatcher/dispatcher.py", line 283, in _listen_update
    return await self.propagate_event(update_type=update_type, event=event, **kwargs)
           ^^^^^^^^^^^^^^^^^^^^^^^^^^^^^^^^^^^^^^^^^^^^^^^^^^^^^^^^^^^^^^^^^^^^^^^^^^
  File "/media/icarus112/SharedUbuntuWin/python/projects/VisitAI/.venv/lib/python3.12/site-packages/aiogram/dispatcher/router.py", line 163, in propagate_event
    return await observer.wrap_outer_middleware(_wrapped, event=event, data=kwargs)
           ^^^^^^^^^^^^^^^^^^^^^^^^^^^^^^^^^^^^^^^^^^^^^^^^^^^^^^^^^^^^^^^^^^^^^^^^
  File "/media/icarus112/SharedUbuntuWin/python/projects/VisitAI/app/core/middlewares.py", line 54, in __call__
    result = await handler(event, data)
             ^^^^^^^^^^^^^^^^^^^^^^^^^^
  File "/media/icarus112/SharedUbuntuWin/python/projects/VisitAI/.venv/lib/python3.12/site-packages/aiogram/dispatcher/router.py", line 155, in _wrapped
    return await self._propagate_event(
           ^^^^^^^^^^^^^^^^^^^^^^^^^^^^
  File "/media/icarus112/SharedUbuntuWin/python/projects/VisitAI/.venv/lib/python3.12/site-packages/aiogram/dispatcher/router.py", line 191, in _propagate_event
    response = await router.propagate_event(update_type=update_type, event=event, **kwargs)
               ^^^^^^^^^^^^^^^^^^^^^^^^^^^^^^^^^^^^^^^^^^^^^^^^^^^^^^^^^^^^^^^^^^^^^^^^^^^^
  File "/media/icarus112/SharedUbuntuWin/python/projects/VisitAI/.venv/lib/python3.12/site-packages/aiogram/dispatcher/router.py", line 163, in propagate_event
    return await observer.wrap_outer_middleware(_wrapped, event=event, data=kwargs)
           ^^^^^^^^^^^^^^^^^^^^^^^^^^^^^^^^^^^^^^^^^^^^^^^^^^^^^^^^^^^^^^^^^^^^^^^^
  File "/media/icarus112/SharedUbuntuWin/python/projects/VisitAI/.venv/lib/python3.12/site-packages/aiogram/dispatcher/router.py", line 155, in _wrapped
    return await self._propagate_event(
           ^^^^^^^^^^^^^^^^^^^^^^^^^^^^
  File "/media/icarus112/SharedUbuntuWin/python/projects/VisitAI/.venv/lib/python3.12/site-packages/aiogram/dispatcher/router.py", line 191, in _propagate_event
    response = await router.propagate_event(update_type=update_type, event=event, **kwargs)
               ^^^^^^^^^^^^^^^^^^^^^^^^^^^^^^^^^^^^^^^^^^^^^^^^^^^^^^^^^^^^^^^^^^^^^^^^^^^^
  File "/media/icarus112/SharedUbuntuWin/python/projects/VisitAI/.venv/lib/python3.12/site-packages/aiogram/dispatcher/router.py", line 163, in propagate_event
    return await observer.wrap_outer_middleware(_wrapped, event=event, data=kwargs)
           ^^^^^^^^^^^^^^^^^^^^^^^^^^^^^^^^^^^^^^^^^^^^^^^^^^^^^^^^^^^^^^^^^^^^^^^^
  File "/media/icarus112/SharedUbuntuWin/python/projects/VisitAI/.venv/lib/python3.12/site-packages/aiogram/dispatcher/router.py", line 155, in _wrapped
    return await self._propagate_event(
           ^^^^^^^^^^^^^^^^^^^^^^^^^^^^
  File "/media/icarus112/SharedUbuntuWin/python/projects/VisitAI/.venv/lib/python3.12/site-packages/aiogram/dispatcher/router.py", line 183, in _propagate_event
    response = await observer.trigger(event, **kwargs)
               ^^^^^^^^^^^^^^^^^^^^^^^^^^^^^^^^^^^^^^^
  File "/media/icarus112/SharedUbuntuWin/python/projects/VisitAI/.venv/lib/python3.12/site-packages/aiogram/dispatcher/event/telegram.py", line 126, in trigger
    return await wrapped_inner(event, kwargs)
           ^^^^^^^^^^^^^^^^^^^^^^^^^^^^^^^^^^
  File "/media/icarus112/SharedUbuntuWin/python/projects/VisitAI/.venv/lib/python3.12/site-packages/aiogram/dispatcher/event/handler.py", line 71, in call
    return await wrapped()
           ^^^^^^^^^^^^^^^
  File "/media/icarus112/SharedUbuntuWin/python/projects/VisitAI/app/handlers/record.py", line 462, in bk_nav_btn
    text = await bk_sv.page_text(bk)
           ^^^^^^^^^^^^^^^^^^^^^^^^^
  File "/media/icarus112/SharedUbuntuWin/python/projects/VisitAI/app/service/booking.py", line 80, in page_text
    tran_status = await self.trans_pay_status(bk.status)
                  ^^^^^^^^^^^^^^^^^^^^^^^^^^^^^^^^^^^^^^
  File "/media/icarus112/SharedUbuntuWin/python/projects/VisitAI/app/service/booking.py", line 221, in trans_pay_status
    raise ValueError(f"Ошибка при переводе trans_pay_status для статуса: %s", status)
ValueError: ('Ошибка при переводе trans_pay_status для статуса: %s', <BookStatus.COMPLETED: 'COMPLETED'>)
2026-06-17 16:49:02,905 | ERROR | app.handlers.record | Failed to open booking delete page: tg_id=6480514308 user_id=1 text='❗ Удалить'
Traceback (most recent call last):
  File "/media/icarus112/SharedUbuntuWin/python/projects/VisitAI/.venv/lib/python3.12/site-packages/sqlalchemy/sql/elements.py", line 1518, in __getattr__
    return getattr(self.comparator, key)
           ^^^^^^^^^^^^^^^^^^^^^^^^^^^^^
AttributeError: 'Comparator' object has no attribute 'where'

The above exception was the direct cause of the following exception:

Traceback (most recent call last):
  File "/media/icarus112/SharedUbuntuWin/python/projects/VisitAI/app/handlers/record.py", line 410, in remove_bk
    bk, page, total = await bk_sv.page_data(page=0)
                      ^^^^^^^^^^^^^^^^^^^^^^^^^^^^^
  File "/media/icarus112/SharedUbuntuWin/python/projects/VisitAI/app/service/booking.py", line 92, in page_data
    total = await self.bk_rp.count_bk()
            ^^^^^^^^^^^^^^^^^^^^^^^^^^^
  File "/media/icarus112/SharedUbuntuWin/python/projects/VisitAI/app/repository/booking.py", line 44, in count_bk
    .where(Booking.status.in_([BookStatus.PENDING.value, BookStatus.UNPAID.value,
     ^^^^^
  File "/media/icarus112/SharedUbuntuWin/python/projects/VisitAI/.venv/lib/python3.12/site-packages/sqlalchemy/sql/elements.py", line 1520, in __getattr__
    raise AttributeError(
AttributeError: Neither 'count' object nor 'Comparator' object has an attribute 'where'
2026-06-17 16:49:03,327 | ERROR | aiogram.event | Cause exception while process update id=78299014 by bot id=8635000285
AttributeError: Neither 'count' object nor 'Comparator' object has an attribute 'where'
Traceback (most recent call last):
  File "/media/icarus112/SharedUbuntuWin/python/projects/VisitAI/.venv/lib/python3.12/site-packages/sqlalchemy/sql/elements.py", line 1518, in __getattr__
    return getattr(self.comparator, key)
           ^^^^^^^^^^^^^^^^^^^^^^^^^^^^^
AttributeError: 'Comparator' object has no attribute 'where'

The above exception was the direct cause of the following exception:

Traceback (most recent call last):
  File "/media/icarus112/SharedUbuntuWin/python/projects/VisitAI/.venv/lib/python3.12/site-packages/aiogram/dispatcher/dispatcher.py", line 320, in _process_update
    response = await self.feed_update(bot, update, **kwargs)
               ^^^^^^^^^^^^^^^^^^^^^^^^^^^^^^^^^^^^^^^^^^^^^
  File "/media/icarus112/SharedUbuntuWin/python/projects/VisitAI/.venv/lib/python3.12/site-packages/aiogram/dispatcher/dispatcher.py", line 164, in feed_update
    response = await self.update.wrap_outer_middleware(
               ^^^^^^^^^^^^^^^^^^^^^^^^^^^^^^^^^^^^^^^^
  File "/media/icarus112/SharedUbuntuWin/python/projects/VisitAI/.venv/lib/python3.12/site-packages/aiogram/dispatcher/middlewares/error.py", line 27, in __call__
    return await handler(event, data)
           ^^^^^^^^^^^^^^^^^^^^^^^^^^
  File "/media/icarus112/SharedUbuntuWin/python/projects/VisitAI/.venv/lib/python3.12/site-packages/aiogram/dispatcher/middlewares/user_context.py", line 58, in __call__
    return await handler(event, data)
           ^^^^^^^^^^^^^^^^^^^^^^^^^^
  File "/media/icarus112/SharedUbuntuWin/python/projects/VisitAI/.venv/lib/python3.12/site-packages/aiogram/fsm/middleware.py", line 43, in __call__
    return await handler(event, data)
           ^^^^^^^^^^^^^^^^^^^^^^^^^^
  File "/media/icarus112/SharedUbuntuWin/python/projects/VisitAI/.venv/lib/python3.12/site-packages/aiogram/dispatcher/event/telegram.py", line 126, in trigger
    return await wrapped_inner(event, kwargs)
           ^^^^^^^^^^^^^^^^^^^^^^^^^^^^^^^^^^
  File "/media/icarus112/SharedUbuntuWin/python/projects/VisitAI/.venv/lib/python3.12/site-packages/aiogram/dispatcher/event/handler.py", line 71, in call
    return await wrapped()
           ^^^^^^^^^^^^^^^
  File "/media/icarus112/SharedUbuntuWin/python/projects/VisitAI/.venv/lib/python3.12/site-packages/aiogram/dispatcher/dispatcher.py", line 283, in _listen_update
    return await self.propagate_event(update_type=update_type, event=event, **kwargs)
           ^^^^^^^^^^^^^^^^^^^^^^^^^^^^^^^^^^^^^^^^^^^^^^^^^^^^^^^^^^^^^^^^^^^^^^^^^^
  File "/media/icarus112/SharedUbuntuWin/python/projects/VisitAI/.venv/lib/python3.12/site-packages/aiogram/dispatcher/router.py", line 163, in propagate_event
    return await observer.wrap_outer_middleware(_wrapped, event=event, data=kwargs)
           ^^^^^^^^^^^^^^^^^^^^^^^^^^^^^^^^^^^^^^^^^^^^^^^^^^^^^^^^^^^^^^^^^^^^^^^^
  File "/media/icarus112/SharedUbuntuWin/python/projects/VisitAI/app/core/middlewares.py", line 54, in __call__
    result = await handler(event, data)
             ^^^^^^^^^^^^^^^^^^^^^^^^^^
  File "/media/icarus112/SharedUbuntuWin/python/projects/VisitAI/.venv/lib/python3.12/site-packages/aiogram/dispatcher/router.py", line 155, in _wrapped
    return await self._propagate_event(
           ^^^^^^^^^^^^^^^^^^^^^^^^^^^^
  File "/media/icarus112/SharedUbuntuWin/python/projects/VisitAI/.venv/lib/python3.12/site-packages/aiogram/dispatcher/router.py", line 191, in _propagate_event
    response = await router.propagate_event(update_type=update_type, event=event, **kwargs)
               ^^^^^^^^^^^^^^^^^^^^^^^^^^^^^^^^^^^^^^^^^^^^^^^^^^^^^^^^^^^^^^^^^^^^^^^^^^^^
  File "/media/icarus112/SharedUbuntuWin/python/projects/VisitAI/.venv/lib/python3.12/site-packages/aiogram/dispatcher/router.py", line 163, in propagate_event
    return await observer.wrap_outer_middleware(_wrapped, event=event, data=kwargs)
           ^^^^^^^^^^^^^^^^^^^^^^^^^^^^^^^^^^^^^^^^^^^^^^^^^^^^^^^^^^^^^^^^^^^^^^^^
  File "/media/icarus112/SharedUbuntuWin/python/projects/VisitAI/.venv/lib/python3.12/site-packages/aiogram/dispatcher/router.py", line 155, in _wrapped
    return await self._propagate_event(
           ^^^^^^^^^^^^^^^^^^^^^^^^^^^^
  File "/media/icarus112/SharedUbuntuWin/python/projects/VisitAI/.venv/lib/python3.12/site-packages/aiogram/dispatcher/router.py", line 191, in _propagate_event
    response = await router.propagate_event(update_type=update_type, event=event, **kwargs)
               ^^^^^^^^^^^^^^^^^^^^^^^^^^^^^^^^^^^^^^^^^^^^^^^^^^^^^^^^^^^^^^^^^^^^^^^^^^^^
  File "/media/icarus112/SharedUbuntuWin/python/projects/VisitAI/.venv/lib/python3.12/site-packages/aiogram/dispatcher/router.py", line 163, in propagate_event
    return await observer.wrap_outer_middleware(_wrapped, event=event, data=kwargs)
           ^^^^^^^^^^^^^^^^^^^^^^^^^^^^^^^^^^^^^^^^^^^^^^^^^^^^^^^^^^^^^^^^^^^^^^^^
  File "/media/icarus112/SharedUbuntuWin/python/projects/VisitAI/.venv/lib/python3.12/site-packages/aiogram/dispatcher/router.py", line 155, in _wrapped
    return await self._propagate_event(
           ^^^^^^^^^^^^^^^^^^^^^^^^^^^^
  File "/media/icarus112/SharedUbuntuWin/python/projects/VisitAI/.venv/lib/python3.12/site-packages/aiogram/dispatcher/router.py", line 183, in _propagate_event
    response = await observer.trigger(event, **kwargs)
               ^^^^^^^^^^^^^^^^^^^^^^^^^^^^^^^^^^^^^^^
  File "/media/icarus112/SharedUbuntuWin/python/projects/VisitAI/.venv/lib/python3.12/site-packages/aiogram/dispatcher/event/telegram.py", line 126, in trigger
    return await wrapped_inner(event, kwargs)
           ^^^^^^^^^^^^^^^^^^^^^^^^^^^^^^^^^^
  File "/media/icarus112/SharedUbuntuWin/python/projects/VisitAI/.venv/lib/python3.12/site-packages/aiogram/dispatcher/event/handler.py", line 71, in call
    return await wrapped()
           ^^^^^^^^^^^^^^^
  File "/media/icarus112/SharedUbuntuWin/python/projects/VisitAI/app/handlers/record.py", line 410, in remove_bk
    bk, page, total = await bk_sv.page_data(page=0)
                      ^^^^^^^^^^^^^^^^^^^^^^^^^^^^^
  File "/media/icarus112/SharedUbuntuWin/python/projects/VisitAI/app/service/booking.py", line 92, in page_data
    total = await self.bk_rp.count_bk()
            ^^^^^^^^^^^^^^^^^^^^^^^^^^^
  File "/media/icarus112/SharedUbuntuWin/python/projects/VisitAI/app/repository/booking.py", line 44, in count_bk
    .where(Booking.status.in_([BookStatus.PENDING.value, BookStatus.UNPAID.value,
     ^^^^^
  File "/media/icarus112/SharedUbuntuWin/python/projects/VisitAI/.venv/lib/python3.12/site-packages/sqlalchemy/sql/elements.py", line 1520, in __getattr__
    raise AttributeError(
AttributeError: Neither 'count' object nor 'Comparator' object has an attribute 'where'
2026-06-17 16:51:03,297 | ERROR | app.handlers.record | Ошибка при удалени записей : user_tg_id=6480514308 data='remove:2'
Traceback (most recent call last):
  File "/media/icarus112/SharedUbuntuWin/python/projects/VisitAI/app/handlers/record.py", line 505, in ask_to_remove
    reply_markup=await kb.confirm_remove_bk
                 ^^^^^^^^^^^^^^^^^^^^^^^^^^
TypeError: object InlineKeyboardMarkup can't be used in 'await' expression
2026-06-17 16:51:03,426 | ERROR | aiogram.event | Cause exception while process update id=78299024 by bot id=8635000285
TypeError: object InlineKeyboardMarkup can't be used in 'await' expression
Traceback (most recent call last):
  File "/media/icarus112/SharedUbuntuWin/python/projects/VisitAI/.venv/lib/python3.12/site-packages/aiogram/dispatcher/dispatcher.py", line 320, in _process_update
    response = await self.feed_update(bot, update, **kwargs)
               ^^^^^^^^^^^^^^^^^^^^^^^^^^^^^^^^^^^^^^^^^^^^^
  File "/media/icarus112/SharedUbuntuWin/python/projects/VisitAI/.venv/lib/python3.12/site-packages/aiogram/dispatcher/dispatcher.py", line 164, in feed_update
    response = await self.update.wrap_outer_middleware(
               ^^^^^^^^^^^^^^^^^^^^^^^^^^^^^^^^^^^^^^^^
  File "/media/icarus112/SharedUbuntuWin/python/projects/VisitAI/.venv/lib/python3.12/site-packages/aiogram/dispatcher/middlewares/error.py", line 27, in __call__
    return await handler(event, data)
           ^^^^^^^^^^^^^^^^^^^^^^^^^^
  File "/media/icarus112/SharedUbuntuWin/python/projects/VisitAI/.venv/lib/python3.12/site-packages/aiogram/dispatcher/middlewares/user_context.py", line 58, in __call__
    return await handler(event, data)
           ^^^^^^^^^^^^^^^^^^^^^^^^^^
  File "/media/icarus112/SharedUbuntuWin/python/projects/VisitAI/.venv/lib/python3.12/site-packages/aiogram/fsm/middleware.py", line 43, in __call__
    return await handler(event, data)
           ^^^^^^^^^^^^^^^^^^^^^^^^^^
  File "/media/icarus112/SharedUbuntuWin/python/projects/VisitAI/.venv/lib/python3.12/site-packages/aiogram/dispatcher/event/telegram.py", line 126, in trigger
    return await wrapped_inner(event, kwargs)
           ^^^^^^^^^^^^^^^^^^^^^^^^^^^^^^^^^^
  File "/media/icarus112/SharedUbuntuWin/python/projects/VisitAI/.venv/lib/python3.12/site-packages/aiogram/dispatcher/event/handler.py", line 71, in call
    return await wrapped()
           ^^^^^^^^^^^^^^^
  File "/media/icarus112/SharedUbuntuWin/python/projects/VisitAI/.venv/lib/python3.12/site-packages/aiogram/dispatcher/dispatcher.py", line 283, in _listen_update
    return await self.propagate_event(update_type=update_type, event=event, **kwargs)
           ^^^^^^^^^^^^^^^^^^^^^^^^^^^^^^^^^^^^^^^^^^^^^^^^^^^^^^^^^^^^^^^^^^^^^^^^^^
  File "/media/icarus112/SharedUbuntuWin/python/projects/VisitAI/.venv/lib/python3.12/site-packages/aiogram/dispatcher/router.py", line 163, in propagate_event
    return await observer.wrap_outer_middleware(_wrapped, event=event, data=kwargs)
           ^^^^^^^^^^^^^^^^^^^^^^^^^^^^^^^^^^^^^^^^^^^^^^^^^^^^^^^^^^^^^^^^^^^^^^^^
  File "/media/icarus112/SharedUbuntuWin/python/projects/VisitAI/app/core/middlewares.py", line 54, in __call__
    result = await handler(event, data)
             ^^^^^^^^^^^^^^^^^^^^^^^^^^
  File "/media/icarus112/SharedUbuntuWin/python/projects/VisitAI/.venv/lib/python3.12/site-packages/aiogram/dispatcher/router.py", line 155, in _wrapped
    return await self._propagate_event(
           ^^^^^^^^^^^^^^^^^^^^^^^^^^^^
  File "/media/icarus112/SharedUbuntuWin/python/projects/VisitAI/.venv/lib/python3.12/site-packages/aiogram/dispatcher/router.py", line 191, in _propagate_event
    response = await router.propagate_event(update_type=update_type, event=event, **kwargs)
               ^^^^^^^^^^^^^^^^^^^^^^^^^^^^^^^^^^^^^^^^^^^^^^^^^^^^^^^^^^^^^^^^^^^^^^^^^^^^
  File "/media/icarus112/SharedUbuntuWin/python/projects/VisitAI/.venv/lib/python3.12/site-packages/aiogram/dispatcher/router.py", line 163, in propagate_event
    return await observer.wrap_outer_middleware(_wrapped, event=event, data=kwargs)
           ^^^^^^^^^^^^^^^^^^^^^^^^^^^^^^^^^^^^^^^^^^^^^^^^^^^^^^^^^^^^^^^^^^^^^^^^
  File "/media/icarus112/SharedUbuntuWin/python/projects/VisitAI/.venv/lib/python3.12/site-packages/aiogram/dispatcher/router.py", line 155, in _wrapped
    return await self._propagate_event(
           ^^^^^^^^^^^^^^^^^^^^^^^^^^^^
  File "/media/icarus112/SharedUbuntuWin/python/projects/VisitAI/.venv/lib/python3.12/site-packages/aiogram/dispatcher/router.py", line 191, in _propagate_event
    response = await router.propagate_event(update_type=update_type, event=event, **kwargs)
               ^^^^^^^^^^^^^^^^^^^^^^^^^^^^^^^^^^^^^^^^^^^^^^^^^^^^^^^^^^^^^^^^^^^^^^^^^^^^
  File "/media/icarus112/SharedUbuntuWin/python/projects/VisitAI/.venv/lib/python3.12/site-packages/aiogram/dispatcher/router.py", line 163, in propagate_event
    return await observer.wrap_outer_middleware(_wrapped, event=event, data=kwargs)
           ^^^^^^^^^^^^^^^^^^^^^^^^^^^^^^^^^^^^^^^^^^^^^^^^^^^^^^^^^^^^^^^^^^^^^^^^
  File "/media/icarus112/SharedUbuntuWin/python/projects/VisitAI/.venv/lib/python3.12/site-packages/aiogram/dispatcher/router.py", line 155, in _wrapped
    return await self._propagate_event(
           ^^^^^^^^^^^^^^^^^^^^^^^^^^^^
  File "/media/icarus112/SharedUbuntuWin/python/projects/VisitAI/.venv/lib/python3.12/site-packages/aiogram/dispatcher/router.py", line 183, in _propagate_event
    response = await observer.trigger(event, **kwargs)
               ^^^^^^^^^^^^^^^^^^^^^^^^^^^^^^^^^^^^^^^
  File "/media/icarus112/SharedUbuntuWin/python/projects/VisitAI/.venv/lib/python3.12/site-packages/aiogram/dispatcher/event/telegram.py", line 126, in trigger
    return await wrapped_inner(event, kwargs)
           ^^^^^^^^^^^^^^^^^^^^^^^^^^^^^^^^^^
  File "/media/icarus112/SharedUbuntuWin/python/projects/VisitAI/.venv/lib/python3.12/site-packages/aiogram/dispatcher/event/handler.py", line 71, in call
    return await wrapped()
           ^^^^^^^^^^^^^^^
  File "/media/icarus112/SharedUbuntuWin/python/projects/VisitAI/app/handlers/record.py", line 505, in ask_to_remove
    reply_markup=await kb.confirm_remove_bk
                 ^^^^^^^^^^^^^^^^^^^^^^^^^^
TypeError: object InlineKeyboardMarkup can't be used in 'await' expression
2026-06-17 16:55:25,019 | ERROR | aiogram.dispatcher | Failed to fetch updates - TelegramNetworkError: HTTP Client says - Request timeout error
2026-06-19 01:27:44,943 | ERROR | aiogram.event | Cause exception while process update id=78299029 by bot id=8635000285
InvalidRequestError: One or more mappers failed to initialize - can't proceed with initialization of other mappers. Triggering mapper: 'Mapper[User(users)]'. Original exception was: Mapper 'Mapper[Booking(bookings)]' has no property 'users'.  If this property was indicated from other mappers or configure events, ensure registry.configure() has been called.
Traceback (most recent call last):
  File "/media/icarus112/SharedUbuntuWin/python/projects/VisitAI/.venv/lib/python3.12/site-packages/aiogram/dispatcher/dispatcher.py", line 320, in _process_update
    response = await self.feed_update(bot, update, **kwargs)
               ^^^^^^^^^^^^^^^^^^^^^^^^^^^^^^^^^^^^^^^^^^^^^
  File "/media/icarus112/SharedUbuntuWin/python/projects/VisitAI/.venv/lib/python3.12/site-packages/aiogram/dispatcher/dispatcher.py", line 164, in feed_update
    response = await self.update.wrap_outer_middleware(
               ^^^^^^^^^^^^^^^^^^^^^^^^^^^^^^^^^^^^^^^^
  File "/media/icarus112/SharedUbuntuWin/python/projects/VisitAI/.venv/lib/python3.12/site-packages/aiogram/dispatcher/middlewares/error.py", line 27, in __call__
    return await handler(event, data)
           ^^^^^^^^^^^^^^^^^^^^^^^^^^
  File "/media/icarus112/SharedUbuntuWin/python/projects/VisitAI/.venv/lib/python3.12/site-packages/aiogram/dispatcher/middlewares/user_context.py", line 58, in __call__
    return await handler(event, data)
           ^^^^^^^^^^^^^^^^^^^^^^^^^^
  File "/media/icarus112/SharedUbuntuWin/python/projects/VisitAI/.venv/lib/python3.12/site-packages/aiogram/fsm/middleware.py", line 43, in __call__
    return await handler(event, data)
           ^^^^^^^^^^^^^^^^^^^^^^^^^^
  File "/media/icarus112/SharedUbuntuWin/python/projects/VisitAI/.venv/lib/python3.12/site-packages/aiogram/dispatcher/event/telegram.py", line 126, in trigger
    return await wrapped_inner(event, kwargs)
           ^^^^^^^^^^^^^^^^^^^^^^^^^^^^^^^^^^
  File "/media/icarus112/SharedUbuntuWin/python/projects/VisitAI/.venv/lib/python3.12/site-packages/aiogram/dispatcher/event/handler.py", line 71, in call
    return await wrapped()
           ^^^^^^^^^^^^^^^
  File "/media/icarus112/SharedUbuntuWin/python/projects/VisitAI/.venv/lib/python3.12/site-packages/aiogram/dispatcher/dispatcher.py", line 283, in _listen_update
    return await self.propagate_event(update_type=update_type, event=event, **kwargs)
           ^^^^^^^^^^^^^^^^^^^^^^^^^^^^^^^^^^^^^^^^^^^^^^^^^^^^^^^^^^^^^^^^^^^^^^^^^^
  File "/media/icarus112/SharedUbuntuWin/python/projects/VisitAI/.venv/lib/python3.12/site-packages/aiogram/dispatcher/router.py", line 163, in propagate_event
    return await observer.wrap_outer_middleware(_wrapped, event=event, data=kwargs)
           ^^^^^^^^^^^^^^^^^^^^^^^^^^^^^^^^^^^^^^^^^^^^^^^^^^^^^^^^^^^^^^^^^^^^^^^^
  File "/media/icarus112/SharedUbuntuWin/python/projects/VisitAI/app/core/middlewares.py", line 54, in __call__
    result = await handler(event, data)
             ^^^^^^^^^^^^^^^^^^^^^^^^^^
  File "/media/icarus112/SharedUbuntuWin/python/projects/VisitAI/.venv/lib/python3.12/site-packages/aiogram/dispatcher/router.py", line 155, in _wrapped
    return await self._propagate_event(
           ^^^^^^^^^^^^^^^^^^^^^^^^^^^^
  File "/media/icarus112/SharedUbuntuWin/python/projects/VisitAI/.venv/lib/python3.12/site-packages/aiogram/dispatcher/router.py", line 191, in _propagate_event
    response = await router.propagate_event(update_type=update_type, event=event, **kwargs)
               ^^^^^^^^^^^^^^^^^^^^^^^^^^^^^^^^^^^^^^^^^^^^^^^^^^^^^^^^^^^^^^^^^^^^^^^^^^^^
  File "/media/icarus112/SharedUbuntuWin/python/projects/VisitAI/.venv/lib/python3.12/site-packages/aiogram/dispatcher/router.py", line 163, in propagate_event
    return await observer.wrap_outer_middleware(_wrapped, event=event, data=kwargs)
           ^^^^^^^^^^^^^^^^^^^^^^^^^^^^^^^^^^^^^^^^^^^^^^^^^^^^^^^^^^^^^^^^^^^^^^^^
  File "/media/icarus112/SharedUbuntuWin/python/projects/VisitAI/.venv/lib/python3.12/site-packages/aiogram/dispatcher/router.py", line 155, in _wrapped
    return await self._propagate_event(
           ^^^^^^^^^^^^^^^^^^^^^^^^^^^^
  File "/media/icarus112/SharedUbuntuWin/python/projects/VisitAI/.venv/lib/python3.12/site-packages/aiogram/dispatcher/router.py", line 191, in _propagate_event
    response = await router.propagate_event(update_type=update_type, event=event, **kwargs)
               ^^^^^^^^^^^^^^^^^^^^^^^^^^^^^^^^^^^^^^^^^^^^^^^^^^^^^^^^^^^^^^^^^^^^^^^^^^^^
  File "/media/icarus112/SharedUbuntuWin/python/projects/VisitAI/.venv/lib/python3.12/site-packages/aiogram/dispatcher/router.py", line 163, in propagate_event
    return await observer.wrap_outer_middleware(_wrapped, event=event, data=kwargs)
           ^^^^^^^^^^^^^^^^^^^^^^^^^^^^^^^^^^^^^^^^^^^^^^^^^^^^^^^^^^^^^^^^^^^^^^^^
  File "/media/icarus112/SharedUbuntuWin/python/projects/VisitAI/.venv/lib/python3.12/site-packages/aiogram/dispatcher/router.py", line 155, in _wrapped
    return await self._propagate_event(
           ^^^^^^^^^^^^^^^^^^^^^^^^^^^^
  File "/media/icarus112/SharedUbuntuWin/python/projects/VisitAI/.venv/lib/python3.12/site-packages/aiogram/dispatcher/router.py", line 183, in _propagate_event
    response = await observer.trigger(event, **kwargs)
               ^^^^^^^^^^^^^^^^^^^^^^^^^^^^^^^^^^^^^^^
  File "/media/icarus112/SharedUbuntuWin/python/projects/VisitAI/.venv/lib/python3.12/site-packages/aiogram/dispatcher/event/telegram.py", line 126, in trigger
    return await wrapped_inner(event, kwargs)
           ^^^^^^^^^^^^^^^^^^^^^^^^^^^^^^^^^^
  File "/media/icarus112/SharedUbuntuWin/python/projects/VisitAI/.venv/lib/python3.12/site-packages/aiogram/dispatcher/event/handler.py", line 71, in call
    return await wrapped()
           ^^^^^^^^^^^^^^^
  File "/media/icarus112/SharedUbuntuWin/python/projects/VisitAI/app/handlers/dev.py", line 39, in change_role
    role = await ad_sv.change_role(
           ^^^^^^^^^^^^^^^^^^^^^^^^
  File "/media/icarus112/SharedUbuntuWin/python/projects/VisitAI/app/service/admin.py", line 51, in change_role
    await self.ad_rp.change_role(tg_id=tg_id,
  File "/media/icarus112/SharedUbuntuWin/python/projects/VisitAI/app/repository/admin.py", line 54, in change_role
    admin = await self.get_ad_by_tg_id(tg_id)
            ^^^^^^^^^^^^^^^^^^^^^^^^^^^^^^^^^
  File "/media/icarus112/SharedUbuntuWin/python/projects/VisitAI/app/repository/admin.py", line 27, in get_ad_by_tg_id
    result = await self.session.execute(stmt)
             ^^^^^^^^^^^^^^^^^^^^^^^^^^^^^^^^
  File "/media/icarus112/SharedUbuntuWin/python/projects/VisitAI/.venv/lib/python3.12/site-packages/sqlalchemy/ext/asyncio/session.py", line 449, in execute
    result = await greenlet_spawn(
             ^^^^^^^^^^^^^^^^^^^^^
  File "/media/icarus112/SharedUbuntuWin/python/projects/VisitAI/.venv/lib/python3.12/site-packages/sqlalchemy/util/_concurrency_py3k.py", line 190, in greenlet_spawn
    result = context.switch(*args, **kwargs)
             ^^^^^^^^^^^^^^^^^^^^^^^^^^^^^^^
  File "/media/icarus112/SharedUbuntuWin/python/projects/VisitAI/.venv/lib/python3.12/site-packages/sqlalchemy/orm/session.py", line 2351, in execute
    return self._execute_internal(
           ^^^^^^^^^^^^^^^^^^^^^^^
  File "/media/icarus112/SharedUbuntuWin/python/projects/VisitAI/.venv/lib/python3.12/site-packages/sqlalchemy/orm/session.py", line 2249, in _execute_internal
    result: Result[Any] = compile_state_cls.orm_execute_statement(
                          ^^^^^^^^^^^^^^^^^^^^^^^^^^^^^^^^^^^^^^^^
  File "/media/icarus112/SharedUbuntuWin/python/projects/VisitAI/.venv/lib/python3.12/site-packages/sqlalchemy/orm/context.py", line 306, in orm_execute_statement
    result = conn.execute(
             ^^^^^^^^^^^^^
  File "/media/icarus112/SharedUbuntuWin/python/projects/VisitAI/.venv/lib/python3.12/site-packages/sqlalchemy/engine/base.py", line 1419, in execute
    return meth(
           ^^^^^
  File "/media/icarus112/SharedUbuntuWin/python/projects/VisitAI/.venv/lib/python3.12/site-packages/sqlalchemy/sql/elements.py", line 527, in _execute_on_connection
    return connection._execute_clauseelement(
           ^^^^^^^^^^^^^^^^^^^^^^^^^^^^^^^^^^
  File "/media/icarus112/SharedUbuntuWin/python/projects/VisitAI/.venv/lib/python3.12/site-packages/sqlalchemy/engine/base.py", line 1633, in _execute_clauseelement
    compiled_sql, extracted_params, cache_hit = elem._compile_w_cache(
                                                ^^^^^^^^^^^^^^^^^^^^^^
  File "/media/icarus112/SharedUbuntuWin/python/projects/VisitAI/.venv/lib/python3.12/site-packages/sqlalchemy/sql/elements.py", line 716, in _compile_w_cache
    compiled_sql = self._compiler(
                   ^^^^^^^^^^^^^^^
  File "/media/icarus112/SharedUbuntuWin/python/projects/VisitAI/.venv/lib/python3.12/site-packages/sqlalchemy/sql/elements.py", line 324, in _compiler
    return dialect.statement_compiler(dialect, self, **kw)
           ^^^^^^^^^^^^^^^^^^^^^^^^^^^^^^^^^^^^^^^^^^^^^^^
  File "/media/icarus112/SharedUbuntuWin/python/projects/VisitAI/.venv/lib/python3.12/site-packages/sqlalchemy/sql/compiler.py", line 1461, in __init__
    Compiled.__init__(self, dialect, statement, **kwargs)
  File "/media/icarus112/SharedUbuntuWin/python/projects/VisitAI/.venv/lib/python3.12/site-packages/sqlalchemy/sql/compiler.py", line 901, in __init__
    self.string = self.process(self.statement, **compile_kwargs)
                  ^^^^^^^^^^^^^^^^^^^^^^^^^^^^^^^^^^^^^^^^^^^^^^
  File "/media/icarus112/SharedUbuntuWin/python/projects/VisitAI/.venv/lib/python3.12/site-packages/sqlalchemy/sql/compiler.py", line 947, in process
    return obj._compiler_dispatch(self, **kwargs)
           ^^^^^^^^^^^^^^^^^^^^^^^^^^^^^^^^^^^^^^
  File "/media/icarus112/SharedUbuntuWin/python/projects/VisitAI/.venv/lib/python3.12/site-packages/sqlalchemy/sql/visitors.py", line 138, in _compiler_dispatch
    return meth(self, **kw)  # type: ignore  # noqa: E501
           ^^^^^^^^^^^^^^^^
  File "/media/icarus112/SharedUbuntuWin/python/projects/VisitAI/.venv/lib/python3.12/site-packages/sqlalchemy/sql/compiler.py", line 4809, in visit_select
    compile_state = select_stmt._compile_state_factory(
                    ^^^^^^^^^^^^^^^^^^^^^^^^^^^^^^^^^^^
  File "/media/icarus112/SharedUbuntuWin/python/projects/VisitAI/.venv/lib/python3.12/site-packages/sqlalchemy/sql/base.py", line 775, in create_for_statement
    return klass.create_for_statement(statement, compiler, **kw)
           ^^^^^^^^^^^^^^^^^^^^^^^^^^^^^^^^^^^^^^^^^^^^^^^^^^^^^
  File "/media/icarus112/SharedUbuntuWin/python/projects/VisitAI/.venv/lib/python3.12/site-packages/sqlalchemy/orm/context.py", line 447, in create_for_statement
    return cls._create_orm_context(
           ^^^^^^^^^^^^^^^^^^^^^^^^
  File "/media/icarus112/SharedUbuntuWin/python/projects/VisitAI/.venv/lib/python3.12/site-packages/sqlalchemy/orm/context.py", line 1175, in _create_orm_context
    _QueryEntity.to_compile_state(
  File "/media/icarus112/SharedUbuntuWin/python/projects/VisitAI/.venv/lib/python3.12/site-packages/sqlalchemy/orm/context.py", line 2628, in to_compile_state
    _MapperEntity(
  File "/media/icarus112/SharedUbuntuWin/python/projects/VisitAI/.venv/lib/python3.12/site-packages/sqlalchemy/orm/context.py", line 2708, in __init__
    entity._post_inspect
  File "/media/icarus112/SharedUbuntuWin/python/projects/VisitAI/.venv/lib/python3.12/site-packages/sqlalchemy/util/langhelpers.py", line 1235, in __get__
    obj.__dict__[self.__name__] = result = self.fget(obj)
                                           ^^^^^^^^^^^^^^
  File "/media/icarus112/SharedUbuntuWin/python/projects/VisitAI/.venv/lib/python3.12/site-packages/sqlalchemy/orm/mapper.py", line 2733, in _post_inspect
    self._check_configure()
  File "/media/icarus112/SharedUbuntuWin/python/projects/VisitAI/.venv/lib/python3.12/site-packages/sqlalchemy/orm/mapper.py", line 2410, in _check_configure
    _configure_registries({self.registry}, cascade=True)
  File "/media/icarus112/SharedUbuntuWin/python/projects/VisitAI/.venv/lib/python3.12/site-packages/sqlalchemy/orm/mapper.py", line 4227, in _configure_registries
    _do_configure_registries(registries, cascade)
  File "/media/icarus112/SharedUbuntuWin/python/projects/VisitAI/.venv/lib/python3.12/site-packages/sqlalchemy/orm/mapper.py", line 4264, in _do_configure_registries
    raise e
sqlalchemy.exc.InvalidRequestError: One or more mappers failed to initialize - can't proceed with initialization of other mappers. Triggering mapper: 'Mapper[User(users)]'. Original exception was: Mapper 'Mapper[Booking(bookings)]' has no property 'users'.  If this property was indicated from other mappers or configure events, ensure registry.configure() has been called.
